convergence_time,converged,slope,intercept,final_disagreement,topic1_disagreement,topic2_disagreement,topic3_disagreement,final_distance,iterations_recorded,n,network_type,logic_type,repeat,seed
19,True,-1.144506425548732,-0.11456685576131946,3.320348349613542e-10,3.542527382549565e-11,3.290458391869145e-10,2.6851765602686816e-11,1.0075680028970128e-09,19,2,cycle_baseline,independent,0,89250953
14,True,-1.8424056328540548,0.47911499468419094,6.1808224342295905e-12,4.3603176624884554e-12,4.376055073862517e-12,2.0084281463160914e-13,6.398561843592592e-11,14,2,cycle_baseline,independent,1,773956048
14,True,-2.5466019283183776,-2.2780180576333535,5.551115123125783e-17,0.0,7.850462293418876e-17,0.0,5.887846720064156e-17,14,2,cycle_baseline,independent,2,654571518
14,True,-2.109335077693655,0.4965863133851868,1.5388350528414688e-13,9.27052845518183e-15,1.0738632205686827e-13,1.0982881621819236e-13,2.0189291929048503e-12,14,2,cycle_baseline,independent,3,438878439
14,True,-2.0705605621495966,0.19152641600476764,1.9463427982185722e-13,1.1529667447062245e-13,1.5028256481159235e-13,4.476975207172083e-14,2.464501221217898e-12,14,2,cycle_baseline,independent,4,433015235
14,True,-2.528387775409729,-0.14832275215966093,1.1013742099077092e-16,3.925231146709438e-17,8.777083671441753e-17,5.551115123125783e-17,2.485635383879593e-15,14,2,cycle_baseline,independent,5,858597919
15,True,-1.7858788612860144,0.18984296241520232,2.3523208490529544e-12,9.657344368890246e-13,2.1388030236219642e-12,1.621480822485838e-13,1.6737915890498048e-11,15,2,cycle_baseline,independent,6,201469535
14,True,-2.4374147221808675,-0.8877768345473653,2.420741678874253e-16,1.6653345369377348e-16,3.8321294114307615e-17,1.7554167342883506e-16,4.418021593470969e-15,14,2,cycle_baseline,independent,7,94177347
14,True,-2.551179368800821,-0.1798631731954879,7.647214312758824e-17,6.6010730182116e-17,0.0,3.925231146709438e-17,1.625079471285139e-15,14,2,cycle_baseline,independent,8,526478978
15,True,-1.540173119883568,-0.9253538504755437,2.1194206271883092e-11,1.5668411013179475e-11,9.707547266038212e-12,1.0462256061494202e-11,1.712450600352942e-10,15,2,cycle_baseline,independent,9,975622351
14,True,-2.356487381265887,-5.7789007375484065,2.7755575615628914e-17,0.0,0.0,3.925231146709438e-17,0.0,14,2,cycle_baseline,independent,10,735752370
14,True,-2.5302331798936826,-0.575306214120185,1.013156652982762e-16,0.0,8.777083671441753e-17,5.551115123125783e-17,1.26219223971514e-15,14,2,cycle_baseline,independent,11,761139701
19,True,-1.164704308519649,-0.6640978660056945,1.295855453930454e-10,2.896677342439692e-11,7.078254649127719e-12,1.2610804067670095e-10,4.0429372772424217e-10,19,2,cycle_baseline,independent,12,717477276
18,True,-1.3206103435935983,0.6068520962453099,4.8558579868488505e-11,1.928326942570501e-11,4.006643627985085e-11,1.951337702533134e-11,3.2616406892301604e-10,18,2,cycle_baseline,independent,13,786064305
15,True,-1.7296078631833596,-0.2529775331472153,3.4943468791953544e-12,2.941605292716127e-12,1.1081691120296e-12,1.5262305308461066e-12,2.3637297467314545e-11,15,2,cycle_baseline,independent,14,513226573
14,True,-2.5130715208105907,-0.4268595221271173,1.1857187100668868e-16,1.1102230246251565e-16,4.163336342344337e-17,0.0,2.240693368585511e-15,14,2,cycle_baseline,independent,15,128113632
18,True,-1.302621519703146,-0.14795477693359482,3.0253956907037167e-11,1.4852563623435344e-12,2.8014750241833752e-11,1.1325620996602458e-11,2.081673798739729e-10,18,2,cycle_baseline,independent,16,839748229
14,True,-2.3663242558521573,-5.8475495454395965,0.0,0.0,0.0,0.0,0.0,14,2,cycle_baseline,independent,17,450385937
19,True,-1.2236937152348608,0.618207488196827,8.027834862535977e-11,2.2812501887514713e-11,7.375398902720451e-11,2.2012544564908865e-11,5.040468175753058e-10,19,2,cycle_baseline,independent,18,500351915
14,True,-2.344466228885644,-1.7141355285519042,4.933543681193732e-16,3.6188843062238402e-16,2.220446049250313e-16,2.5133742693021536e-16,7.0558145306146115e-15,14,2,cycle_baseline,independent,19,370798024
14,True,-1.4494305860606491,-15.102051446908327,8.497516059715688e-17,1.962615573354719e-17,7.850462293418876e-17,3.925231146709438e-17,6.206335383118183e-17,14,2,cycle_baseline,independent,20,182549636
14,True,-2.5650354388394754,-2.952623145390766,0.0,0.0,0.0,0.0,0.0,14,2,cycle_baseline,independent,21,926764988
25,True,-0.7819153550674824,-0.6969701663506837,2.1030164249702138e-09,5.852010612206193e-10,2.0193362537668236e-09,4.998895741792353e-11,3.5265305527892745e-09,25,2,cycle_baseline,independent,22,781567455
14,True,-2.4288232326297967,0.31042094694794925,1.2911005054277386e-15,0.0,1.2906342661267445e-15,3.469446951953614e-17,2.2977238530036017e-14,14,2,cycle_baseline,independent,23,643865119
16,True,-1.48090320413562,-0.08071220013128903,4.264392362024568e-11,1.723212197934955e-11,3.7812974973405744e-11,9.577949544592457e-12,2.078122654291046e-10,16,2,cycle_baseline,independent,24,402414364
14,True,-2.247343946921098,0.05592224095312078,1.643408556499974e-14,9.270362255620057e-15,1.8043259068117885e-15,1.3449311109248185e-14,2.113864357087671e-13,14,2,cycle_baseline,independent,25,822761613
29,True,-0.7046843811652046,0.38845521620188894,9.269200481395976e-10,7.096073728672816e-12,8.723018973810781e-10,3.1340041672933694e-10,3.9770739927257905e-09,29,2,cycle_baseline,independent,26,545429118
16,True,-1.5242814943808733,0.294866453704699,1.9693866949084408e-11,1.7113088723874625e-11,3.1792762867103103e-12,9.213185769851862e-12,1.5782947335852976e-10,16,2,cycle_baseline,independent,27,443414198
15,True,-1.7071564519555527,-0.262907560151768,4.913551788242666e-12,3.2698010965503954e-12,3.6676078840876525e-12,6.661338147750939e-15,3.20525107480586e-11,15,2,cycle_baseline,independent,28,450459553
16,True,-1.508856342192257,0.03997207289208253,1.9539990572778196e-11,5.080602605289641e-12,2.816635813474022e-13,1.8865825568446393e-11,1.5415963034396408e-10,16,2,cycle_baseline,independent,29,227238721
34,True,-0.5122367730375094,-1.4109969536136509,2.8341665688035253e-13,1.6362605729516527e-13,1.6363299604194026e-13,1.6363299604194026e-13,1.1293622538810263e-08,34,2,cycle_baseline,cascade,0,92135914
34,True,-0.51087335476911,-1.1745015249800246,1.3401577416544657e-16,7.850462293418876e-17,7.850462293418876e-17,7.850462293418876e-17,1.4738570485306952e-08,34,2,cycle_baseline,cascade,1,554584786
31,True,-0.5115881997107494,-2.8795282192604863,9.813077866773595e-18,9.813077866773595e-18,0.0,9.813077866773595e-18,1.2227952401981122e-08,31,2,cycle_baseline,cascade,2,887889843
34,True,-0.5108598091053879,-1.1838967868059314,2.7755575615628914e-17,0.0,3.925231146709438e-17,0.0,1.4605097317913157e-08,34,2,cycle_baseline,cascade,3,63817255
35,True,-0.5109338681157877,-0.7042778724955929,8.732637862668348e-17,5.551115123125783e-17,3.925231146709438e-17,5.551115123125783e-17,1.4131802366815913e-08,35,2,cycle_baseline,cascade,4,858291293
33,True,-0.5157510850155922,-1.917118506150386,2.0809981703197776e-12,1.2014833572493444e-12,1.2014556019943283e-12,1.2014556019943283e-12,1.0553518306854351e-08,33,2,cycle_baseline,cascade,5,827631171
33,True,-0.5111800571740744,-1.861139771573615,1.3877787807814457e-17,0.0,0.0,1.962615573354719e-17,1.2282175259076693e-08,33,2,cycle_baseline,cascade,6,276759694
30,True,-0.514009219808023,-3.5554953615605407,9.813077866773595e-18,9.813077866773595e-18,9.813077866773595e-18,0.0,9.875903797014178e-09,30,2,cycle_baseline,cascade,7,165229079
30,True,-0.5161477295981411,-3.5665379492766145,7.356340640977073e-16,4.2414077674834486e-16,4.2500725161431774e-16,4.2500725161431774e-16,9.372163777985598e-09,30,2,cycle_baseline,cascade,8,700522966
34,True,-0.511135573827968,-0.7256949391174591,5.551115123125783e-17,0.0,0.0,7.850462293418876e-17,2.295443388087197e-08,34,2,cycle_baseline,cascade,9,354525967
35,True,-0.46301798103893965,-2.236673890598767,2.7876469743670644e-09,0.0,5.551115123125783e-17,2.787646974367064e-09,1.5548682561406116e-08,35,2,cycle_baseline,heterogeneous_cascade,0,67920001
33,True,-0.4751676086579366,-2.6790640520116242,2.7297299976187036e-09,7.850462293418876e-17,1.0880185641326534e-14,2.729729997597019e-09,1.8050006458707233e-08,33,2,cycle_baseline,heterogeneous_cascade,1,970698024
34,True,-0.4746808262538657,-2.342348262657902,1.3327303149966068e-09,0.0,1.5543122344752192e-15,1.3327303149957016e-09,1.5182953837817162e-08,34,2,cycle_baseline,heterogeneous_cascade,2,445687486
35,True,-0.47523145065697897,-2.048153395057681,1.7615491010314344e-09,0.0,0.0,1.7615491010314344e-09,1.2394326707904553e-08,35,2,cycle_baseline,heterogeneous_cascade,3,893121121
35,True,-0.42775672651423674,-3.5684085064558,6.785254580423842e-10,1.962615573354719e-17,5.691585162728684e-16,6.785254580421451e-10,1.3761780432619431e-08,35,2,cycle_baseline,heterogeneous_cascade,4,677919011
31,True,-0.5495115692867814,-1.918718344382914,2.937933091378773e-10,0.0,2.7339594207242473e-15,2.9379330912515686e-10,1.017772114912949e-08,31,2,cycle_baseline,heterogeneous_cascade,5,778383496
33,True,-0.5522391382349223,-0.40517506345874277,4.2486747453551743e-10,0.0,0.0,4.2486747453551743e-10,1.4104237931896524e-08,33,2,cycle_baseline,heterogeneous_cascade,6,759899441
33,True,-0.4807184980695081,-2.9335721180964924,6.450950745807808e-10,9.813077866773595e-18,3.9557781533026205e-16,6.450950745806594e-10,1.141872598507894e-08,33,2,cycle_baseline,heterogeneous_cascade,7,194638707
29,True,-0.5370025799973909,-3.3032574182976866,3.0924135512174185e-10,9.813077866773595e-18,1.5251688800788088e-14,3.092413547456374e-10,1.2182324439328832e-08,29,2,cycle_baseline,heterogeneous_cascade,8,363906031
39,True,-0.42587499298945736,-1.8741925437367188,1.8302132587244572e-09,1.962615573354719e-17,7.076311083754595e-17,1.8302132587244557e-09,1.440300399166728e-08,39,2,cycle_baseline,heterogeneous_cascade,9,466721003
19,True,-1.235235790952736,0.047220248279149966,6.675671863924491e-11,5.140958188667999e-11,4.254495367117754e-11,1.855071651846174e-12,2.3132950372329988e-10,19,2,random_strong,independent,0,497791541
14,True,-2.2229506382976334,0.2717517483431418,2.498194758475385e-14,1.1435297153639112e-14,1.4724339404046242e-14,1.6629059602642204e-14,3.6370420901127743e-13,14,2,random_strong,independent,1,43803765
25,True,-0.7710668127960334,-0.8767825808001728,2.324002882519454e-09,1.6276543446380742e-09,9.306504594741584e-10,1.3731789594295673e-09,3.822358516826437e-09,25,2,random_strong,independent,2,546569503
21,True,-1.053055818635557,0.5347504814405473,2.1490984216289372e-10,1.8853141270369633e-10,9.509726339729241e-11,3.998321118637702e-11,1.2176013087940638e-09,21,2,random_strong,independent,3,154289491
16,True,-1.3594233282566983,-0.7431396751550963,1.4234624819386646e-10,9.771106146416741e-11,4.259632924164207e-11,9.434275582975715e-11,6.628042849850282e-10,16,2,random_strong,independent,4,743375907
14,True,-1.7818386448679362,-0.08145833991530341,1.1338814783468809e-11,3.856359676035481e-12,9.73881392196921e-12,4.341971227006525e-12,8.027629503537093e-11,14,2,random_strong,independent,5,683048953
14,True,-2.3207193209804617,-6.330282093884187,0.0,0.0,0.0,0.0,0.0,14,2,random_strong,independent,6,922527839
28,True,-0.72283427715101,0.4553496495745661,1.2168936782735797e-09,4.714161283558838e-10,7.34405314339881e-10,8.480836588553586e-10,5.270267431440215e-09,28,2,random_strong,independent,7,744762155
14,True,-1.9771526464918319,-1.104686562731713,2.304342406164222e-13,2.2137847111025621e-13,5.781487066975878e-14,2.736699755701011e-14,2.268269258402052e-12,14,2,random_strong,independent,8,366642656
19,True,-1.2177615482236437,0.2543490885758855,6.052617612072914e-11,4.374973994192288e-11,3.161552269981348e-11,2.7383151302018405e-11,3.897740107516952e-10,19,2,random_strong,independent,9,967509732
14,True,-1.4740502445625225,-14.88997183747488,0.0,0.0,0.0,0.0,0.0,14,2,random_strong,independent,10,905535765
18,True,-1.1475841174164196,-0.9461838009106287,2.1094242892697347e-10,2.062926218737715e-10,2.730543569035107e-11,3.456118724547447e-11,1.307498694039724e-09,18,2,random_strong,independent,11,370459705
30,True,-0.6267021197702458,-0.35923002299636164,6.853617001394107e-09,2.437885601724865e-09,1.9303096898681815e-09,6.107592348536528e-09,8.932239141150307e-09,30,2,random_strong,independent,12,76343185
14,True,-2.1493754958725084,0.08622014619894112,5.812803716390292e-14,1.8929383964333824e-14,5.45744009953552e-14,6.494804694057166e-15,7.919638997029799e-13,14,2,random_strong,independent,13,469555811
15,True,-1.733710473775171,0.21094565529168208,3.767386314925242e-12,2.2734652702083302e-12,1.5941623021804599e-12,2.5462132404022276e-12,3.550074266800994e-11,15,2,random_strong,independent,14,795679975
14,True,-2.426740725550804,-1.6156656099239128,1.314522928702541e-16,7.076311083754595e-17,7.850462293418876e-17,7.850462293418876e-17,1.7199501139797033e-15,14,2,random_strong,independent,15,189471358
21,True,-1.002113728702814,-0.0688958812728724,3.4650697853470214e-10,1.1568063174040244e-10,3.2651098838543113e-10,8.697820241820864e-12,1.84426694910156e-09,21,2,random_strong,independent,16,462940571
14,True,-2.080539185848769,-1.0547071142155668,6.208653637048345e-14,3.674838211509268e-14,3.7692071686024065e-14,3.291811268013589e-14,6.167284329990566e-13,14,2,random_strong,independent,17,129921505
14,True,-1.9579385476492719,0.4516668596280566,1.4706122373259976e-12,6.640243910283061e-13,8.647804699015648e-13,9.868772465893016e-13,1.385639973317788e-11,14,2,random_strong,independent,18,686478210
14,True,-2.5056289994784047,-0.6831542549242199,8.326672684688674e-17,0.0,8.777083671441753e-17,0.0,1.7527816313752602e-15,14,2,random_strong,independent,19,330196333
14,True,-2.19741689362163,-7.711286727834686,5.878725253121983e-17,1.962615573354719e-17,0.0,5.551115123125783e-17,0.0,14,2,random_strong,independent,20,226909348
16,True,-1.5518528798891338,-0.0960652902694998,1.3165647916480449e-11,3.5713099144629723e-13,9.3219043595796e-12,9.290255197080862e-12,7.058699973620283e-11,16,2,random_strong,independent,21,564499893
23,True,-0.8551298783844448,-1.1265838896767988,9.989824717875247e-10,3.135180448588009e-10,9.876371942496576e-11,9.433547276671561e-10,2.18979530504088e-09,23,2,random_strong,independent,22,669813994
24,True,-0.8849978030409186,0.5468711706280195,5.125704034206529e-10,2.6019833510027163e-10,1.0788298032694861e-10,4.2823650875378766e-10,2.4972129596428493e-09,24,2,random_strong,independent,23,940306095
14,True,-2.1520047803505826,-0.3487997081532502,4.297839142897436e-14,5.440092820663267e-15,3.6359846431373785e-14,2.2260040859526068e-14,4.929963686183637e-13,14,2,random_strong,independent,24,437151918
14,True,-2.58978342282752,-2.4984346173059557,6.938893903907228e-18,0.0,9.813077866773595e-18,0.0,1.3877787807814457e-17,14,2,random_strong,independent,25,160688162
15,True,-1.6044024783707909,-0.4371936857375943,1.9439651946715887e-11,2.5372481899343514e-12,8.133091422569311e-12,1.7473272828660685e-11,1.1352226525061035e-10,15,2,random_strong,independent,26,629764301
33,True,-0.5612885369665748,-0.7208819598375389,6.48750718015413e-09,2.3646409622046782e-09,5.4867227705646116e-09,2.528259435141678e-09,7.699417756485002e-09,33,2,random_strong,independent,27,700265101
14,True,-2.11832206769992,-0.07307754553891065,9.755454786841193e-14,4.7684078907650473e-14,1.0880185641326534e-14,8.440817489407948e-14,1.0126953087748648e-12,14,2,random_strong,independent,28,97226634
14,True,-2.33851919553361,-0.3336197966215211,2.7657881257123113e-15,1.1379786002407855e-15,2.4147350785597155e-15,7.2377686124476805e-16,4.0685006634370415e-14,14,2,random_strong,independent,29,312366641
36,True,-0.5108552471675107,-0.20833683061197447,5.551115123125783e-17,0.0,7.850462293418876e-17,0.0,1.39479132165327e-08,36,2,random_strong,cascade,0,767843914
34,True,-0.5108288574785433,-1.3310336915398877,1.3877787807814457e-17,0.0,0.0,1.962615573354719e-17,1.2615341656214998e-08,34,2,random_strong,cascade,1,832259801
33,True,-0.5112420139273199,-1.7718238929024386,8.732637862668348e-17,5.551115123125783e-17,3.925231146709438e-17,5.551115123125783e-17,1.3413412960459837e-08,33,2,random_strong,cascade,2,435216667
36,True,-0.5108264074732486,-0.48904572259379153,3.925231146709438e-17,3.925231146709438e-17,0.0,3.925231146709438e-17,1.0541315717317087e-08,36,2,random_strong,cascade,3,804764357
35,True,-0.5108287796506229,-0.5076853602964267,7.850462293418876e-17,0.0,7.850462293418876e-17,7.850462293418876e-17,1.7243499291073176e-08,35,2,random_strong,cascade,4,841691868
32,True,-0.512516455344835,-2.6262650625498667,0.0,0.0,0.0,0.0,9.267047598790127e-09,32,2,random_strong,cascade,5,387478378
32,True,-0.5108261129737858,-2.3104722197332372,2.7755575615628914e-17,3.925231146709438e-17,0.0,0.0,1.316006700205739e-08,32,2,random_strong,cascade,6,898087625
36,True,-0.5108417178779054,-0.42944609250489874,0.0,0.0,0.0,0.0,1.1184613449958445e-08,36,2,random_strong,cascade,7,288328103
33,True,-0.5108772193365414,-2.0729148036524006,0.0,0.0,0.0,0.0,1.0002425443483775e-08,33,2,random_strong,cascade,8,239557784
35,True,-0.510887569699098,-0.8603605530311035,0.0,0.0,0.0,0.0,1.2102498215328328e-08,35,2,random_strong,cascade,9,682495503
33,True,-0.5222822673672289,-1.188965480922633,1.8047620178465509e-09,0.0,6.645795025406187e-13,1.804761895485285e-09,1.7740595356433486e-08,33,2,random_strong,heterogeneous_cascade,0,636761825
29,True,-0.5420721712574753,-3.437097926854047,9.850627468312383e-12,0.0,1.1277090714195068e-13,9.849981941240341e-12,1.5202687162307623e-08,29,2,random_strong,heterogeneous_cascade,1,139752483
38,True,-0.4707220316178255,-0.684671992555088,1.0793518798183682e-10,4.9065389333867974e-18,2.49626710604075e-14,1.0793518509522043e-10,1.3803832013817389e-08,38,2,random_strong,heterogeneous_cascade,2,832736746
42,True,-0.37770420551675554,-1.994735300953566,3.2664965178356135e-10,7.850462293418876e-17,2.7755575615628914e-15,3.2664965177176457e-10,2.593037568095634e-08,42,2,random_strong,heterogeneous_cascade,3,199908202
33,True,-0.5211225339877968,-1.7046257358651191,6.983530420612332e-10,0.0,8.326672684688674e-17,6.983530420612283e-10,1.0479667015420531e-08,33,2,random_strong,heterogeneous_cascade,4,7362269
31,True,-0.5109382466103946,-3.0626163754195708,5.805303460172842e-10,0.0,4.2675607830014327e-16,5.805303460171274e-10,1.0979470899474495e-08,31,2,random_strong,heterogeneous_cascade,5,796842586
34,True,-0.5128911905143237,-0.8256929527341336,1.8989182934821563e-08,1.029297386212491e-08,1.0292973917636061e-08,1.2194197207548996e-08,2.09532051816221e-08,34,2,random_strong,heterogeneous_cascade,6,786924377
23,True,-0.8202800870344573,-1.1258370502420927,2.2939578559703924e-10,0.0,3.4415803540355228e-12,2.2936996746381055e-10,6.5096258475704e-09,23,2,random_strong,heterogeneous_cascade,7,780364318
40,True,-0.43550644200488275,-0.49208482985671287,1.875200550394469e-10,1.1102230246251565e-16,0.0,1.8752005503942227e-10,2.5713397044969844e-08,40,2,random_strong,heterogeneous_cascade,8,664850856
31,True,-0.5624648870952208,-1.7344059560493705,6.099398222752963e-10,9.43689570931383e-16,4.135580766728708e-14,6.099398208725404e-10,8.430679848357819e-09,31,2,random_strong,heterogeneous_cascade,9,471567144
42,True,-0.35458649239455475,-3.2488106600494553,1.585538172976797e-09,9.813077866773595e-18,0.0,1.585538172976797e-09,1.8878267098372373e-08,42,2,random_strong,heterogeneous_cascade,10,705165378
44,True,-0.2838391225712405,-5.086763055895817,7.346885960712868e-09,0.0,3.925231146709438e-17,7.346885960712868e-09,3.27191799033792e-08,44,2,random_strong,heterogeneous_cascade,11,277121625
35,True,-0.5119473594886067,-1.0390973498299179,1.4182982787966008e-09,8.188175970591521e-10,8.188164035694001e-10,8.189306732742102e-10,1.174861698586047e-08,35,2,random_strong,heterogeneous_cascade,12,780729030
27,True,-0.6230804649605393,-2.9958037495990735,4.538704069002605e-10,0.0,8.142098225114622e-14,4.538703995971007e-10,6.029220883219608e-09,27,2,random_strong,heterogeneous_cascade,13,555646960
33,True,-0.5593507086591818,-0.8843836355891277,4.186941904300628e-10,1.962615573354719e-17,7.494005416219807e-16,4.186941904293917e-10,6.9289424044866634e-09,33,2,random_strong,heterogeneous_cascade,14,458915775
32,True,-0.5576747454403747,-0.848887093768012,7.90551069374858e-10,0.0,2.2593106746536496e-14,7.905510690520146e-10,1.338320539752803e-08,32,2,random_strong,heterogeneous_cascade,15,505606251
44,True,-0.3877650186336577,-0.9972947034361404,1.4519558888537218e-09,7.850462293418876e-17,7.850462293418876e-17,1.4519558888537176e-09,2.115919684018382e-08,44,2,random_strong,heterogeneous_cascade,16,568741195
36,True,-0.48636684569727007,-0.9647753931179928,1.0314533394062417e-09,0.0,3.925231146709438e-17,1.0314533394062413e-09,1.5420581379606122e-08,36,2,random_strong,heterogeneous_cascade,17,37262311
37,True,-0.46381259142651193,-0.7174046432043846,1.0100000835677838e-09,7.850462293418876e-17,1.1102230246251565e-16,1.0100000835677747e-09,2.735409123784446e-08,37,2,random_strong,heterogeneous_cascade,18,139796998
39,True,-0.43576356447161674,-1.6503794114930979,5.526931273948649e-10,3.2404708823387547e-15,3.247402347028583e-15,5.526931273758251e-10,1.3004908831628174e-08,39,2,random_strong,heterogeneous_cascade,19,245481166
21,True,-1.072059954474601,0.4230152313467558,1.3223323410016905e-10,3.754091482126239e-11,9.804222863250833e-11,8.039918730773365e-11,7.445730845628472e-10,21,2,small_world,independent,0,114530073
20,True,-1.0940487400095424,0.2563620981195806,2.0568717325200133e-10,1.972244589865113e-11,4.645048234942214e-11,1.994005793815054e-10,1.2124714492419629e-09,20,2,small_world,independent,1,439613574
14,True,-2.252002378861992,0.00446116492341863,1.2516775275383684e-14,5.2738515228306065e-15,1.1060605589090572e-14,2.55351295663786e-15,1.8849322078263644e-13,14,2,small_world,independent,2,668402961
14,True,-1.8444867732729624,-11.358745247767207,1.3877787807814457e-17,1.962615573354719e-17,0.0,0.0,0.0,14,2,small_world,independent,3,654428859
14,True,-1.8195451816693051,-0.748458508368545,3.1996489015430305e-12,7.515377209443841e-13,2.6902646778392415e-12,1.5605832598418394e-12,2.5227430895449747e-11,14,2,small_world,independent,4,471096205
18,True,-1.308046778340312,0.15438117657613906,3.86068076166269e-11,3.5621922078743194e-11,1.4737711051537872e-11,2.089051154285926e-12,2.568470595358001e-10,18,2,small_world,independent,5,855080007
14,True,-1.7497884129779115,-0.3320607475421599,1.3239346370109417e-11,1.1942391520136653e-11,5.702445460280317e-12,3.764211205922983e-13,9.47784508222013e-11,14,2,small_world,independent,6,565236106
14,True,-2.3956800721408986,-0.41250434934096736,8.968235159273352e-16,8.326672684688674e-16,4.9065389333867974e-18,3.3306690738754696e-16,1.6191578480176432e-14,14,2,small_world,independent,7,79197403
19,True,-1.1048343768447215,-0.812867286944794,3.575918152256648e-10,9.283390722815693e-11,1.9984042198847707e-11,3.447526795291589e-10,1.023606695373304e-09,19,2,small_world,independent,8,764998857
19,True,-1.1720772678862559,-0.7269157501634326,5.5270063922339765e-11,3.4248083535803886e-11,4.114607959904207e-11,1.3742229576507725e-11,3.324834951171266e-10,19,2,small_world,independent,9,574600623
24,True,-0.8917148854698626,0.7845594637905982,5.546531946861724e-10,4.33898639240482e-10,3.3863326032168686e-10,6.855400969119215e-11,2.7138599024380916e-09,24,2,small_world,independent,10,634718319
14,True,-2.1601247792769547,-2.129333899057031,6.108605860428449e-15,2.6645352591003757e-15,4.607759944585318e-15,2.9976021664879227e-15,6.939755383497004e-14,14,2,small_world,independent,11,565373325
15,True,-1.7699515741133418,-0.02937795777548439,2.293302081569664e-12,1.7053858327769517e-12,7.162326292990986e-13,1.3556933353697787e-12,1.680053876443441e-11,15,2,small_world,independent,12,553579400
23,True,-0.849593020116437,-0.7598193948375076,1.7100482281666574e-09,1.3830672718206927e-10,4.661533659078296e-10,1.6394624824389583e-09,3.569371867763532e-09,23,2,small_world,independent,13,90566425
33,True,-0.565348528820407,-0.6957265234718701,6.448815820839523e-09,1.148722450494688e-09,3.0835312636590118e-09,5.546124517974426e-09,6.933605018720801e-09,33,2,small_world,independent,14,559207160
14,True,-2.2245360466002224,-0.8042657254021451,9.234666684293787e-15,1.7217407965198576e-15,6.661338147750939e-16,9.04848792869782e-15,1.1774248866460372e-13,14,2,small_world,independent,15,794912616
16,True,-1.540924788266445,0.042388867098154655,1.1843606838365006e-11,5.250133661149903e-12,1.0581924225760986e-11,8.543998841759048e-13,9.551648440305948e-11,16,2,small_world,independent,16,303950097
25,True,-0.7944511252897704,-0.6246992680741809,1.6353550489731286e-09,1.545894398602421e-09,3.895642697315793e-10,3.6446717865956657e-10,2.8059002435053605e-09,25,2,small_world,independent,17,602838243
16,True,-1.4424286521199834,-1.085336136534698,2.8929607457328793e-11,1.8775647703250797e-11,1.751798706095542e-11,1.3323564473921579e-11,1.3550992668566255e-10,16,2,small_world,independent,18,30817834
20,True,-1.1854283924662345,0.7402315074077661,5.511617201486816e-11,3.4360445044789856e-11,4.113041157660705e-11,1.286240558509785e-11,3.4653975731065094e-10,20,2,small_world,independent,19,436717389
14,True,-2.0820673345776077,-0.44764369731666676,1.1085637183682463e-13,1.579294691505927e-14,9.77273817426294e-14,4.989064909924423e-14,1.11570559656079e-12,14,2,small_world,independent,20,982738393
14,True,-2.590484858639797,-1.3917873654662216,1.3877787807814457e-17,1.962615573354719e-17,0.0,0.0,3.925231146709438e-17,14,2,small_world,independent,21,214584672
14,True,-2.483984127672091,-4.25686303720327,0.0,0.0,0.0,0.0,0.0,14,2,small_world,independent,22,276548331
18,True,-1.2941095447529138,-0.09082591229030111,6.711209535348934e-11,2.630663048508544e-11,2.3541418814348723e-11,5.707710692970549e-11,2.547292645560466e-10,18,2,small_world,independent,23,408528643
19,True,-1.1862310930651963,-0.0681599857342211,1.5448116554821833e-10,3.153907690568558e-11,6.6918137697769e-11,1.3561592820954278e-10,4.980104700033701e-10,19,2,small_world,independent,24,992665618
16,True,-1.5424896874839584,-0.1675944388332915,9.104524208851205e-12,8.37019342725398e-12,3.4931363357691206e-12,7.938649756990318e-13,7.562452601626518e-11,16,2,small_world,independent,25,34692964
14,True,-1.8339687572449617,0.2517239621673483,5.536247693070695e-12,3.9961367548357885e-12,2.767341911180665e-12,2.65004684921042e-12,5.6878387519430316e-11,14,2,small_world,independent,26,233939485
21,True,-1.0338565693989943,-0.2818988347983476,3.0552912486699743e-10,1.9499124539223183e-12,2.482474503739951e-10,1.7809392849343908e-10,7.899444610415756e-10,21,2,small_world,independent,27,821674449
14,True,-2.555294473592202,-1.6234995081839574,2.6020852139652106e-18,0.0,0.0,2.6020852139652106e-18,8.827616433680824e-17,14,2,small_world,independent,28,58302741
39,True,-0.4611984402158436,-0.006332448148068681,6.631892760745186e-09,1.2023952944417715e-09,5.4858992903916715e-09,3.5272023080068493e-09,2.4322212964003587e-08,39,2,small_world,independent,29,855670853
33,True,-0.5120277963260724,-1.3233970380428144,1.2688350411794052e-13,7.321922951691886e-14,7.327471962526033e-14,7.327471962526033e-14,2.0649880590921813e-08,33,2,small_world,cascade,0,281383891
33,True,-0.5113222135026846,-1.3846970546900539,1.3401577416544657e-16,1.1102230246251565e-16,7.850462293418876e-17,0.0,1.971857451623445e-08,33,2,small_world,cascade,1,917652131
33,True,-0.5108304250902489,-1.5262178920631662,5.551115123125783e-17,7.850462293418876e-17,0.0,0.0,1.7296845380488612e-08,33,2,small_world,cascade,2,293593757
35,True,-0.5108578544041019,-0.9858396269805664,1.2018516789897274e-17,9.813077866773595e-18,9.813077866773595e-18,9.813077866773595e-18,1.0682556917151831e-08,35,2,small_world,cascade,3,434316805
32,True,-0.5130342910477868,-2.390884791605437,3.413559694825135e-15,1.970841320817122e-15,1.970841320817122e-15,1.970841320817122e-15,1.1600561364749313e-08,32,2,small_world,cascade,4,661916514
34,True,-0.5110087667333509,-1.4509842219550626,6.009258394948637e-18,4.9065389333867974e-18,4.9065389333867974e-18,4.9065389333867974e-18,1.1145192216205161e-08,34,2,small_world,cascade,5,126280735
35,True,-0.5108021757459924,-0.9404655367500919,3.3503943541361643e-17,1.962615573354719e-17,1.962615573354719e-17,1.962615573354719e-17,1.1192925146551323e-08,35,2,small_world,cascade,6,557032152
36,True,-0.5108855190307104,-0.461334436280854,0.0,0.0,0.0,0.0,1.0822339579586129e-08,36,2,small_world,cascade,7,505015495
34,True,-0.5108440352389838,-1.2864443529996132,0.0,0.0,0.0,0.0,1.3186179877030874e-08,34,2,small_world,cascade,8,783898208
30,True,-0.5295953744540696,-3.144567560247087,0.0,0.0,0.0,0.0,1.0880913943688342e-08,30,2,small_world,cascade,9,996106906
27,True,-0.6190187907136092,-2.3970364672029096,8.924263935696408e-11,1.1102230246251565e-16,8.928968692803386e-13,8.923817240713561e-11,1.2080428623022862e-08,27,2,small_world,heterogeneous_cascade,0,664313540
38,True,-0.46555650151925704,-1.0401408656555946,1.59517676853138e-11,1.1102230246251565e-16,1.1102230246251565e-16,1.5951767684565243e-11,1.168076643700577e-08,38,2,small_world,heterogeneous_cascade,1,409186442
33,True,-0.5141504391068428,-2.0109316796362346,3.829353778517271e-10,5.551115123125783e-17,0.0,3.8293537785172403e-10,9.578451096048566e-09,33,2,small_world,heterogeneous_cascade,2,406386861
34,True,-0.5194679366495454,-1.2389635375902592,2.1133075104118148e-11,4.762440444029686e-13,4.762440444029686e-13,2.1122339988193358e-11,1.2544609738475514e-08,34,2,small_world,heterogeneous_cascade,3,417958745
28,True,-0.5953318098889556,-2.615888043096197,1.0318219377550867e-10,8.608703982599288e-16,8.119671601747314e-12,1.0286221874267198e-10,9.381761597987664e-09,28,2,small_world,heterogeneous_cascade,4,814020384
24,True,-0.6978301560094221,-2.9583327438466966,1.6036339850071322e-10,2.081853200119796e-15,5.196398866758045e-13,1.603625565671507e-10,8.115165449280206e-09,24,2,small_world,heterogeneous_cascade,5,321215732
29,True,-0.5769162248948267,-2.2997677081825127,1.3092098238868862e-09,2.4532694666933987e-18,1.9845236565174673e-15,1.3092098238853822e-09,9.682835175079677e-09,29,2,small_world,heterogeneous_cascade,6,166972919
28,True,-0.5743208662399458,-3.1844757991817305,1.2419810285224847e-09,0.0,1.1102160857529368e-12,1.2419805323071742e-09,1.062449106298719e-08,28,2,small_world,heterogeneous_cascade,7,334291442
31,True,-0.5809764595730728,-1.210667688746961,3.19322429658637e-10,3.925231146709438e-17,5.6066262743570405e-15,3.1932242960941556e-10,8.038953828337641e-09,31,2,small_world,heterogeneous_cascade,8,106142582
31,True,-0.5553779513862557,-2.02744564489882,5.658573114578213e-11,3.925231146709438e-17,3.0606073357206797e-13,5.658490342952405e-11,7.803159671982157e-09,31,2,small_world,heterogeneous_cascade,9,90047860
26,True,-0.7508435311481584,-0.5227919280483199,2.6255712882826976e-09,2.580462662993277e-09,2.008980759526935e-10,4.4099546236964215e-10,4.176085695319211e-09,26,2,scale_free,independent,0,771552413
14,True,-2.6110156145901944,-1.6683840307815465,2.2454732361702685e-17,1.3877787807814457e-17,1.962615573354719e-17,0.0,5.721958498152797e-17,14,2,scale_free,independent,1,722359350
14,True,-2.0878385068971483,-0.16492356724023985,1.373821351823838e-13,1.787459069646502e-14,1.3347656602135435e-13,2.7172722703169745e-14,1.3751203044174152e-12,14,2,scale_free,independent,2,696770792
14,True,-1.8154085158820945,-11.650670159515858,0.0,0.0,0.0,0.0,0.0,14,2,scale_free,independent,3,461877230
25,True,-0.8227899239007975,-0.19684445879620618,1.1791243329061452e-09,6.783933276244269e-10,3.1423788571238855e-10,9.117956112358883e-10,2.1802633022055595e-09,25,2,scale_free,independent,4,717058512
14,True,-2.0188270841332083,0.3984552853179643,6.42969881767145e-13,2.7164381996814197e-13,3.1280533718813786e-13,4.91703899818674e-13,5.948984483375698e-12,14,2,scale_free,independent,5,161271778
14,True,-2.572385748070473,-2.5488088927592862,5.551115123125783e-17,7.850462293418876e-17,0.0,0.0,3.925231146709438e-17,14,2,scale_free,independent,6,501044774
14,True,-2.3209443654295647,-6.307854311437825,0.0,0.0,0.0,0.0,0.0,14,2,scale_free,independent,7,938051391
14,True,-1.336757630568639,-16.128721757629027,5.551115123125783e-17,0.0,3.925231146709438e-17,3.925231146709438e-17,0.0,14,2,scale_free,independent,8,152312102
14,True,-1.9684962734791254,0.10715892457875097,7.362201512370697e-13,7.09880071392277e-13,1.7630341631047486e-13,8.37108160567368e-14,8.555363222825283e-12,14,2,scale_free,independent,9,696320374
17,True,-1.4745930102542504,0.3567068029975296,1.0636515738043464e-11,9.686529356400797e-12,1.511693548181122e-12,4.125699781809544e-12,8.095884989534738e-11,17,2,scale_free,independent,10,495625870
14,True,-2.4215912120823453,-4.846347814223161,0.0,0.0,0.0,0.0,1.1102230246251565e-16,14,2,scale_free,independent,11,446156275
14,True,-2.472274290952807,-4.124695026586163,0.0,0.0,0.0,0.0,0.0,14,2,scale_free,independent,12,238766265
32,True,-0.6483423703283869,1.0208060846193903,1.2518062489608478e-09,1.5633180860952468e-10,8.817651608872268e-10,8.746824861627367e-10,5.183354383355982e-09,32,2,scale_free,independent,13,301512089
14,True,-2.4047979342761763,-5.279702844191579,4.4435857993339016e-18,0.0,1.734723475976807e-18,4.9065389333867974e-18,1.1103585416259206e-16,14,2,scale_free,independent,14,683700662
17,True,-1.370369574469725,-0.25708743716832305,5.081786661210983e-11,1.7204015989591426e-11,3.957201233362184e-11,2.684275024478211e-11,2.3226730686663751e-10,17,2,scale_free,independent,15,630282592
14,True,-2.3716930794238653,-5.815471881116596,0.0,0.0,0.0,0.0,0.0,14,2,scale_free,independent,16,607196431
38,True,-0.45527697335762574,-1.0398404843601898,2.092240778807626e-08,1.1353931406166144e-09,5.271767355985446e-09,2.0215501453368923e-08,1.708452959987213e-08,38,2,scale_free,independent,17,361812610
14,True,-2.6028045896521683,-1.099125638775171,1.127307362127858e-16,7.850462293418876e-17,1.962615573354719e-17,7.850462293418876e-17,1.5700924586837752e-16,14,2,scale_free,independent,18,959692583
14,True,-2.5857827306467915,-1.6963510228203535,1.4318243286832768e-17,8.673617379884035e-19,1.962615573354719e-17,0.0,3.364871704407209e-17,14,2,scale_free,independent,19,87649919
14,True,-2.3081509872427115,-6.156070963677179,1.3877787807814457e-17,1.962615573354719e-17,0.0,0.0,0.0,14,2,scale_free,independent,20,342590774
14,True,-2.4750472659883602,-3.7636656373749506,0.0,0.0,0.0,0.0,0.0,14,2,scale_free,independent,21,338943805
14,True,-2.2372579062028706,-0.046847874610967136,1.5956189283339703e-14,1.2989609388114332e-14,6.661338147750939e-16,9.242648354948935e-15,2.1752316426622544e-13,14,2,scale_free,independent,22,961897664
14,True,-2.32089584935296,-6.370256290101407,0.0,0.0,0.0,0.0,0.0,14,2,scale_free,independent,23,366263536
14,True,-1.7363336004191574,-2.051910307866907,2.040549241337707e-12,2.6922908347160046e-13,5.015432544464206e-13,1.9595436384634013e-12,2.0205628632697465e-11,14,2,scale_free,independent,24,908580690
14,True,-2.5825936347761687,-2.2195331411256913,0.0,0.0,0.0,0.0,5.551115123125783e-17,14,2,scale_free,independent,25,495065658
14,True,-2.6226354937023566,-1.3319166842056098,0.0,0.0,0.0,0.0,5.732467154385379e-17,14,2,scale_free,independent,26,699707133
17,True,-1.330246900516509,-0.01215706057657603,1.175426767186051e-10,7.366890431015349e-11,7.143807767562294e-11,5.7321675184240917e-11,5.638870735163949e-10,17,2,scale_free,independent,27,457417486
17,True,-1.3445999931796926,-0.28701162042061346,7.338136165780322e-11,1.8504975329847184e-11,4.1300296516055823e-13,7.10085878985684e-11,3.4046577899613385e-10,17,2,scale_free,independent,28,265869961
14,True,-2.398012376298605,-0.35088760645573375,1.1231037229945416e-15,1.009615024249961e-15,4.0269504754516817e-16,2.830524433501838e-16,1.6839894954113924e-14,14,2,scale_free,independent,29,764229452
31,True,-0.5116455532810689,-2.483147723099823,5.551115123125783e-17,0.0,0.0,7.850462293418876e-17,1.8155178896539075e-08,31,2,scale_free,cascade,0,969176377
31,True,-0.5592183717867258,-1.6088242850750714,1.0496778505311924e-09,6.060317248035574e-10,6.060317525591336e-10,6.060318913370111e-10,1.3779684391676077e-08,31,2,scale_free,cascade,1,263524860
35,True,-0.5108313748194129,-1.1217700021296477,0.0,0.0,0.0,0.0,9.330510028102813e-09,35,2,scale_free,cascade,2,778750903
35,True,-0.5108368424102503,-1.0080713545729791,0.0,0.0,0.0,0.0,1.0452727882110744e-08,35,2,scale_free,cascade,3,716890189
34,True,-0.5110156686718784,-1.1846936337180916,1.7465275725336696e-16,1.1102230246251565e-16,1.1102230246251565e-16,7.850462293418876e-17,1.4543502669274075e-08,34,2,scale_free,cascade,4,789006562
34,True,-0.5109868429357188,-1.2775908806835787,9.614813431917819e-17,7.850462293418876e-17,7.850462293418876e-17,7.850462293418876e-17,1.3261747799065586e-08,34,2,scale_free,cascade,5,449361501
36,True,-0.5108254753495883,-0.2197116135126606,1.3401577416544657e-16,7.850462293418876e-17,7.850462293418876e-17,7.850462293418876e-17,1.379986864907075e-08,36,2,scale_free,cascade,6,736919598
35,True,-0.5109561749808232,-0.7765396628142626,5.551115123125783e-17,0.0,0.0,7.850462293418876e-17,1.3139894571936326e-08,35,2,scale_free,cascade,7,272241561
35,True,-0.5108426851248153,-0.49882611337402133,5.551115123125783e-17,0.0,7.850462293418876e-17,0.0,1.739138504368715e-08,35,2,scale_free,cascade,8,96390962
35,True,-0.51082663164342,-0.5911586530907422,6.700788708272329e-17,5.551115123125783e-17,0.0,3.925231146709438e-17,1.5863346098420807e-08,35,2,scale_free,cascade,9,447023719
33,True,-0.5566415595989974,-0.9726543037428852,1.6427855095462173e-09,6.348868097916238e-10,6.348865599914439e-10,1.3757114614154633e-09,9.561893060945113e-09,33,2,scale_free,heterogeneous_cascade,0,902602396
36,True,-0.5008045978227338,-0.13264316507432455,1.0595401778168568e-09,0.0,1.7554167342883506e-16,1.0595401778168437e-09,2.138782460005097e-08,36,2,scale_free,heterogeneous_cascade,1,127576849
32,True,-0.5024861050222963,-2.2938060674997875,7.12147563143494e-11,7.850462293418876e-17,1.1102230246251565e-16,7.121475631424122e-11,1.7330194821760944e-08,32,2,scale_free,heterogeneous_cascade,2,455776289
33,True,-0.5286988806787372,-1.5833920580203331,3.211956603467657e-10,0.0,3.191891195797325e-16,3.211956603466071e-10,9.22121729311084e-09,33,2,scale_free,heterogeneous_cascade,3,704032060
29,True,-0.5462601805620566,-3.512099326943904,6.61910443514941e-10,5.551115123125783e-17,2.2787344483942495e-14,6.619104431226936e-10,8.941096064449681e-09,29,2,scale_free,heterogeneous_cascade,4,202363364
37,True,-0.4923429313600708,-0.5319492967461096,9.123436452547958e-10,0.0,1.8041124150158794e-14,9.123436450764189e-10,1.1811379026927995e-08,37,2,scale_free,heterogeneous_cascade,5,721616398
36,True,-0.47929348135148886,-1.171334787988799,1.264612692342147e-09,5.551115123125783e-17,2.220446049250313e-16,1.2646126923421264e-09,1.607511883542112e-08,36,2,scale_free,heterogeneous_cascade,6,305956623
32,True,-0.5434686423069447,-1.849700424711926,1.8230140504973053e-09,0.0,7.705641680288977e-15,1.82301405048102e-09,7.81449942407961e-09,32,2,scale_free,heterogeneous_cascade,7,808660746
27,True,-0.6138205853064925,-2.619438517894007,5.666032730599727e-10,0.0,5.412892356559951e-13,5.666030145068398e-10,9.059506538816123e-09,27,2,scale_free,heterogeneous_cascade,8,579219568
35,True,-0.5145868803506979,-0.8987738813244684,2.41172637416378e-11,0.0,1.962615573354719e-17,2.4117263741629813e-11,1.0263090970341993e-08,35,2,scale_free,heterogeneous_cascade,9,546907272
26,True,-0.753965991512202,-0.16611568493506623,1.5373412835790417e-09,1.7071281465386293e-09,6.310184005380825e-11,4.728036547272481e-10,4.778142174590786e-09,26,3,cycle_baseline,independent,0,176772782
25,True,-0.8328058948672286,0.5332958150668631,1.1351093317398815e-09,1.7209422167909543e-10,1.0521732693279426e-09,5.860826980337719e-10,3.117131233337651e-09,25,3,cycle_baseline,independent,1,463205909
26,True,-0.7538474257934807,-0.19870498638306597,1.7065286168196973e-09,7.255786371810446e-10,1.5268547158540218e-09,4.3296887265681224e-10,5.201545829086034e-09,26,3,cycle_baseline,independent,2,856614283
24,True,-0.8652827927296959,-0.12480876527564114,6.114277820710966e-10,4.0569014215563865e-10,4.846192885332935e-10,2.7747009144841756e-10,1.895003427314344e-09,24,3,cycle_baseline,independent,3,19523991
25,True,-0.798867636301417,-0.016291225040838568,1.8168314499072797e-09,5.010654743387394e-10,7.236349097381325e-10,1.719283565485186e-09,3.758753474321845e-09,25,3,cycle_baseline,independent,4,758519529
28,True,-0.699066176876186,-0.13993202857725776,1.6964392195613197e-09,1.1686706262984408e-09,6.732590311773691e-10,1.1607651315365973e-09,5.432437152812007e-09,28,3,cycle_baseline,independent,5,492762391
29,True,-0.6867282259948848,0.31304425491221133,1.888751328005495e-09,1.4988419954754647e-09,9.941910523146883e-10,6.073893193689769e-10,6.132001886102043e-09,29,3,cycle_baseline,independent,6,719462955
24,True,-0.8385458522115098,0.04841648687409556,1.023889758959187e-09,5.602033133141724e-10,9.561895702818396e-10,2.1114396322596933e-10,5.260407787508682e-09,24,3,cycle_baseline,independent,7,663298012
27,True,-0.7431893831794772,0.10545687309948132,9.934275779513101e-10,7.383066620512897e-11,9.937953429932946e-10,4.21825552111337e-10,5.239815413120632e-09,27,3,cycle_baseline,independent,8,432093039
31,True,-0.6561717516915921,0.682877825156598,1.4923960858596485e-09,9.291733537627887e-10,6.650376318086342e-10,9.637931100883365e-10,5.780977466474013e-09,31,3,cycle_baseline,independent,9,308667200
33,True,-0.5126431421618893,-1.9383872511954785,1.9483885850370298e-13,1.19361716212763e-13,1.1937415475905897e-13,1.1934928067330454e-13,1.1009075550642989e-08,33,3,cycle_baseline,cascade,0,627308840
34,True,-0.5139016781799084,-1.2738198646977827,1.8999832823242384e-12,1.1927446690612086e-12,1.1927535448693318e-12,1.1927554885535838e-12,1.2478009646783558e-08,34,3,cycle_baseline,cascade,1,140224270
36,True,-0.5139099000915064,-0.31398498661473156,3.48794450311432e-12,2.2146346494445467e-12,2.214616042828497e-12,2.214590804193046e-12,1.166330223794792e-08,36,3,cycle_baseline,cascade,2,584097968
34,True,-0.5145179524772561,-1.2474377157232486,2.2937312588208498e-12,1.4281412922607685e-12,1.4281412922607685e-12,1.4281839959274863e-12,1.2635909767912616e-08,34,3,cycle_baseline,cascade,3,94694692
29,True,-0.6001911131761333,-2.3783793627432734,2.59429991456151e-10,1.655698293042247e-10,1.6556983095248392e-10,1.655695495630293e-10,8.66998575369172e-09,29,3,cycle_baseline,cascade,4,649846601
34,True,-0.5308973987000293,-0.8964544525616581,4.1656638568234287e-11,2.7217240123147325e-11,2.7217240123147325e-11,2.7217244484860643e-11,1.2268960055356958e-08,34,3,cycle_baseline,cascade,5,628745286
33,True,-0.5385726973007277,-1.2527535786851092,6.501041345923407e-11,4.0023936704574014e-11,4.002393718429866e-11,4.0023934076761104e-11,1.2212663322222973e-08,33,3,cycle_baseline,cascade,6,84444320
35,True,-0.5198249983683916,-0.87995172150175,1.3252423188566536e-11,8.422115783365055e-12,8.42211905711066e-12,8.42212839097251e-12,9.595385350187373e-09,35,3,cycle_baseline,cascade,7,757487895
35,True,-0.5190331647658044,-0.9253871274643287,1.3241553107824147e-11,9.160963954476121e-12,9.160963954476121e-12,9.160963436463875e-12,9.333495486532973e-09,35,3,cycle_baseline,cascade,8,415807401
34,True,-0.5303937406309566,-0.8562786548921525,1.9294703126095564e-11,1.1832632469998205e-11,1.1832632470030757e-11,1.1832619404793456e-11,1.2998079692770412e-08,34,3,cycle_baseline,cascade,9,786886457
37,True,-0.49192169262350494,-0.417215935043712,5.965961969188568e-10,9.211189848918827e-11,9.211187688494716e-11,6.193878595075957e-10,1.5586691160412615e-08,37,3,cycle_baseline,heterogeneous_cascade,0,41614173
32,True,-0.5853680111995231,-0.6113598849093779,6.729224744962334e-10,2.1221614182134602e-11,2.12228136411014e-11,7.679399340016106e-10,7.904921661501e-09,32,3,cycle_baseline,heterogeneous_cascade,1,179456498
33,True,-0.54057109969964,-1.274203413227323,6.009559890913915e-11,2.326561246620378e-11,2.326558676757924e-11,5.477202078028795e-11,1.8280595128526708e-08,33,3,cycle_baseline,heterogeneous_cascade,2,493990819
34,True,-0.5484191965901382,-0.16018238362299222,1.8218485067868898e-09,4.076005027458079e-10,4.076005634780663e-10,1.92769664923306e-09,1.5157703830018524e-08,34,3,cycle_baseline,heterogeneous_cascade,3,188225171
36,True,-0.5057768707209358,-0.7228497581494366,4.668605392089114e-10,4.886569631515024e-12,4.886649230448798e-12,5.343580590748773e-10,1.0552258090953975e-08,36,3,cycle_baseline,heterogeneous_cascade,4,329861212
31,True,-0.6310458618214179,0.23444796235799986,1.8602662533394848e-09,1.1809709895107874e-09,1.1809674011426887e-09,1.0489618949084205e-09,8.060077579888254e-09,31,3,cycle_baseline,heterogeneous_cascade,5,660599043
31,True,-0.6027370679945082,-0.2173976158879898,2.3645588029495077e-10,1.397446725654096e-10,1.396197761656504e-10,1.659695153600571e-10,1.1996881241663976e-08,31,3,cycle_baseline,heterogeneous_cascade,6,144524188
43,True,-0.3999669139132795,-0.40085002281362603,9.246084348732163e-10,1.4629934183770596e-12,9.163174488829964e-13,1.0378392879459635e-09,3.431483675316725e-08,43,3,cycle_baseline,heterogeneous_cascade,7,677702941
34,True,-0.5172207118008548,-1.0380607140480291,6.254686432446087e-10,2.810913967020158e-11,2.81090069834184e-11,6.973101450435572e-10,1.4853571318320753e-08,34,3,cycle_baseline,heterogeneous_cascade,8,103402967
32,True,-0.6210135693269674,0.37509825918849626,1.4709107923132412e-09,1.0290755831064713e-09,1.0290756061348743e-09,1.0155585871481704e-09,6.7038320386151636e-09,32,3,cycle_baseline,heterogeneous_cascade,9,175185179
21,True,-1.0147452928328613,-0.0755979582754839,3.331893485983411e-10,1.2996985894282977e-10,1.6254773748667893e-10,2.8151696807607496e-10,1.439735335580597e-09,21,3,random_strong,independent,0,587644572
14,True,-2.358926691248054,0.5223164963393424,2.1551404763791648e-15,2.1727492905721985e-15,6.757024434981723e-16,3.172726562857876e-16,9.752276478598853e-14,14,3,random_strong,independent,1,793483234
30,True,-0.6475984772124893,-0.29531074410295666,2.29903257728254e-09,1.6629432313973955e-09,1.026043545529513e-09,1.2787801867199787e-09,5.081341429490044e-09,30,3,random_strong,independent,2,170592968
29,True,-0.6941329692768323,0.5974547243647499,1.9516365595433257e-09,1.3292609539430692e-09,7.655966965383384e-10,1.2440181503865688e-09,6.420450996757614e-09,29,3,random_strong,independent,3,299992790
32,True,-0.5971418994285304,-0.22439605709163618,4.054536511261342e-09,2.746316283782435e-09,2.9193865576584334e-09,1.4441978172190883e-09,6.2269317181430154e-09,32,3,random_strong,independent,4,925120118
31,True,-0.6626473576202317,0.6242673687994532,1.1792320373759598e-09,5.620598880511878e-10,5.546003352865499e-10,8.808236205963783e-10,4.371485863667033e-09,31,3,random_strong,independent,5,989683690
22,True,-1.005893154823808,0.5564800297410363,3.119751273589895e-10,7.658281283735076e-11,1.1161149042435898e-10,3.3344679524302506e-10,8.961182449331719e-10,22,3,random_strong,independent,6,581061139
21,True,-1.0540488592707922,0.2794229197412062,1.2764276672508442e-10,7.313486537611501e-11,9.31797840785486e-11,5.0265891984029415e-11,9.839616983764838e-10,21,3,random_strong,independent,7,447038151
58,True,-0.30624685064958573,0.42917288593079206,1.2182047512838572e-08,9.89349979986752e-10,1.0832169209657372e-08,6.343636276722889e-09,4.0691866244107036e-08,58,3,random_strong,independent,8,346869804
27,True,-0.7013654316075052,-0.2583683866136604,2.7825841907475008e-09,1.8871072506441777e-09,1.898073162538133e-09,1.0577118505493782e-09,9.742043241033827e-09,27,3,random_strong,independent,9,612451919
22,True,-1.0118247360696502,0.7482381494544689,1.7321410003301852e-10,5.172502427457914e-12,8.991824374682221e-11,1.601576502479863e-10,1.246042302983461e-09,22,3,random_strong,independent,10,590915491
27,True,-0.7380472086548119,0.23852033968614306,1.6818929233241203e-09,1.357659762702268e-09,8.31697450914025e-10,6.106857866264977e-10,6.108176135960739e-09,27,3,random_strong,independent,11,294753033
20,True,-1.126993996299999,0.580755413604146,1.4567238626136878e-10,1.1684382898841545e-10,4.4718594502386165e-11,8.165978003818846e-11,1.0735096112703142e-09,20,3,random_strong,independent,12,22803870
28,True,-0.7093579317134174,0.45879788666301896,2.750399725334699e-09,1.0874903617259873e-09,2.420609736510456e-09,1.0902742873309304e-09,6.987765640222187e-09,28,3,random_strong,independent,13,151498306
28,True,-0.7126585432804668,0.4084424119835483,2.4823754744369316e-09,1.6057364851094238e-09,1.2025237176849793e-09,1.7759887587393586e-09,6.134826947184726e-09,28,3,random_strong,independent,14,958559213
60,True,-0.26471314845164845,-1.7218445564271472,5.189951191697652e-08,4.2213149094842954e-08,3.170740771882767e-08,1.681008074835513e-08,2.9469110418974715e-08,60,3,random_strong,independent,15,482303436
52,True,-0.3545221713136843,0.6277864913283749,7.492697754175873e-09,1.5552771115319252e-09,3.9126978229359446e-09,6.686891729172811e-09,2.7687991607983967e-08,52,3,random_strong,independent,16,467107552
31,True,-0.6639116062585545,0.5642011482663819,1.1172286127117012e-09,8.104723430631794e-10,5.211134941120585e-10,6.239398439874581e-10,3.921747300074071e-09,31,3,random_strong,independent,17,782735227
34,True,-0.5522706335868389,0.38943353286437976,4.489579958839625e-09,7.809137868062407e-10,4.2899115235834526e-09,1.925018506120978e-09,1.953749579864322e-08,34,3,random_strong,independent,18,64956566
28,True,-0.6796916391732207,-0.7488245459565004,1.8850181996229107e-09,1.2862275653520318e-09,8.200827078241533e-10,1.1160019810974218e-09,5.1223602703055165e-09,28,3,random_strong,independent,19,82729999
29,True,-0.7050236109848723,0.5109447720398678,1.1963055881834917e-09,1.015833533376495e-09,5.32818973155032e-10,4.015491562668813e-10,4.2498732517895376e-09,29,3,random_strong,independent,20,275847245
27,True,-0.7412700446124603,0.16807369973813302,1.4919835258765926e-09,1.1729678717423182e-09,4.257477966524725e-10,8.368838449252863e-10,5.8034985715739184e-09,27,3,random_strong,independent,21,486658330
22,True,-0.9931816443641065,0.2920488866100744,3.2140872146682875e-10,1.083813376938992e-10,5.3266900425859024e-11,3.158257564095781e-10,9.782285951071123e-10,22,3,random_strong,independent,22,671124039
33,True,-0.6177281990908944,0.8936979311930527,1.8139818770365927e-09,1.0144176011889672e-09,9.932400792657777e-10,1.1690500918599245e-09,6.216820640323231e-09,33,3,random_strong,independent,23,490706994
24,True,-0.8741297349272937,-0.011209459369156825,5.964032891532097e-10,4.786359243058282e-10,3.2429026725673495e-10,2.545128085363961e-10,1.5033873852446765e-09,24,3,random_strong,independent,24,441168077
27,True,-0.7338991301370923,0.1979495153515394,1.6148524011888105e-09,9.41236267440216e-10,8.50405265345804e-10,1.0551106552119464e-09,6.8279099707238524e-09,27,3,random_strong,independent,25,937826454
31,True,-0.6366041479336905,0.2785353462250214,1.9275451601627312e-09,8.722896096214792e-10,1.2485566159488775e-09,1.185585151312916e-09,6.744590874448913e-09,31,3,random_strong,independent,26,161018944
45,True,-0.37275179189685975,-1.290091939563852,1.7394238474450758e-08,1.2718437930877869e-08,1.5384234321806808e-08,6.534810368393276e-09,2.074057375863161e-08,45,3,random_strong,independent,27,571728052
26,True,-0.7253125651078772,-0.30320985365234415,3.395190098196832e-09,4.510404978784019e-10,2.573062266343123e-09,2.2316224292316465e-09,9.918491384978411e-09,26,3,random_strong,independent,28,473489400
26,True,-0.7984654301202081,0.28936671349060333,8.813241879842626e-10,6.763893268223377e-10,2.0503743311742135e-10,5.725580512885661e-10,2.744322542936961e-09,26,3,random_strong,independent,29,266975662
40,True,-0.4665599143097326,0.1996803128071015,2.138224877019147e-08,1.4090248691594598e-08,1.4090248712123962e-08,1.4090248680229287e-08,3.030119761250199e-08,40,3,random_strong,cascade,0,953772862
32,True,-0.5232517097484748,-1.8423137284559596,8.406883054302498e-12,5.275077189789748e-12,5.275085017427582e-12,5.275077189789748e-12,1.6125623089018286e-08,32,3,random_strong,cascade,1,331568997
33,True,-0.5195800348363411,-1.5560973217327478,1.2916433754088292e-13,7.910038115857519e-14,7.909380045300181e-14,7.910037953538035e-14,1.390915673546106e-08,33,3,random_strong,cascade,2,545004481
31,True,-0.572226035926672,-1.4211284642412436,5.915019655745815e-10,3.799024967689733e-10,3.799024774603145e-10,3.7990244122709366e-10,1.3337122090814821e-08,31,3,random_strong,cascade,3,520672402
35,True,-0.523429320572995,-0.8704751154648276,2.5935713520713905e-11,1.6603428501701434e-11,1.6603428501693702e-11,1.6603428501693702e-11,8.87278849296028e-09,35,3,random_strong,cascade,4,849777895
32,True,-0.5135831717741408,-2.179681792710732,1.2942781366850783e-17,9.813077866773595e-18,5.665583147960493e-18,6.938893903907228e-18,1.4167997257029311e-08,32,3,random_strong,cascade,5,438911460
33,True,-0.5615982671587988,-0.895467793623562,2.3854504893291115e-10,1.658506464944543e-10,1.6585064609786407e-10,1.6585064609786407e-10,9.97197718675064e-09,33,3,random_strong,cascade,6,284558959
34,True,-0.521039746023724,-0.5741822361933069,1.5036427249662003e-10,9.259631625544555e-11,9.259636829941731e-11,9.25963682994395e-11,2.1109344195857904e-08,34,3,random_strong,cascade,7,21612079
35,True,-0.5106897209979212,-0.9019332009469986,4.892874710878227e-15,3.0075736267608356e-15,3.0080698648470793e-15,3.0094487634745e-15,1.1662369970627537e-08,35,3,random_strong,cascade,8,363678253
37,True,-0.5285280125166625,0.24300436198579817,2.297560924225327e-09,1.4482736598491654e-09,1.4482736598491654e-09,1.4482736852709486e-09,6.932247125480935e-09,37,3,random_strong,cascade,9,826291924
30,True,-0.5966078706992448,-1.6017272334678976,1.3235957713802065e-10,7.1150169533821125e-12,7.388310305847363e-12,1.4805267376468247e-10,1.3388714928886866e-08,30,3,random_strong,heterogeneous_cascade,0,9916196
39,True,-0.44106351995168946,-0.5841935134258733,2.1478412752055563e-09,1.5700924586837752e-16,9.064933036736789e-17,2.315231804250823e-09,2.9351185057574777e-08,39,3,random_strong,heterogeneous_cascade,1,896160771
34,True,-0.5548146505884277,-0.1766006607593967,3.7617719188522504e-10,4.7658686080667527e-14,4.7559430563375286e-14,4.078769623273367e-10,9.412953921032286e-09,34,3,random_strong,heterogeneous_cascade,2,542827091
31,True,-0.5554464464519205,-2.248216826874429,6.242720719099493e-10,4.9609779732167596e-11,4.95988253904406e-11,6.635124536494332e-10,8.630686434079044e-09,31,3,random_strong,heterogeneous_cascade,3,140249088
32,True,-0.5486333598348088,-1.7596231300318597,1.0507877902657633e-10,5.1925927263190304e-17,2.1191856081964526e-15,1.2172461291054526e-10,7.0987153297818586e-09,32,3,random_strong,heterogeneous_cascade,4,302179329
31,True,-0.5008117069393726,-3.2737705479156425,9.170150911777484e-10,8.177057864236624e-16,1.2018800557082601e-15,9.759822304923112e-10,1.216686679516319e-08,31,3,random_strong,heterogeneous_cascade,5,554036143
29,True,-0.6225712405679237,-1.8627107183846074,5.557341472534978e-11,6.096389598247365e-13,6.098011906266683e-13,6.450175915903263e-11,9.303126492992043e-09,29,3,random_strong,heterogeneous_cascade,6,315692168
32,True,-0.5637648421213265,-0.773824307418177,5.957069820209426e-10,0.0,2.1395432226639502e-13,6.47244854120271e-10,1.1923713659498704e-08,32,3,random_strong,heterogeneous_cascade,7,665988883
33,True,-0.5743447255689905,-0.16005367266310846,7.288383991070618e-10,1.1524876956340603e-12,1.1523356590104851e-12,7.795523160796352e-10,8.941016911997794e-09,33,3,random_strong,heterogeneous_cascade,8,672240092
36,True,-0.5076323830750258,-0.1168562538139298,6.034094923172014e-10,1.754375865134078e-10,1.7543769951533353e-10,5.766358799385031e-10,1.8229785778804267e-08,36,3,random_strong,heterogeneous_cascade,9,118874252
16,True,-1.655954963617866,0.7743221125590589,3.0288101348503583e-12,1.348557186476386e-12,2.925920978769317e-12,3.759627302118608e-13,3.538019043011032e-11,16,3,small_world,independent,0,281233783
14,True,-2.8794376851184413,0.3547666963420532,2.797157557069881e-17,0.0,2.7755575615628914e-17,3.469446951953614e-18,3.469446951953614e-18,14,3,small_world,independent,1,243873251
28,True,-0.7011536900311642,-0.47236325162583115,1.961039249399391e-09,1.0180694587488588e-09,1.1938941520638878e-09,1.4197214867596117e-09,3.742439979129361e-09,28,3,small_world,independent,2,659422634
15,True,-1.602168095803402,-0.11661748152567095,2.304331637177964e-11,1.4520031740562093e-11,5.4532370358915015e-12,1.921202844270531e-11,1.7086770072023835e-10,15,3,small_world,independent,3,730295586
23,True,-0.9105283045791799,-0.19092600162813683,5.233669473359254e-10,2.5147538511075024e-10,4.166955426107432e-10,3.9816896856972567e-10,1.6675729853075344e-09,23,3,small_world,independent,4,726994614
14,True,-2.518957035841075,0.4855970933587317,2.863244501959298e-16,9.614813431917819e-17,2.271891778003035e-16,1.725911830690932e-16,7.079957166295409e-15,14,3,small_world,independent,5,938761242
14,True,-1.8785721742022714,-1.0165540917480025,6.261559137599046e-13,4.971529146768564e-13,9.087053943857749e-14,4.3819457804069234e-13,8.951497088953612e-12,14,3,small_world,independent,6,768647491
17,True,-1.4283525246753628,0.1226681511540362,2.2008534979436414e-11,9.612776893643611e-12,2.122882133199335e-11,6.304388676746085e-12,1.3426914703323885e-10,17,3,small_world,independent,7,320679442
15,True,-1.7016421482839763,0.838123123870067,7.720242484396603e-12,6.533809143689859e-12,6.0174145171569296e-12,2.675283710397625e-12,1.0419140578412005e-10,15,3,small_world,independent,8,107740945
16,True,-1.5176225360547675,0.614514855024915,2.942935285400396e-11,1.6482383389226328e-11,1.7542770721319554e-11,1.7189943728728213e-11,2.4929791402719907e-10,16,3,small_world,independent,9,614642828
27,True,-0.8103528355934781,1.001434858453163,2.9205133141384266e-10,1.661488240531377e-10,2.1048733587250593e-10,2.118221155918403e-10,1.9261217238349964e-09,27,3,small_world,independent,10,916011844
14,True,-2.5482394074143153,-3.4720806214741904,9.470265291873772e-17,1.1331166295920986e-17,2.2662332591841973e-17,1.2819751242557092e-16,0.0,14,3,small_world,independent,11,975155319
17,True,-1.341629031309996,-0.24068583178365516,6.255274691035501e-11,5.3771687732759325e-11,4.415318221178663e-11,2.5170832820345413e-11,3.7435358773385204e-10,17,3,small_world,independent,12,230213990
14,True,-1.873587027538994,0.4115470623282544,2.8630078110672003e-12,1.5387976751429216e-12,1.3252348822451675e-12,2.065810155897238e-12,3.625922221628956e-11,14,3,small_world,independent,13,236455439
17,True,-1.3161436626513743,-0.5927396851339658,7.464683772718902e-11,9.29952318349855e-12,3.379069314839014e-11,7.416855492455997e-11,3.9723619829923575e-10,17,3,small_world,independent,14,37412556
22,True,-1.0051544769887997,0.38378108734809635,1.3126699218084805e-10,1.319374209864116e-10,5.584208308892522e-13,8.037739635975134e-11,9.98844758665549e-10,22,3,small_world,independent,15,141262147
19,True,-1.2070505429768017,-0.18720011558087848,6.267750989206413e-11,6.506576791056393e-11,3.464011967315398e-11,1.7783931075661823e-12,3.054329114767949e-10,19,3,small_world,independent,16,554852469
23,True,-0.9187515055105782,-0.28948808012956645,4.101013890206468e-10,3.4203192471298275e-10,3.159616465963897e-10,1.0831932994808293e-10,1.2475988772548786e-09,23,3,small_world,independent,17,546803284
14,True,-2.1676544088923655,0.9049173153099471,1.6024278275097248e-13,6.460362583676822e-14,8.394187339709694e-14,1.349250689137442e-13,1.0541032499221263e-12,14,3,small_world,independent,18,370922283
18,True,-1.259268797237444,0.3164837618490163,1.0617374699982641e-10,5.3226785481478285e-11,5.222153337786459e-11,7.844593747089483e-11,7.326279905461854e-10,18,3,small_world,independent,19,309955439
17,True,-1.4210936388198279,0.5089363632313968,2.4597015554379423e-11,1.4324848810381777e-11,1.6057153913105493e-11,1.270631789394287e-11,2.433305365185497e-10,17,3,small_world,independent,20,808251471
16,True,-1.5387032507926537,0.7206548947190714,1.8226312606455688e-11,3.017772261793552e-12,6.5601272070543734e-12,1.8486297984591167e-11,2.0224202000468398e-10,16,3,small_world,independent,21,963211869
14,True,-2.0678171953068563,0.041433039569885526,1.5474893837882552e-13,1.0573584798679476e-13,1.313775763920126e-13,6.490298978486515e-14,2.1903819271830243e-12,14,3,small_world,independent,22,317138892
14,True,-1.9231406612585085,0.021655112081075314,9.745338170048122e-13,1.3902486794823577e-14,1.0386560108000872e-12,4.582594872730569e-14,1.4166434103046026e-11,14,3,small_world,independent,23,202738313
19,True,-1.272049429537215,0.54838014773966,2.312726750431658e-11,1.7932557613226314e-11,1.237653551727454e-13,1.6743846998612895e-11,1.9684976112694406e-10,19,3,small_world,independent,24,634831088
18,True,-1.2350189545219878,-0.20399597109368753,7.300384477035907e-11,8.207925260672019e-12,4.237665404494891e-11,6.631428154921428e-11,6.210589765206277e-10,18,3,small_world,independent,25,290917837
14,True,-2.5713051919579244,0.4578037105136224,9.909468538834511e-17,9.480333893807275e-17,2.7755575615628914e-17,3.204937810639273e-17,2.498464355508781e-15,14,3,small_world,independent,26,621859989
15,True,-1.6591584818768883,0.4180106174234348,1.653325058956693e-11,8.005056246208746e-12,7.746405582421743e-12,1.2762790558877672e-11,1.3626846773864195e-10,15,3,small_world,independent,27,515057129
14,True,-2.0983845257064737,1.332645525143014,2.3699242056661814e-13,1.8449004454281279e-13,1.5258677992912337e-13,1.1965100101541966e-13,2.4845475780731458e-12,14,3,small_world,independent,28,905532189
18,True,-1.3832690249286972,0.8429759154885457,1.559390590357186e-11,9.974638114268055e-12,8.320568832278921e-12,1.0370701377903968e-11,1.434938872814516e-10,18,3,small_world,independent,29,255965090
32,True,-0.5119947114378529,-2.2249412809762155,9.25185853854297e-18,0.0,1.6024689053196365e-17,0.0,1.3993215330513483e-08,32,3,small_world,cascade,0,991382800
35,True,-0.5109940525052658,-0.993082110526147,9.587776036716263e-17,4.5324665183683945e-17,5.551115123125783e-17,7.166458808248763e-17,1.0572323985392956e-08,35,3,small_world,cascade,1,936043569
35,True,-0.5110799834310152,-1.0952565337677174,2.131357754379777e-15,1.305889263333643e-15,1.305889263333643e-15,1.3115794395791202e-15,9.526923909558888e-09,35,3,small_world,cascade,2,180701996
35,True,-0.511365622935606,-0.7336571291911561,2.023413340975404e-14,1.3314269871827755e-14,1.3355249277555069e-14,1.328608119404836e-14,1.3586881151454993e-08,35,3,small_world,cascade,3,164607817
32,True,-0.5109069719339354,-2.058384391917426,9.61481343191782e-17,5.551115123125783e-17,5.551115123125783e-17,5.551115123125783e-17,1.6904934709614382e-08,32,3,small_world,cascade,4,533156832
35,True,-0.5109187470798046,-0.8759782849365401,9.76610804731431e-17,6.409875621278546e-17,5.551115123125783e-17,5.551115123125783e-17,1.1906378932416951e-08,35,3,small_world,cascade,5,44910619
35,True,-0.5108468142762927,-0.42128190866375176,1.1102230246251565e-16,0.0,1.1102230246251565e-16,0.0,1.8791871395052126e-08,35,3,small_world,cascade,6,298797959
34,True,-0.5108741575773691,-1.4025616590266585,2.441527011828578e-17,1.1331166295920986e-17,1.3877787807814457e-17,1.791614702062191e-17,1.1732830580457779e-08,34,3,small_world,cascade,7,435097059
34,True,-0.5126288699554739,-1.5461481370881234,1.0025045722834252e-13,6.311360147761809e-14,6.311733033608127e-14,6.313005724620359e-14,9.809893770138863e-09,34,3,small_world,cascade,8,969373309
35,True,-0.5110257100514545,-0.6403758157771735,2.1592813818116755e-15,1.2835765928679392e-15,1.3105021667570456e-15,1.3353480212451466e-15,1.5031491260847133e-08,35,3,small_world,cascade,9,992375563
31,True,-0.5156865322302745,-3.0896754561580653,6.000542748175528e-10,8.012344526598183e-18,5.025503191295576e-15,6.706223712483968e-10,8.759861958883791e-09,31,3,small_world,heterogeneous_cascade,0,151539943
37,True,-0.4841728127500652,-0.41916023173836303,4.6833198435719e-10,5.551115123125783e-17,2.4030622849295204e-15,5.589539221258544e-10,1.771494299438623e-08,37,3,small_world,heterogeneous_cascade,1,891677266
35,True,-0.5285956522647506,-0.3898168525380721,3.7568922058912487e-10,3.204937810639273e-17,8.223148467552657e-15,3.9848177367377884e-10,1.0613366508777584e-08,35,3,small_world,heterogeneous_cascade,2,90928824
33,True,-0.49155776848599775,-2.590392727656146,3.9561286654034207e-10,5.665583147960493e-18,3.7412158278872705e-16,4.235601895348083e-10,1.1062223806397769e-08,33,3,small_world,heterogeneous_cascade,3,748608019
34,True,-0.5037375269581151,-1.5732250111174146,3.27713134407162e-10,3.204937810639273e-17,2.398355846665908e-16,3.5587174819344987e-10,1.2557954703570685e-08,34,3,small_world,heterogeneous_cascade,4,845642706
34,True,-0.4599631114085803,-2.38532555757997,8.10839229092868e-10,5.551115123125783e-17,4.5324665183683945e-17,8.895785327129181e-10,2.3552618823830978e-08,34,3,small_world,heterogeneous_cascade,5,890792490
36,True,-0.48805579642279534,-0.9898089497715574,1.0720785776759707e-09,0.0,1.6612245814929247e-13,1.2571102739679622e-09,1.4180988764821993e-08,36,3,small_world,heterogeneous_cascade,6,223417944
35,True,-0.5072211109698422,-1.2187832732936876,6.987761666608026e-10,0.0,7.317372065289299e-15,7.910231113480444e-10,9.579880171772336e-09,35,3,small_world,heterogeneous_cascade,7,893446639
36,True,-0.47920557232486977,-0.9688505241763984,8.60911823311977e-10,6.409875621278546e-17,0.0,9.17316976602645e-10,1.9738568927686803e-08,36,3,small_world,heterogeneous_cascade,8,115980904
30,True,-0.5896147957659604,-1.4440772386541658,3.8568536192928587e-10,1.6206806370590097e-14,3.759467017442044e-14,4.230703087786901e-10,9.32266794732081e-09,30,3,small_world,heterogeneous_cascade,9,518858360
20,True,-1.0609791237130066,-0.15939460241119496,3.98259992503494e-10,3.120069773860844e-10,1.785160315605206e-10,2.6232937753512693e-10,1.5000472084568656e-09,20,3,scale_free,independent,0,469545298
24,True,-0.8349342110880802,-0.4076264340163579,1.0610833810015823e-09,3.978290204579971e-10,7.654419348955377e-10,7.257523257284589e-10,3.0406801917363316e-09,24,3,scale_free,independent,1,315929051
15,True,-1.730326605759499,0.9241552652549845,4.568692520628799e-12,3.0076297432922285e-12,2.4777636697524593e-12,2.5704230291387958e-12,1.071727156592235e-10,15,3,scale_free,independent,2,22114177
20,True,-1.1020821915787837,0.2876477638995875,1.8294876730735676e-10,1.2251927903526342e-10,1.482524306555261e-10,2.0914969258689913e-11,1.2940995060795876e-09,20,3,scale_free,independent,3,772012432
20,True,-1.1713466899069127,0.37741186390293846,8.635235519267883e-11,1.315766533137036e-11,7.780345050126351e-11,5.5303603135268734e-11,3.704627984730475e-10,20,3,scale_free,independent,4,335583652
17,True,-1.3644199529766403,0.4224349891385697,5.458861675406016e-11,9.903363370737015e-12,2.2026357907897363e-11,5.3541100808566643e-11,5.04477497073775e-10,17,3,scale_free,independent,5,661661263
16,True,-1.5742665826273636,1.2456165770448229,3.2173004803731677e-11,1.3733161581978452e-11,3.100099998165224e-11,1.0623409034847665e-11,3.220964366255926e-10,16,3,scale_free,independent,6,410219923
22,True,-0.9177230480234153,-0.6627074858328258,7.326840825911512e-10,6.122477803665063e-10,2.9829544392478206e-10,4.755676730311806e-10,2.1931226140123874e-09,22,3,scale_free,independent,7,373657728
17,True,-1.4565946379002725,0.3281014062238745,1.0362453437329317e-11,2.7838563586641055e-12,3.658404720299548e-12,1.0206938565915047e-11,1.1028255570746e-10,17,3,scale_free,independent,8,886295917
21,True,-1.0129843428099405,-0.4532753833852604,2.5447055711223893e-10,2.406711316754242e-10,1.2195436056674555e-10,7.007531710401601e-11,1.0104630512846322e-09,21,3,scale_free,independent,9,94466667
23,True,-0.8481803822390812,-0.4635926148439137,7.165590723460182e-10,7.399035289136422e-10,4.294884264043732e-10,5.160391647853578e-11,4.951533955147767e-09,23,3,scale_free,independent,10,736617357
14,True,-1.8242355619055404,0.031933145838674605,4.957782406442753e-12,4.100001468044446e-12,1.2758109136582044e-12,2.9272071309854975e-12,5.605363255905819e-11,14,3,scale_free,independent,11,746789611
22,True,-0.8928794407977014,-0.9852715971692341,9.767624272826967e-10,8.356160414745153e-10,6.526928157783644e-10,4.248906284432029e-12,2.683979401493062e-09,22,3,scale_free,independent,12,379991451
18,True,-1.2415499466898168,-0.19394945084046186,4.4227769174245606e-11,6.512390594534678e-12,2.5420455092714958e-11,3.946691939654417e-11,2.8316594314264984e-10,18,3,scale_free,independent,13,262460515
16,True,-1.4846581895118056,0.4249768806437027,4.087886946063297e-11,3.729425614617393e-11,2.2703101365610635e-11,2.9465977776990785e-12,3.7610983304853804e-10,16,3,scale_free,independent,14,5307072
14,True,-2.7166441832275883,-0.16732227860782264,4.8463415274718965e-17,6.409875621278546e-17,1.3877787807814457e-17,8.012344526598183e-18,2.7755575615628914e-17,14,3,scale_free,independent,15,936813150
17,True,-1.3570309007249535,-0.8681103206203833,2.7618251768246694e-11,1.3295699705593886e-11,2.6367164355087828e-11,5.7325553357440245e-12,1.5632102762788826e-10,17,3,scale_free,independent,16,240970574
14,True,-2.099462144347443,-0.7516789630694521,5.5720996722843173e-14,3.714297546900263e-14,4.840227552373631e-14,1.2124517373452209e-14,7.659719010811214e-13,14,3,scale_free,independent,17,31911050
17,True,-1.1985474069638626,-1.6179200925480888,1.8628667459586267e-10,1.598265831144363e-10,3.4171252847567806e-11,1.1198878143724693e-10,8.622671088829006e-10,17,3,scale_free,independent,18,122757932
23,True,-0.9021402713428692,0.040811187621926585,8.806899045099204e-10,2.2289301609647658e-10,4.5694390295071385e-10,7.96094492835067e-10,2.5002862676385003e-09,23,3,scale_free,independent,19,67642863
14,True,-2.5253610863566722,0.40490949697810275,2.0064059451046937e-16,7.166458808248763e-17,1.896066778761455e-16,8.171020218150495e-17,5.5987199789656294e-15,14,3,scale_free,independent,20,831112672
33,True,-0.5586456819414316,-0.54095403300267,5.868404519687202e-09,4.09161205513719e-09,2.442977688245323e-09,4.4234436069358616e-09,1.003064919175519e-08,33,3,scale_free,independent,21,891911453
19,True,-1.1165484544825466,-0.010636983141773781,4.3273225984225723e-10,4.206046199320036e-10,8.557156589672606e-11,1.8165070365096076e-10,1.857409727925101e-09,19,3,scale_free,independent,22,153284316
22,True,-1.0238668091213572,0.7111978121981152,1.6071941327886353e-10,1.056095785518277e-10,1.1758288386514462e-10,4.094505607520824e-11,9.073978996559244e-10,22,3,scale_free,independent,23,746739455
17,True,-1.473414500426442,1.020662965789434,1.6131372172551366e-11,2.307450351483296e-12,7.83896970493101e-12,1.5346301395676748e-11,1.6137190908804628e-10,17,3,scale_free,independent,24,179268307
18,True,-1.089377657244152,-1.5535206151773662,4.6166144157111546e-10,4.662641884148167e-10,1.4850852663221365e-10,9.998842923015404e-11,1.9203662758321976e-09,18,3,scale_free,independent,25,367208997
17,True,-1.3830750125541567,0.9702866279258533,7.639252906935214e-11,6.375999741691259e-11,4.68818331116071e-12,6.147609750510528e-11,8.248555414808604e-10,17,3,scale_free,independent,26,599382791
16,True,-1.4729556745190575,0.006211294101016345,2.5706499056382304e-11,2.8729640520555683e-12,2.6200241280502488e-11,7.037857093667804e-12,2.5566289902941234e-10,16,3,scale_free,independent,27,719926789
20,True,-1.111469870289408,-0.13945316067532562,1.5371829131689405e-10,6.794992263179304e-11,8.914167993651013e-11,1.2060057507969053e-10,5.861401256326862e-10,20,3,scale_free,independent,28,874562040
15,True,-1.741743546322122,0.6031599452877086,3.652643757556659e-12,2.139802232621523e-12,2.5990750599795543e-12,2.1563591539587263e-12,4.653195098472322e-11,15,3,scale_free,independent,29,44784837
35,True,-0.5109224578886304,-0.4748709228251115,1.5344260565641652e-16,6.409875621278546e-17,1.1102230246251565e-16,9.064933036736789e-17,1.7780414174628247e-08,35,3,scale_free,cascade,0,196434665
35,True,-0.5108908744080882,-0.8969407622269542,5.0553095183478675e-17,3.204937810639273e-17,3.204937810639273e-17,4.5324665183683945e-17,1.1666754994565823e-08,35,3,scale_free,cascade,1,280508617
34,True,-0.5113275804610653,-1.703041129138678,8.149045807375994e-12,5.66035769429835e-12,5.6603807644813466e-12,5.66035769429835e-12,8.620628860428598e-09,34,3,scale_free,cascade,2,310323672
34,True,-0.5108407273902141,-0.661921057898536,1.5344260565641652e-16,9.064933036736789e-17,9.064933036736789e-17,9.064933036736789e-17,2.4625096785985918e-08,34,3,scale_free,cascade,3,320417227
34,True,-0.5108919365616338,-0.8681191695316018,7.084013236654512e-17,5.551115123125783e-17,0.0,4.5324665183683945e-17,2.0014184743117286e-08,34,3,scale_free,cascade,4,971826425
32,True,-0.5104360728804269,-2.411457616493005,6.411124400371853e-16,3.9852857205868444e-16,3.984480205526452e-16,4.048414977091081e-16,1.1995181854091601e-08,32,3,scale_free,cascade,5,499306985
35,True,-0.5123146111913781,-0.9582963141794811,3.472653209993974e-11,2.126880307683285e-11,2.126880307683285e-11,2.1268799707537764e-11,1.0659771981582515e-08,35,3,scale_free,cascade,6,500741186
36,True,-0.5109732665320591,-0.6133497056405673,5.551115123125783e-17,0.0,5.551115123125783e-17,0.0,9.276882641866792e-09,36,3,scale_free,cascade,7,433698847
32,True,-0.5111980585838566,-2.2328264639615503,3.1587820899450733e-17,2.2662332591841973e-17,0.0,2.2662332591841973e-17,1.4113732144409779e-08,32,3,scale_free,cascade,8,143897502
35,True,-0.510843490151596,-1.1555767511418171,0.0,0.0,0.0,0.0,9.017837031781528e-09,35,3,scale_free,cascade,9,13936287
32,True,-0.5419811085284353,-0.9542574460829407,8.108675952920419e-10,9.064933036736789e-17,8.308148362110449e-16,9.048547986661478e-10,1.9455369118758866e-08,32,3,scale_free,heterogeneous_cascade,0,174278532
32,True,-0.5867126761700177,-0.7042117124637874,1.8159508736106373e-10,1.734723475976807e-18,2.2527030269943287e-15,1.932258152545937e-10,6.2415958036683044e-09,32,3,scale_free,heterogeneous_cascade,1,229656029
31,True,-0.5649707538650881,-1.5757983722698696,4.07423150051987e-10,1.0911044141911553e-11,1.0911348421107241e-11,4.466769314363365e-10,9.755711404613564e-09,31,3,scale_free,heterogeneous_cascade,2,131822217
36,True,-0.4656092520939168,-1.7816300246861474,6.424406747326242e-10,4.5324665183683945e-17,7.850462293418876e-17,7.582948805717154e-10,1.4142942668837968e-08,36,3,scale_free,heterogeneous_cascade,3,17961412
32,True,-0.47290906318112624,-3.345338859496931,1.7173498837570909e-09,1.6024689053196365e-17,5.951932367148822e-14,1.9118880894740865e-09,1.7117338172023222e-08,32,3,scale_free,heterogeneous_cascade,4,677658673
34,True,-0.5312268812720751,-0.39427870920693486,6.177222437275015e-10,6.409875621278546e-17,8.64739498196278e-16,6.816097755868412e-10,1.642050248197955e-08,34,3,scale_free,heterogeneous_cascade,5,969309912
30,True,-0.6093039429096815,-0.8986506144320527,2.356607429810329e-10,7.166458808248763e-17,1.7871205945577985e-12,2.873618622141667e-10,8.706626441728191e-09,30,3,scale_free,heterogeneous_cascade,6,121832504
36,True,-0.49778161418961264,-0.8099741316506417,1.3990442461941053e-09,0.0,7.448895334061035e-16,1.4936329297790983e-09,1.2073184259509958e-08,36,3,scale_free,heterogeneous_cascade,7,296535204
38,True,-0.43901725748686976,-0.8964267408253818,1.6210535876600402e-09,1.1102230246251565e-16,9.064933036736789e-17,1.7345069859763074e-09,3.598153130946429e-08,38,3,scale_free,heterogeneous_cascade,8,506329931
33,True,-0.558858859737673,-0.8612888253453201,3.8061901315913305e-10,1.3185420016876826e-16,1.1819905585455865e-16,4.158870271700415e-10,7.2560317854952705e-09,33,3,scale_free,heterogeneous_cascade,9,927502363
48,True,-0.37623846776854264,0.0072100081680447565,1.1411695923020875e-08,7.942804725515623e-09,6.369897889317517e-09,5.231794607658188e-09,2.0767050296074794e-08,48,4,cycle_baseline,independent,0,694262435
48,True,-0.37945058251328906,0.11293750596009561,1.1568273462096863e-08,1.95339656097706e-09,1.1797397624712437e-08,3.4462834604599864e-09,1.888814877566457e-08,48,4,cycle_baseline,independent,1,766188125
53,True,-0.33680615227875477,0.0032676557267075006,9.659249860659073e-09,1.942560338149103e-09,8.118785041367846e-09,4.919694891449371e-09,2.5789923344506127e-08,53,4,cycle_baseline,independent,2,417035785
50,True,-0.34911143647861076,-0.3797127744095213,1.200909958814989e-08,5.0756191068284856e-09,9.33941804005676e-09,6.237194113514726e-09,2.5739933073868853e-08,50,4,cycle_baseline,independent,3,199775651
46,True,-0.38371765074956465,-0.02315121490118124,1.3257340666876105e-08,7.280377618725034e-09,1.0159863947670344e-08,7.058095465721737e-09,3.015733292298868e-08,46,4,cycle_baseline,independent,4,864314383
46,True,-0.407425320394054,0.4161169861935139,5.802039766586745e-09,4.462064977113963e-09,1.3912772826695998e-09,5.545241085833708e-09,1.5149626776637574e-08,46,4,cycle_baseline,independent,5,804124525
48,True,-0.3893885573292886,0.45980740458659397,7.025241378107673e-09,5.600448478068368e-09,3.38248449256919e-09,3.5800658579928092e-09,1.8777151185252205e-08,48,4,cycle_baseline,independent,6,25101324
47,True,-0.38249011840568153,0.0698835190656525,1.4123536281406364e-08,3.5851819328357236e-09,1.5571258040927928e-08,2.0999860727818994e-09,2.5217300816572755e-08,47,4,cycle_baseline,independent,7,715407129
51,True,-0.35771558089935795,0.2326138649087656,9.521648751845103e-09,7.222694677748817e-09,5.410174650364617e-09,6.159725739605155e-09,2.1109055732610266e-08,51,4,cycle_baseline,independent,8,84388104
52,True,-0.341977892851586,-0.26656014310551623,1.1423644315347828e-08,9.209859134619953e-09,6.779268088081443e-09,2.6694651468868962e-09,2.088721521065045e-08,52,4,cycle_baseline,independent,9,738984003
48,True,-0.3490726063966934,-1.211185699869405,1.0206641620767494e-08,6.180731091250924e-09,6.180731091250924e-09,6.180731091250924e-09,2.1769417601683695e-08,48,4,cycle_baseline,cascade,0,825953844
51,True,-0.354578575242801,0.06208283769302684,1.0817779947523434e-08,6.39182613558471e-09,6.39182613558471e-09,6.391826133454428e-09,1.9678765688734158e-08,51,4,cycle_baseline,cascade,1,131057751
48,True,-0.37013068521035075,0.2145907082074185,1.2890843076924558e-08,1.0115171150609441e-08,1.0115171150609441e-08,1.0115171130656356e-08,3.4192328822606275e-08,48,4,cycle_baseline,cascade,2,433835864
48,True,-0.37609935801017497,-0.15673754494289305,8.832134864095285e-09,5.9169032266855595e-09,5.9169032266855595e-09,5.916903274525522e-09,1.7000790221511385e-08,48,4,cycle_baseline,cascade,3,123753803
47,True,-0.3650327884709563,-0.8363901856997685,1.266475854309658e-08,7.4179689742387195e-09,7.4179689742387195e-09,7.417968972759774e-09,1.966561586125396e-08,47,4,cycle_baseline,cascade,4,567282216
52,True,-0.33654796332132514,0.0357394997928407,1.60336131143943e-08,9.311491552492376e-09,9.311491549496413e-09,9.311491540361983e-09,3.638073770792559e-08,52,4,cycle_baseline,cascade,5,927562550
52,True,-0.3487696176497272,0.2657152879746794,1.0140170184994735e-08,6.168273151215656e-09,6.168273153606771e-09,6.168273148824541e-09,2.4750292634483595e-08,52,4,cycle_baseline,cascade,6,80869551
46,True,-0.40039041595242947,0.2323145582545123,6.391968779414271e-09,4.986275991880918e-09,4.986275991880918e-09,4.986275991633284e-09,2.0063773913302956e-08,46,4,cycle_baseline,cascade,7,397578193
53,True,-0.33672445659532324,0.473313564332592,1.4713086987053745e-08,9.611240659222601e-09,9.611240659222601e-09,9.611240621756008e-09,3.8776279721656827e-08,53,4,cycle_baseline,cascade,8,973120517
45,True,-0.38634679949607714,-0.08354365723324113,1.4288090055193328e-08,1.0715247447713073e-08,1.0715247447713073e-08,1.0715247447079532e-08,4.125136277775348e-08,45,4,cycle_baseline,cascade,9,300948691
47,True,-0.3530910559649792,-0.6299840646826834,2.2398750905528878e-08,1.688658300354023e-08,1.6886582911150734e-08,1.688656090656934e-08,4.684874482474864e-08,47,4,cycle_baseline,heterogeneous_cascade,0,132216707
52,True,-0.34993706168111166,0.16620502653595828,8.146623040147648e-09,5.8683638739384284e-09,5.868363871329121e-09,5.868397103527846e-09,1.9401697389852317e-08,52,4,cycle_baseline,heterogeneous_cascade,1,488584045
45,True,-0.39559829774356275,-0.6758600194357217,4.380391280180178e-09,3.385631391548707e-09,3.3856313960835186e-09,3.3150914786363563e-09,1.6697899177629088e-08,45,4,cycle_baseline,heterogeneous_cascade,2,508372582
46,True,-0.33249552679444616,-2.443792447869506,1.745905521263509e-08,1.0420605895614442e-08,1.0420605895614442e-08,1.0420595851825408e-08,2.7734798557355903e-08,46,4,cycle_baseline,heterogeneous_cascade,3,662864212
53,True,-0.3473097057848035,0.5036697431110478,8.396259431334713e-09,6.093885896031019e-09,6.0938858916379186e-09,6.093794402638568e-09,2.3427739058621353e-08,53,4,cycle_baseline,heterogeneous_cascade,4,313737557
49,True,-0.3710136619835832,0.5005073686481608,1.2616424718076052e-08,7.630333646221752e-09,7.630333646221752e-09,7.63062307417996e-09,2.8329956544218188e-08,49,4,cycle_baseline,heterogeneous_cascade,5,955623256
48,True,-0.3610810265255364,-0.6344107929591609,1.1627655709136155e-08,8.045333784374958e-09,8.04533377064096e-09,8.04525344422834e-09,2.3471162908803127e-08,48,4,cycle_baseline,heterogeneous_cascade,6,521022739
61,True,-0.28188494918319446,-0.03125216023098496,1.5047394642995024e-08,9.876279642306169e-09,9.876279642306169e-09,9.876279646279467e-09,4.3442016951391646e-08,61,4,cycle_baseline,heterogeneous_cascade,7,286446226
47,True,-0.35385067796938424,-1.1588850600553957,1.120281590364066e-08,8.210857536599353e-09,8.210857534049706e-09,8.211095363039238e-09,2.7654910697924298e-08,47,4,cycle_baseline,heterogeneous_cascade,8,960284448
46,True,-0.37415027729833594,-0.00680399481178124,1.591095767812043e-08,1.009212324195977e-08,1.0092123253224998e-08,1.0092449449223567e-08,5.727563483833606e-08,46,4,cycle_baseline,heterogeneous_cascade,9,924808429
49,True,-0.3599733022514809,-0.19206445612017903,1.6987824068627463e-08,1.3341502698148543e-08,5.895867571743132e-09,1.041426339051667e-08,2.3592293463937198e-08,49,4,random_strong,independent,0,499164775
44,True,-0.4171137771215713,-0.1622511084727274,9.925207347931873e-09,4.357409600752846e-09,5.8958188769587026e-09,7.2023481811059945e-09,1.3522136326200465e-08,44,4,random_strong,independent,1,24859491
21,True,-1.035069363493628,0.23992162062166844,1.963602279117522e-10,1.9087810550765328e-10,7.186071858826159e-11,6.864723014889499e-11,1.3554352834813698e-09,21,4,random_strong,independent,2,596936109
31,True,-0.5776011185547423,-0.2619364559819804,3.5687854336878315e-09,2.4119477290030407e-09,2.5915663458119813e-09,2.4459802701598345e-09,5.378744779358145e-09,31,4,random_strong,independent,3,555198042
49,True,-0.38273406882105165,0.5763405068203964,6.822464216022662e-09,4.0512988122125346e-09,5.1934603141593014e-09,2.5604059770354684e-09,1.964014822237993e-08,49,4,random_strong,independent,4,148208432
23,True,-0.9342519257586017,0.4980278261550256,3.775970213974128e-10,2.401008841277033e-10,2.5533878813065387e-10,2.2013645441828886e-10,2.334175344818883e-09,23,4,random_strong,independent,5,633975111
45,True,-0.39345807095384583,-0.1271686324489384,1.4516962813145612e-08,1.0791632884233642e-08,5.99734633782094e-09,7.965876397757694e-09,2.8668851469815747e-08,45,4,random_strong,independent,6,840793570
52,True,-0.3501548588477038,0.28160961084704234,1.3504518920149701e-08,6.879217536384198e-09,7.248814097542246e-09,9.127247947056013e-09,2.4059424610771665e-08,52,4,random_strong,independent,7,105897403
28,True,-0.665344702490472,-0.2074128335991225,4.352132348912897e-09,9.030158244197212e-10,1.958471596152981e-09,4.06525569480241e-09,1.0161834525946262e-08,28,4,random_strong,independent,8,723322635
38,True,-0.4982613304825648,0.29372438551927044,4.947225543695652e-09,4.056074898347138e-09,5.061883316073506e-10,2.82788014829987e-09,1.387008515226432e-08,38,4,random_strong,independent,9,140339596
28,True,-0.7134533537630805,0.030828250985661457,1.5564044493031736e-09,1.9690963072964586e-10,1.3808449026015203e-09,9.406567282375216e-10,4.136775780372357e-09,28,4,random_strong,independent,10,748826269
46,True,-0.40148499576288416,0.35975758894440707,8.580497590359822e-09,5.862030551032725e-09,4.888078156584396e-09,5.24323621194946e-09,2.0247511484630152e-08,46,4,random_strong,independent,11,419114319
45,True,-0.4178115543925352,0.42604388946860167,7.4470824146397455e-09,4.071003177945913e-09,4.384431446736169e-09,4.964420104421292e-09,1.721491652143303e-08,45,4,random_strong,independent,12,6511032
31,True,-0.6312927264636105,0.2839228502137479,3.147672965014819e-09,1.914163656775808e-09,1.813321848098339e-09,1.8763178704491303e-09,7.96573114956133e-09,31,4,random_strong,independent,13,966231912
48,True,-0.37025432538292735,-0.15504082672761677,1.0131112742822081e-08,3.1334655045629166e-09,6.139339171014302e-09,8.820887096549608e-09,2.343994471588682e-08,48,4,random_strong,independent,14,165970378
54,True,-0.3219000893281166,-0.383580064222583,2.0866828622325627e-08,1.1763947575249788e-08,1.6278385098748016e-08,8.020887191412315e-09,2.5637141528324263e-08,54,4,random_strong,independent,15,596042553
45,True,-0.4010179486688574,0.2054861798892441,8.542982005385254e-09,5.915198391942633e-09,4.134100345325762e-09,4.862250098514303e-09,2.9508721249931104e-08,45,4,random_strong,independent,16,181468228
50,True,-0.3393743687107662,-0.6532982054764119,2.8447624002452194e-08,1.630450082350237e-08,1.9488945087125087e-08,2.0711161218431918e-08,3.528511165940892e-08,50,4,random_strong,independent,17,933023221
43,True,-0.44462569545876846,0.2647275177226725,4.995095437130676e-09,4.144355553844976e-09,3.037323018221338e-09,4.382606172408077e-10,8.045067462281645e-09,43,4,random_strong,independent,18,738325540
47,True,-0.385428838071599,0.08038137887439739,8.736984742702929e-09,7.78493134501944e-09,4.092375655266482e-09,2.834724179024199e-09,2.274865555170547e-08,47,4,random_strong,independent,19,804360915
50,True,-0.34716798382143826,-0.4380649855231429,1.6676580808242292e-08,1.4452656756815675e-08,4.90011830397811e-09,7.2862192146810954e-09,2.6250573688822986e-08,50,4,random_strong,independent,20,432079895
24,True,-0.9093496125655064,0.5783079313805735,2.7888396181771547e-10,1.037101175452897e-10,2.4359437701856645e-10,1.187057131606125e-10,1.9200585839881926e-09,24,4,random_strong,independent,21,467381601
39,True,-0.4695724975827475,-7.426882495292745e-05,8.84821629858418e-09,4.8205589981852475e-09,7.748689161117633e-09,3.377537828397428e-09,1.6960286535694046e-08,39,4,random_strong,independent,22,784763449
46,True,-0.3964510284044442,0.12276813785606161,1.2211196301355879e-08,7.906033651112521e-09,9.329725941724798e-09,3.6671455863359188e-09,1.7522772296412057e-08,46,4,random_strong,independent,23,846979547
30,True,-0.655730961530441,-0.20509383128089892,1.7132166018088024e-09,1.070878827798316e-09,1.3092869771487315e-09,8.190493665637097e-10,4.998346026267712e-09,30,4,random_strong,independent,24,17836783
40,True,-0.4481422555801967,-0.26480857700480354,9.071604011067299e-09,9.934280368182855e-09,4.521719048872841e-09,1.7520551255494576e-09,1.815530611713337e-08,40,4,random_strong,independent,25,663561368
47,True,-0.37942501818297525,-0.45855405940264693,1.4284794410676782e-08,8.39210381651622e-09,6.5689335936866245e-09,9.817370492095042e-09,1.3854868921805485e-08,47,4,random_strong,independent,26,109143996
32,True,-0.6123572735035522,0.5931691115812987,3.8039957455605175e-09,3.5089757446484267e-09,9.357694725303232e-10,1.773480184140958e-09,8.964323238988745e-09,32,4,random_strong,independent,27,287931756
35,True,-0.5419195297326335,0.029061895551096013,3.892091902733785e-09,2.143798624540357e-09,1.9871112506893746e-09,2.7033853665334403e-09,1.0553983071244243e-08,35,4,random_strong,independent,28,829428614
29,True,-0.6595947757959708,0.05307287804614234,4.651250019524381e-09,5.50643337815196e-09,8.481152150144215e-10,1.3484155530110117e-09,1.1104582034826838e-08,29,4,random_strong,independent,29,250513173
38,True,-0.5099961885169729,0.20020111653616687,1.4504244622035958e-09,1.0401696947231508e-09,1.040169693884984e-09,1.040169697516277e-09,7.577620761273515e-09,38,4,random_strong,cascade,0,796817088
33,True,-0.5498435596642474,-0.8823470897648513,7.065899149145036e-10,5.135758517288114e-10,5.135758506314349e-10,5.13575889465656e-10,1.2197908555251322e-08,33,4,random_strong,cascade,1,463007801
46,True,-0.37208027083870693,-1.0269598692964856,8.982358079516866e-09,6.478091585658919e-09,6.478091585658919e-09,6.478091584964562e-09,1.830830471310295e-08,46,4,random_strong,cascade,2,232640741
35,True,-0.510901646405558,-0.7137689021153404,3.061842345276088e-13,2.045777523904099e-13,2.045782536282084e-13,2.0457975259777692e-13,1.4007062460935444e-08,35,4,random_strong,cascade,3,334244195
69,True,-0.2365472548305569,-0.7831198802505854,5.0393387397470794e-08,3.539562988471718e-08,3.539562988471718e-08,3.5395629894123836e-08,5.0667515679922884e-08,69,4,random_strong,cascade,4,530769590
38,True,-0.4966121361082528,0.12335717661726937,4.318223108429217e-09,2.7756978922841796e-09,2.775697910847846e-09,2.775697907588911e-09,1.0205867497326676e-08,38,4,random_strong,cascade,5,765147169
44,True,-0.41575056316023096,0.1364625215983795,1.0907682812828832e-08,7.0533325659659205e-09,7.0533325659659205e-09,7.0533325842345816e-09,1.9774591057714084e-08,44,4,random_strong,cascade,6,606015820
37,True,-0.5253382721279561,0.5090832786257,3.2128624380210818e-09,2.4690483944079453e-09,2.4690483983861795e-09,2.469048378805735e-09,9.371045218523123e-09,37,4,random_strong,cascade,7,933223844
48,True,-0.3624661179474439,-0.09589229282141594,3.801415614697354e-08,2.3986183921813753e-08,2.3986183921813753e-08,2.3986183947210246e-08,3.63762788493199e-08,48,4,random_strong,cascade,8,867738953
48,True,-0.38339118238621933,0.106707013202886,1.1232630920622465e-08,7.3525093136267936e-09,7.3525093136267936e-09,7.35250930709495e-09,1.834053603654919e-08,48,4,random_strong,cascade,9,753353532
48,True,-0.31510942778115003,-2.5012776054295176,1.1577603740258168e-08,6.905779817866099e-09,6.905779817866099e-09,6.905779817866099e-09,3.002803137908237e-08,48,4,random_strong,cascade,10,603107157
31,True,-0.6662866070056558,0.8064860621036889,8.989481935910085e-10,5.580954240157818e-10,5.580954247432242e-10,5.580953622021987e-10,8.123742895732226e-09,31,4,random_strong,cascade,11,289855815
50,True,-0.36292476271738416,0.29698467655756144,1.787826741395144e-08,1.0471649763680132e-08,1.0471649763680132e-08,1.0471649758190019e-08,2.6755333318652988e-08,50,4,random_strong,cascade,12,412571569
33,True,-0.5386501672024223,-1.3784675573299043,6.169605600034089e-10,3.807883700604816e-10,3.807883572842728e-10,3.807883513545631e-10,9.96390155592998e-09,33,4,random_strong,cascade,13,118894287
51,True,-0.3386609441142583,-0.5425954389831787,1.1321161094037334e-08,8.792724760821194e-09,8.792724760821194e-09,8.792724771137569e-09,2.5878541882181958e-08,51,4,random_strong,cascade,14,374184043
47,True,-0.39247235921361595,0.3543384262713277,7.918887067771636e-09,6.094569558015663e-09,6.094569558015663e-09,6.094569552810303e-09,1.914585752380448e-08,47,4,random_strong,cascade,15,926472243
39,True,-0.4364536104661981,-0.8252705688191109,1.1862445861221474e-08,6.914803273372906e-09,6.914803257450621e-09,6.9148031874775405e-09,4.002357124160027e-08,39,4,random_strong,cascade,16,425882086
35,True,-0.5348990566350795,0.05448988769674812,5.0807315663966435e-09,3.111594437057059e-09,3.111594430515626e-09,3.111594407751896e-09,1.800893066496767e-08,35,4,random_strong,cascade,17,113728822
42,True,-0.38616745058474444,-1.8872476351685363,1.0982636310816802e-08,7.689035963969386e-09,7.689035962655656e-09,7.689035964441274e-09,2.3458537000102296e-08,42,4,random_strong,cascade,18,651931025
50,True,-0.3369473244038782,-1.3000209944341503,1.6249802643102267e-08,9.784242045769015e-09,9.784242045769015e-09,9.784242022449238e-09,1.5887388461859508e-08,50,4,random_strong,cascade,19,962614874
38,True,-0.4842550757512784,0.18445225859717307,5.373959132718687e-09,3.901931113323304e-09,3.901931060877593e-09,3.901931041495986e-09,2.238433324539988e-08,38,4,random_strong,cascade,20,867490631
51,True,-0.347903557724754,-0.21684409937878835,8.907515600324272e-09,5.460697697918766e-09,5.460697697918766e-09,5.460697698204275e-09,2.3750633124666168e-08,51,4,random_strong,cascade,21,274076453
36,True,-0.5402513805959012,0.36726894926302334,2.90472723417422e-09,1.9936022274808707e-09,1.9936022287973034e-09,1.9936022190886966e-09,8.941988193873379e-09,36,4,random_strong,cascade,22,531016516
33,True,-0.5225392662688259,-1.149093491426585,5.141681832664904e-13,3.5682030426636926e-13,3.568229727697943e-13,3.5683078385686455e-13,1.9641210213727527e-08,33,4,random_strong,cascade,23,247839562
38,True,-0.44136924607247474,-0.9301419858398436,1.689714049304516e-08,1.2028198018352691e-08,1.2028198018352691e-08,1.2028197823953713e-08,3.977431566137102e-08,38,4,random_strong,cascade,24,268691983
52,True,-0.3549345127113946,0.4828695759638309,8.350854016310332e-09,5.334048210293597e-09,5.334048207669606e-09,5.33406180751712e-09,2.1978533849504055e-08,52,4,random_strong,heterogeneous_cascade,0,236662362
33,True,-0.5608222010591005,-0.6170513162194434,8.508587159334618e-10,5.012439411173475e-10,5.012293849547448e-10,6.800274482936092e-10,9.171343137214982e-09,33,4,random_strong,heterogeneous_cascade,1,994581298
51,True,-0.34961740539507874,0.26876782332622456,1.2821662440258835e-08,8.862974527985543e-09,8.862974490094082e-09,8.863215425358355e-09,3.407282163751891e-08,51,4,random_strong,heterogeneous_cascade,2,840856372
46,True,-0.3567704024246473,-1.4899748448871672,9.468319936969979e-09,5.8580365642378044e-09,5.858036563965747e-09,5.861203869845809e-09,2.46592881502267e-08,46,4,random_strong,heterogeneous_cascade,3,816568763
34,True,-0.5649972080506711,-0.03693943996485946,1.1409613240590986e-09,6.778751582457286e-10,6.778751639388354e-10,7.821585225687833e-10,9.066489213714152e-09,34,4,random_strong,heterogeneous_cascade,4,959143459
35,True,-0.5431410390845286,-0.2944633471374282,4.48561047495548e-09,2.7630315691957855e-09,2.763001064237386e-09,2.8481069898073786e-09,7.666587229730162e-09,35,4,random_strong,heterogeneous_cascade,5,105278079
37,True,-0.48566011943489873,-0.525888721969501,9.062594298438149e-09,6.098945438896634e-09,6.098939070635927e-09,6.295848026638414e-09,1.3132944250728781e-08,37,4,random_strong,heterogeneous_cascade,6,881632436
42,True,-0.44603212676110615,0.17694536108931083,4.63237511681368e-09,2.040767767200825e-09,2.0407677282543732e-09,3.720091796735458e-09,1.4760736644586138e-08,42,4,random_strong,heterogeneous_cascade,7,66558856
50,True,-0.36441730336669087,0.2665022165004524,8.189751759331827e-09,6.271946464121127e-09,6.271946466736756e-09,6.271875948507616e-09,2.2297731228468452e-08,50,4,random_strong,heterogeneous_cascade,8,475421013
46,True,-0.4027926649450953,0.6140917314640041,8.143840642565967e-09,5.883615614745859e-09,5.883615614745859e-09,5.883624942899185e-09,2.3949770054065083e-08,46,4,random_strong,heterogeneous_cascade,9,594433663
54,True,-0.31652603332874973,-0.1840215202150133,1.200550078414139e-08,9.145216071567117e-09,9.145216071567117e-09,9.145031351669073e-09,4.718022002049692e-08,54,4,random_strong,heterogeneous_cascade,10,357861086
33,True,-0.5004433915642776,-1.6985311062386679,1.1458724807553799e-09,2.321594213096947e-14,1.470877917247973e-14,1.3219557286497183e-09,2.0676350901399785e-08,33,4,random_strong,heterogeneous_cascade,11,146173244
36,True,-0.4693777914505633,-1.6802321000220934,1.329980942922564e-09,3.4672736786193904e-13,3.4617602982785163e-13,1.6003252243207781e-09,1.5206702030666738e-08,36,4,random_strong,heterogeneous_cascade,12,192301330
43,True,-0.40294700322448274,-0.6567890521684291,1.2424176843488451e-08,8.699847193525743e-09,8.699847191322192e-09,8.411398255275462e-09,2.4105976230754095e-08,43,4,random_strong,heterogeneous_cascade,13,824664190
42,True,-0.4418962681981826,0.2899904663891008,8.512119852708216e-09,5.4987954307501236e-09,5.4987954422852565e-09,5.493683995887752e-09,1.6771253927656498e-08,42,4,random_strong,heterogeneous_cascade,14,318723902
17,True,-1.4482327737160983,0.7177559713689331,2.4729615937589765e-11,1.745533204018823e-11,1.5131525034347678e-11,1.5120165089330647e-11,1.5640406788752755e-10,17,4,small_world,independent,0,310334673
18,True,-1.3187023203113437,0.9817807916448597,6.93491599762822e-11,5.290288179944174e-11,1.1112161310983314e-11,4.6031736035079136e-11,4.978139559884691e-10,18,4,small_world,independent,1,923361870
19,True,-1.1095630778741756,-0.04098419587186078,3.908313329034683e-10,3.8434390969529617e-10,1.2759639330444805e-10,2.0562038073767762e-10,2.0364695366344954e-09,19,4,small_world,independent,2,143871932
19,True,-1.263037954115155,0.7138697874621047,4.3993499838447076e-11,2.8528929918349183e-11,2.21348940277338e-11,2.8114133633976998e-11,2.4692174133680515e-10,19,4,small_world,independent,3,915266918
20,True,-1.1028912609270707,0.2562094026357285,2.8086591785063927e-10,2.8824978957957797e-10,1.5873734921636114e-10,1.537608527831857e-11,1.2509996913729114e-09,20,4,small_world,independent,4,920970472
17,True,-1.409608192241082,-0.15790906571226312,1.2229700802739258e-11,1.2523556894189365e-11,4.4867388765830525e-12,1.9315495966293238e-12,1.3701001825441785e-10,17,4,small_world,independent,5,165531722
14,True,-2.15213794126265,2.419867382314625,2.6187514746352054e-13,8.909348362013446e-14,5.876233592398722e-14,2.6633454646614946e-13,5.723450940137506e-12,14,4,small_world,independent,6,155860864
18,True,-1.2706988287964058,-0.34672969947618826,6.764646864841847e-11,3.6196460890030227e-13,2.592265626926492e-11,6.737084140783702e-11,3.611914216218472e-10,18,4,small_world,independent,7,284720082
16,True,-1.5349577617614119,0.3935559066594124,1.2275312533615763e-11,3.3925587412751198e-12,1.2528248530635427e-11,1.206114003137592e-12,1.4637542553781482e-10,16,4,small_world,independent,8,577415648
14,True,-2.515260014432983,0.9620588764480765,4.994532371253384e-16,8.831770080096235e-17,5.763878168445254e-16,2.7755575615628914e-17,1.3788055364713635e-14,14,4,small_world,independent,9,455657927
25,True,-0.864447049947538,0.6923185535615474,2.766663520107658e-10,1.567794012772087e-10,1.4853011312909783e-10,1.922326223049504e-10,1.9521424921233933e-09,25,4,small_world,independent,10,115490063
16,True,-1.4830591661461334,0.4178780030180337,2.953589446191093e-11,1.5014614345248123e-11,3.0475698667464044e-12,2.8753439466139568e-11,3.367137356866738e-10,16,4,small_world,independent,11,540284122
15,True,-1.7107579084486977,0.43325205972079195,6.0340821487840325e-12,2.141197975536581e-12,4.388363323257814e-12,4.648588144280638e-12,5.8038909439676886e-11,15,4,small_world,independent,12,21148016
18,True,-1.3366616766261419,0.5597974884158755,2.41699102985988e-11,9.91975981851674e-12,1.4734210677081796e-11,2.1004570532759125e-11,2.1175963407938818e-10,18,4,small_world,independent,13,709036174
17,True,-1.3258417425409261,-0.4477052048951328,5.993334417682561e-11,5.420726739797403e-11,3.254277013834959e-11,2.8635403268967883e-11,3.863888549897735e-10,17,4,small_world,independent,14,55395408
15,True,-1.7929650264234915,0.6501746741745873,2.1578423400326434e-12,1.1166451164533424e-13,2.024012223103382e-12,1.555620486547245e-12,2.456647298246949e-11,15,4,small_world,independent,15,194821837
21,True,-1.1250218607506,1.084900651231926,5.095971868195262e-11,2.2821730001282665e-11,4.286474727045253e-11,3.727733531045109e-11,5.002925235458526e-10,21,4,small_world,independent,16,174641470
22,True,-0.9438077815129408,-0.37065541512713285,4.671007139018878e-10,1.1455461494051396e-10,3.7330858366093576e-10,3.5753712623787827e-10,1.7045632444237548e-09,22,4,small_world,independent,17,830994091
18,True,-1.3448206659167958,0.58567001706838,1.6281920346045443e-11,7.858056379037944e-12,7.510113111154531e-12,1.885708761826059e-11,2.1185388216984598e-10,18,4,small_world,independent,18,53381932
17,True,-1.44295168229016,0.8493720143641761,1.7068943832709885e-11,8.388093885456429e-12,1.5722243836312923e-11,6.7522414372244135e-12,2.0367711212545743e-10,17,4,small_world,independent,19,429259661
19,True,-1.2038736535688161,0.012934470225461245,6.06520751587445e-11,3.826842841219546e-11,1.0994289094784993e-11,5.249131358733544e-11,2.5093579802214924e-10,19,4,small_world,independent,20,515995552
14,True,-1.825833901059305,0.49960389739688627,7.801201944435447e-12,6.501010344576634e-12,5.579574691483547e-12,8.309513913365105e-13,1.0462198214996027e-10,14,4,small_world,independent,21,680714526
14,True,-2.0546865516271606,0.8041817660823993,2.5623801440131633e-13,1.9280884788277271e-13,1.9248482034017893e-13,1.0933814323476852e-13,6.524022120659074e-12,14,4,small_world,independent,22,803101314
16,True,-1.5067204384632722,0.39440354368065605,1.6389800424998092e-11,1.63155357849204e-11,3.186605439775673e-12,1.2059435639129031e-11,2.2751061117887568e-10,16,4,small_world,independent,23,393630456
18,True,-1.3836186098988328,1.4617959946850656,2.4417696874182452e-11,5.650817703758149e-12,1.951757211824769e-11,1.4002262355621952e-11,2.484316487150887e-10,18,4,small_world,independent,24,828217867
17,True,-1.3856598967134048,0.7815187445941421,7.429912391399995e-11,5.3185535416815865e-11,4.9097549829407606e-11,4.602785484193575e-11,5.102267483696822e-10,17,4,small_world,independent,25,317991096
27,True,-0.7616401393715021,0.7474677015829664,7.867577535388058e-10,6.953884196201071e-10,5.688696445737345e-11,4.659574162479729e-10,5.301680996521617e-09,27,4,small_world,independent,26,984422711
17,True,-1.3882526667908215,0.08887580248202852,2.3432190982145198e-11,7.85213997138188e-12,9.853149258535881e-12,2.0626108441693635e-11,2.469747702205271e-10,17,4,small_world,independent,27,504526236
17,True,-1.4910575753024946,1.0556495227499896,1.1379596153753104e-11,3.42269857192959e-12,1.7679584804970508e-12,1.212526904769324e-11,1.3991888558751862e-10,17,4,small_world,independent,28,736013340
15,True,-1.6814618014418126,0.820671755808739,9.71581088313912e-12,6.0633061935610995e-12,7.991021572776552e-12,4.744777800110883e-12,1.4333855876768973e-10,15,4,small_world,independent,29,792651245
34,True,-0.5108716630832005,-0.971929486757372,7.266504033903428e-17,5.551115123125783e-17,5.551115123125783e-17,0.0,1.804878094204138e-08,34,4,small_world,cascade,0,851131626
31,True,-0.5192451254836654,-2.8702876644287985,1.8957410693804502e-17,1.3877787807814457e-17,1.962615573354719e-17,1.3877787807814457e-17,1.0584581078151583e-08,31,4,small_world,cascade,1,536513576
25,True,-0.7588148412472177,-1.8356057294027774,5.83853351941242e-17,4.163336342344337e-17,3.1031676915590914e-17,3.671717528720129e-17,8.892112277487415e-09,25,4,small_world,cascade,2,43475061
31,True,-0.521539633815329,-3.0210282123847807,1.3877787807814457e-17,0.0,0.0,1.962615573354719e-17,8.692691393841296e-09,31,4,small_world,cascade,3,493083536
30,True,-0.5334548123640486,-2.8391981784801734,6.125951915699056e-17,6.206335383118183e-17,0.0,3.925231146709438e-17,1.3655643706640974e-08,30,4,small_world,cascade,4,181498409
35,True,-0.5108435987888319,-1.1147812954903737,2.0816681711721685e-17,1.962615573354719e-17,0.0,1.3877787807814457e-17,9.393297792374415e-09,35,4,small_world,cascade,5,889116584
33,True,-0.5112081621900318,-2.058558817891857,5.204170427930421e-18,3.469446951953614e-18,6.938893903907228e-18,6.938893903907228e-18,1.0075734195047436e-08,33,4,small_world,cascade,6,236744870
33,True,-0.511056867205413,-1.4694568461369877,7.582964277521801e-17,7.850462293418876e-17,5.551115123125783e-17,5.551115123125783e-17,1.8218956066180645e-08,33,4,small_world,cascade,7,228069828
34,True,-0.5109464833466967,-0.9495836268524149,5.179260919542346e-17,2.7755575615628914e-17,3.925231146709438e-17,3.925231146709438e-17,1.8426296211113004e-08,34,4,small_world,cascade,8,249387575
35,True,-0.5108201029397691,-0.9896994299538927,1.2018516789897274e-17,1.3877787807814457e-17,1.3877787807814457e-17,1.3877787807814457e-17,1.065063459648852e-08,35,4,small_world,cascade,9,642566260
39,True,-0.435055652151903,-1.307721090657873,1.729059763422325e-09,3.1031676915590914e-17,1.9966659672768449e-16,2.061850488386592e-09,1.7875981611769332e-08,39,4,small_world,heterogeneous_cascade,0,571232651
36,True,-0.46344826695941926,-1.7454099712933426,7.923377579044415e-10,1.3877787807814457e-17,3.3993498887762956e-17,9.898839797304374e-10,1.5755704500310367e-08,36,4,small_world,heterogeneous_cascade,1,948840873
28,True,-0.5449176064911955,-3.7313319819257176,2.5186313819081365e-10,9.813077866773595e-18,7.874498204455796e-15,2.937637288474224e-10,9.85157148857005e-09,28,4,small_world,heterogeneous_cascade,2,416262425
30,True,-0.4882376652695741,-4.239473787378099,1.224324408387099e-09,1.5582620164068382e-10,1.558276878792588e-10,1.4103276553637465e-09,1.2144252827526275e-08,30,4,small_world,heterogeneous_cascade,3,282278162
35,True,-0.4818152190305576,-1.6086607533801693,7.442746419172863e-10,0.0,0.0,8.715578985934529e-10,1.5377926344624017e-08,35,4,small_world,heterogeneous_cascade,4,49254119
30,True,-0.6027812521636898,-1.3682469941607716,1.9784786510736786e-10,4.008139102717561e-13,4.0076161640965783e-13,2.6135690919591205e-10,6.6291730801366745e-09,30,4,small_world,heterogeneous_cascade,5,7075908
32,True,-0.5601695924182312,-0.7749080945412177,3.4788860681098386e-10,7.850462293418876e-17,2.2887833992611187e-16,3.611478924467851e-10,1.3238207172295068e-08,32,4,small_world,heterogeneous_cascade,6,373614138
31,True,-0.5880333159585458,-1.1787054718483665,3.344583829075076e-10,4.336808689942018e-19,1.1964425620135151e-14,4.2885410000088626e-10,6.736069635007832e-09,31,4,small_world,heterogeneous_cascade,7,925817394
38,True,-0.4503336595668809,-1.5125088366469521,1.357755845254884e-09,0.0,6.509259464525837e-17,1.4031109785552287e-09,1.2787486968904731e-08,38,4,small_world,heterogeneous_cascade,8,523752948
33,True,-0.5276109983695924,-1.347060645512284,4.66704634054347e-10,9.69739903612216e-19,9.514380567092521e-15,5.825443417426517e-10,1.2121346853540183e-08,33,4,small_world,heterogeneous_cascade,9,893547618
15,True,-1.7429284410716663,0.7646790855458925,2.9320485980505088e-12,3.4781783938915697e-13,2.9705606882719027e-12,1.1729265371600152e-12,5.984925191407816e-11,15,4,scale_free,independent,0,101671902
16,True,-1.5244821897302185,0.7322197591622204,2.31778183999374e-11,3.981268835014758e-12,1.6044538468201406e-11,1.8972810773335065e-11,2.523027353519964e-10,16,4,scale_free,independent,1,93321003
29,True,-0.6711411479792756,-0.06170471759970087,3.3876814981195477e-09,1.5089584270234592e-09,2.3266098935849878e-09,2.5138624282358377e-09,7.631547949040883e-09,29,4,scale_free,independent,2,833458553
25,True,-0.7771769985984466,-0.7347356297228647,1.3220675069227033e-09,1.2441426898967499e-09,7.166833575411282e-10,7.468029938827822e-10,3.804425447934567e-09,25,4,scale_free,independent,3,106742028
18,True,-1.196183430600012,-1.2164753396548658,9.017578212027788e-11,1.1741021027336055e-11,4.6591697633793975e-11,7.953098898518093e-11,4.431500809673348e-10,18,4,scale_free,independent,4,51961866
26,True,-0.8070205830695331,0.7694146936867823,5.703573106647537e-10,2.3218142805781498e-10,1.4959022831622915e-11,5.218534199703517e-10,3.732964644736307e-09,26,4,scale_free,independent,5,404092687
19,True,-1.082277292072198,-0.24794456194840522,7.795150761953406e-10,7.00632487937917e-11,6.394368617696227e-10,6.318973583827699e-10,3.543916933697187e-09,19,4,scale_free,independent,6,924841868
24,True,-0.8572603622716187,0.29349987284198703,1.0707749230001756e-09,4.814536222394638e-10,9.651936030792842e-10,2.150827859157966e-10,3.6665945881507995e-09,24,4,scale_free,independent,7,689383376
18,True,-1.2304409224456856,0.2789559871308524,1.0333430919661405e-10,1.0442098369457354e-11,1.0141937115698567e-10,6.564079392121461e-11,1.0881579708285861e-09,18,4,scale_free,independent,8,99113141
20,True,-1.1254946920662996,-0.16193862129014433,1.0890615704450765e-10,4.4440477667357177e-11,9.649849780506856e-11,4.965986548226017e-11,5.025065078610638e-10,20,4,scale_free,independent,9,837131042
18,True,-1.252779917807002,0.31658651244618435,1.0421418443566206e-10,8.679189264706327e-11,5.610207529475834e-11,4.051387382515268e-11,8.336725142285923e-10,18,4,scale_free,independent,10,843574951
21,True,-1.0925020920923771,0.6406906383424191,1.0493058914623195e-10,6.23653748510459e-11,8.323420268559084e-11,3.8677258505333415e-11,5.985485486313777e-10,21,4,scale_free,independent,11,800696537
15,True,-1.790477127830376,0.7297604954990115,1.5938914618978245e-12,7.34242057311466e-13,1.6812973356317486e-12,5.755209615299696e-13,2.6853582698407713e-11,15,4,scale_free,independent,12,902653143
30,True,-0.6852750888080126,0.7951399603038946,7.893711033245879e-10,4.976843275993558e-10,4.030163209042776e-10,5.851278541229762e-10,5.183601722208981e-09,30,4,scale_free,independent,13,239878021
30,True,-0.6397774655587875,-0.4476545816910304,9.001962277954501e-10,4.669088201374287e-10,3.493466421703352e-10,7.544663180502936e-10,5.595958346178685e-09,30,4,scale_free,independent,14,979570680
19,True,-1.2276373833995415,0.15928816253360134,5.622408408277589e-11,2.7898693956722037e-11,4.9658032856612785e-11,1.8274027304421794e-11,2.94114941407786e-10,19,4,scale_free,independent,15,320696310
16,True,-1.5608345210739305,0.676240720738553,1.3909558746518057e-11,5.6126046727719785e-12,7.570077079500799e-12,1.374699616360233e-11,1.4593084695118144e-10,16,4,scale_free,independent,16,802025880
17,True,-1.3952214917451256,0.7414904875527302,4.746503673982438e-11,3.4006233981422084e-11,2.8208248137889695e-11,2.120471019913433e-11,4.148487147837111e-10,17,4,scale_free,independent,17,579364553
22,True,-1.0834199800997477,1.9542268521704,5.925268181434134e-10,7.427969274433779e-11,6.540150421386682e-10,2.1015504112194718e-10,2.4379893029322043e-09,22,4,scale_free,independent,18,779477540
19,True,-1.247299332121112,0.18921769019888135,2.989981051859119e-11,1.7146324821654e-11,2.4419083849739394e-11,1.015558223221387e-11,2.154516079978702e-10,19,4,scale_free,independent,19,627819419
15,True,-1.7756686172821323,0.8169441595303361,2.461018742231895e-12,1.1562225801915384e-12,1.7738855924151497e-12,1.8513096038663338e-12,4.314970129718206e-11,15,4,scale_free,independent,20,642483275
22,True,-0.9241894127130655,-0.5359948168168274,5.644856594168754e-10,4.879363008278553e-10,4.923696902639261e-10,1.5437488348101945e-10,2.1809708962870013e-09,22,4,scale_free,independent,21,616284092
23,True,-0.8888730323242846,-0.05523395218437786,9.079357844022514e-10,8.662802019909886e-10,2.3652091091148026e-11,4.824493996259701e-10,3.0950594176726444e-09,23,4,scale_free,independent,22,778996354
39,True,-0.46470767178000555,-0.33561278438111136,8.625842910990936e-09,7.362335327114336e-09,1.4372677141856874e-09,6.4558547384173704e-09,1.531384668606639e-08,39,4,scale_free,independent,23,739042961
20,True,-1.1570855597372105,0.8416254158089349,6.867557549081876e-11,6.07680771242571e-11,4.720294607808381e-12,5.192509833898182e-11,6.652232324404842e-10,20,4,scale_free,independent,24,134552208
14,True,-1.9394409952224758,0.5040084379019687,1.3993673956534864e-12,6.166551255130851e-13,1.2448894798083866e-12,3.7617645453625433e-13,1.1984124588865073e-11,14,4,scale_free,independent,25,826054879
23,True,-0.9528843379964071,0.5095321658730575,2.987402649704192e-10,1.8641806577332369e-10,1.6692057964041435e-10,2.378974298329567e-10,1.0294493302393376e-09,23,4,scale_free,independent,26,536068035
19,True,-1.2755775886502767,0.7959943463305191,2.4719767714615995e-11,1.6777481239026364e-11,1.867921659636896e-11,8.281181391409469e-12,2.383904351288471e-10,19,4,scale_free,independent,27,323083423
17,True,-1.351933296037965,0.2587941529504471,9.22029510130436e-11,7.993823900093371e-12,4.752089670775751e-11,7.899388524819384e-11,5.317900319896897e-10,17,4,scale_free,independent,28,514222870
22,True,-1.0169070660780521,0.7884724369016752,1.8469096610620302e-10,6.783562062733065e-11,1.8004345533093352e-10,5.863214263427597e-11,1.3563314794977802e-09,22,4,scale_free,independent,29,966983473
34,True,-0.5122913727149533,-0.786676897986503,1.6397743845602289e-12,1.1224928146189746e-12,1.1224928146189746e-12,1.1224669529912657e-12,2.1011304830701305e-08,34,4,scale_free,cascade,0,857572143
32,True,-0.5108454646134886,-2.3094153600577263,6.938893903907228e-18,6.938893903907228e-18,0.0,6.938893903907228e-18,1.3168731001537989e-08,32,4,scale_free,cascade,1,833698510
29,True,-0.5823829314581294,-2.4712719456592622,1.7280944555150453e-12,1.0613218524133122e-12,1.0613135907237388e-12,1.0613099266340729e-12,1.2997740649276752e-08,29,4,scale_free,cascade,2,462799365
32,True,-0.5118911927700562,-2.3946860100351217,6.617367110693356e-17,3.3993498887762956e-17,4.163336342344337e-17,3.925231146709438e-17,1.1834866282194785e-08,32,4,scale_free,cascade,3,784137842
34,True,-0.5115879778938831,-1.4409109221553633,4.1457750390218057e-17,2.7755575615628914e-17,1.962615573354719e-17,2.4037033579794548e-17,1.1115615678058032e-08,34,4,scale_free,cascade,4,385089495
33,True,-0.5117290486463769,-1.352074916800566,1.627504604738781e-16,5.551115123125783e-17,1.1102230246251565e-16,1.2412670766236366e-16,2.0195588257819503e-08,33,4,scale_free,cascade,5,686165481
35,True,-0.5108656319644318,-0.8348273172404175,3.920670413238351e-17,3.3993498887762956e-17,1.962615573354719e-17,1.3877787807814457e-17,1.2421660353101183e-08,35,4,scale_free,cascade,6,639563271
36,True,-0.5108794878308923,-0.5698594643560014,0.0,0.0,0.0,0.0,9.71074309852796e-09,36,4,scale_free,cascade,7,249798705
30,True,-0.5287655401014784,-2.5885077990394953,8.901509477261947e-17,6.206335383118183e-17,6.206335383118183e-17,4.8074067159589095e-17,1.9295637369456084e-08,30,4,scale_free,cascade,8,266463317
32,True,-0.5123996067534896,-2.4180636011826735,5.774056030037964e-13,3.777507653372267e-13,3.777531220719348e-13,3.7774840909765975e-13,1.1438169509982789e-08,32,4,scale_free,cascade,9,61133145
35,True,-0.4944461307722097,-1.2097510747073246,1.1321321381025365e-09,8.508331816806488e-15,8.508331816806488e-15,1.3020601988241514e-09,1.513715009609468e-08,35,4,scale_free,heterogeneous_cascade,0,139768410
29,True,-0.6813483713064594,0.11582120589701989,1.1651600831585098e-09,8.203363869049388e-10,8.208363624775448e-10,8.104138072451271e-10,4.408482171488468e-09,29,4,scale_free,heterogeneous_cascade,1,433618652
35,True,-0.4947813541125215,-0.9032913513372562,1.585105255386292e-09,6.206335383118183e-17,5.4672143489065705e-16,1.7050351825590776e-09,2.0019203933581673e-08,35,4,scale_free,heterogeneous_cascade,2,477877273
37,True,-0.4620549734328105,-0.8942849958874,1.3097991580226179e-09,7.850462293418876e-17,7.850462293418876e-17,1.7023643611088886e-09,2.4413550886631822e-08,37,4,scale_free,heterogeneous_cascade,3,165120732
34,True,-0.4744390271358246,-2.760865909545994,2.9312619418939444e-10,6.938893903907228e-18,1.9611829544306395e-14,2.959828482912334e-10,1.0475274237878952e-08,34,4,scale_free,heterogeneous_cascade,4,416889368
38,True,-0.4682574106544887,-0.9047236877494795,8.277318162615267e-10,1.5826126705163793e-15,1.5826107690610188e-15,1.0023863142657725e-09,1.2153946832375673e-08,38,4,scale_free,heterogeneous_cascade,5,604177519
35,True,-0.4916468414118713,-1.3359262907346734,8.54189836918542e-10,4.163336342344337e-17,4.8074067159589095e-17,9.797155566280603e-10,1.4450581041118192e-08,35,4,scale_free,heterogeneous_cascade,6,232569940
36,True,-0.5118859955047884,-0.4638560876461845,5.953451497520308e-10,1.0842021724855044e-19,2.42434975903054e-19,7.608529072139082e-10,1.0416166207042282e-08,36,4,scale_free,heterogeneous_cascade,7,338236901
33,True,-0.5295737923004976,-1.4245739628418925,1.7838090865932758e-09,7.180008522235874e-15,7.20710278823077e-15,2.092795173477739e-09,1.0431068052192282e-08,33,4,scale_free,heterogeneous_cascade,8,505053887
33,True,-0.5348317200092226,-1.1935531804499875,4.932720534338301e-10,3.606896757916438e-12,3.607251711250069e-12,6.512390967578412e-10,1.1158062393605449e-08,33,4,scale_free,heterogeneous_cascade,9,366392449
75,True,-0.22877537897439482,-0.16381884559582705,2.850797337231662e-08,1.7782240668792807e-08,1.5848184972716602e-08,1.638592354521132e-08,3.776112070708133e-08,75,5,cycle_baseline,independent,0,736944618
67,True,-0.25654432946832667,-0.2368645885293474,1.9611764438595035e-08,1.5111212531718018e-08,7.010027303858563e-09,1.075653751035731e-08,3.7601576947809875e-08,67,5,cycle_baseline,independent,1,327495564
82,True,-0.21239338319885415,0.2881964553299499,2.3950776356149113e-08,1.6051318101910102e-08,1.287496874694791e-08,1.2897397380584634e-08,4.5403700324561675e-08,82,5,cycle_baseline,independent,2,433896756
75,True,-0.22977130600036566,0.20375905651782117,2.7987878929684655e-08,1.742820254875692e-08,1.813647937571755e-08,1.4076437967078961e-08,5.0761349895925697e-08,75,5,cycle_baseline,independent,3,379464079
70,True,-0.24441196038830912,-0.17175178674363525,2.0444890310801416e-08,8.726161037132354e-09,1.1166633151206492e-08,1.4943620950334633e-08,4.1462226129085164e-08,70,5,cycle_baseline,independent,4,182915795
71,True,-0.23738838888195402,-0.37228444579249903,2.54002424319005e-08,1.0549650064704059e-08,7.472611021472676e-09,2.267250180829747e-08,4.112536232060816e-08,71,5,cycle_baseline,independent,5,685743345
80,True,-0.2093132458616232,-0.28451984938635794,3.6352221044519815e-08,2.962572445641419e-08,7.637752624627573e-09,2.03181358796977e-08,4.8715660352589986e-08,80,5,cycle_baseline,independent,6,235446164
79,True,-0.21440084766452838,-0.07065506906787114,2.7580986664543784e-08,7.894630398619729e-09,2.7677892932009347e-08,8.16332891457252e-09,5.1635631365947004e-08,79,5,cycle_baseline,independent,7,296876474
83,True,-0.19488623924782597,-0.8446782394653398,2.317321866231802e-08,7.441679617786183e-09,1.2520826103266906e-08,1.8718467107793535e-08,4.962771250928334e-08,83,5,cycle_baseline,independent,8,792751956
75,True,-0.2319806465331639,0.0893594880423243,1.91603944728292e-08,1.0235350555046937e-08,5.80886410712852e-09,1.5524145651782715e-08,3.859522953937647e-08,75,5,cycle_baseline,independent,9,948857926
69,True,-0.23912443544932088,-0.3873721719988536,3.319277304015077e-08,2.0311261647031127e-08,2.0311261647031127e-08,2.0311261673218762e-08,5.588444619667623e-08,69,5,cycle_baseline,cascade,0,670843161
80,True,-0.22044369852891751,0.5344540477510271,2.3920009743322364e-08,1.5021235486668022e-08,1.5021235486668022e-08,1.5021235486668022e-08,4.568659894553195e-08,80,5,cycle_baseline,cascade,1,916348019
80,True,-0.20530206563836817,-0.7081296847000688,3.576639282640723e-08,2.2135856086278373e-08,2.2135856086278373e-08,2.2135856086278373e-08,4.6159454156601743e-08,80,5,cycle_baseline,cascade,2,854190633
75,True,-0.2303804910562365,-0.02311203741828356,2.5214335064984465e-08,1.5445606235411458e-08,1.5445606235411458e-08,1.5445606234386843e-08,3.900961376358274e-08,75,5,cycle_baseline,cascade,3,480910428
78,True,-0.23397910288864482,0.8900937913873949,1.6594171775043317e-08,1.0365610995447936e-08,1.0365610995447936e-08,1.036561099814003e-08,3.8281146258039406e-08,78,5,cycle_baseline,cascade,4,770290177
64,True,-0.2268355183463366,-2.6978667466712536,2.0658981098182723e-08,1.3638959360093387e-08,1.3638959360093387e-08,1.3638959363971701e-08,4.038380712502329e-08,64,5,cycle_baseline,cascade,5,328361204
80,True,-0.20950317507808983,-0.37944329913547126,2.9044756837934557e-08,1.946152830995485e-08,1.946152830995485e-08,1.946152830995485e-08,4.2934437179005785e-08,80,5,cycle_baseline,cascade,6,460497051
75,True,-0.22354215225931237,-0.5770499074439916,1.7707105814052917e-08,1.0991430380318277e-08,1.0991430380318277e-08,1.0991430380318277e-08,3.818674563612296e-08,75,5,cycle_baseline,cascade,7,535434789
73,True,-0.22519201070968664,-0.11806051669502199,3.96213435572392e-08,2.4856415617003006e-08,2.4856415617003006e-08,2.4856415617003006e-08,7.423006585310932e-08,73,5,cycle_baseline,cascade,8,960493017
71,True,-0.21988283009379683,-1.4682711503507815,2.3827545272380773e-08,1.5241787425799555e-08,1.5241787425799555e-08,1.5241787425799555e-08,4.6379385741734385e-08,71,5,cycle_baseline,cascade,9,848560488
75,True,-0.22445619974827782,0.040224763263401485,3.3679884384568645e-08,2.2144661987403792e-08,2.2144662011873234e-08,2.2144661558848058e-08,6.719647272204756e-08,75,5,cycle_baseline,heterogeneous_cascade,0,489252968
75,True,-0.23456306050600786,0.3179501362356854,1.840941875388134e-08,1.1462942224237325e-08,1.1462942222187844e-08,1.1462942227824704e-08,4.115376410798095e-08,75,5,cycle_baseline,heterogeneous_cascade,1,652587340
66,True,-0.24503189499725855,-0.5887573481700676,3.848369773066415e-08,2.461139573951678e-08,2.461139572472027e-08,2.4611395749777334e-08,5.984154598994022e-08,66,5,cycle_baseline,heterogeneous_cascade,2,202356499
57,True,-0.2940609790531628,-0.7744597967408534,1.4421088718297487e-08,1.0849825818546927e-08,1.0849825818546927e-08,1.0849826646477097e-08,3.120484747846789e-08,57,5,cycle_baseline,heterogeneous_cascade,3,804391827
78,True,-0.21795195825864955,-0.31750097107222075,3.1909184043821015e-08,1.9516904346800026e-08,1.951690435203453e-08,1.9516904346800026e-08,3.500708958255832e-08,78,5,cycle_baseline,heterogeneous_cascade,4,553037957
63,True,-0.24746997105353352,-1.2384309532919784,4.0604600933713756e-08,2.763954978010335e-08,2.7639549756006644e-08,2.763954949104001e-08,7.036452532143298e-08,63,5,cycle_baseline,heterogeneous_cascade,5,532722275
85,True,-0.20807090255824393,0.5736091121794308,2.10814893381443e-08,1.3636042557582305e-08,1.3636042558048907e-08,1.3636042562725361e-08,4.3283441058050076e-08,85,5,cycle_baseline,heterogeneous_cascade,6,766283525
73,True,-0.23520136990162785,-0.2674478316445807,1.823735470238662e-08,1.3333072750645626e-08,1.3333072731548258e-08,1.3333073227590898e-08,3.483424300961892e-08,73,5,cycle_baseline,heterogeneous_cascade,7,632917629
72,True,-0.2212657477374892,-1.3202161320061974,2.4667858431552008e-08,1.6786770014088943e-08,1.6786770014088943e-08,1.678677001143156e-08,4.07778736833972e-08,72,5,cycle_baseline,heterogeneous_cascade,8,72467079
77,True,-0.20922752171730674,-1.0801865081650033,2.572799911004129e-08,1.6978775803075726e-08,1.697877580456911e-08,1.6978775803129533e-08,4.238794765520093e-08,77,5,cycle_baseline,heterogeneous_cascade,9,288155614
47,True,-0.3768314950345707,0.050535784877118885,1.4308620826748946e-08,1.0777250582139902e-08,1.2215040775711623e-09,1.095745878154224e-08,2.768755966238413e-08,47,5,random_strong,independent,0,176718966
39,True,-0.4753431583710766,0.6075774254722982,1.8872856989381714e-08,1.3371075135142233e-08,1.9335177480214554e-09,1.4210752263146312e-08,4.065619229302223e-08,39,5,random_strong,independent,1,734893162
46,True,-0.37278354769597705,-0.772932557924202,1.0969194937126547e-08,9.893284716595492e-09,2.5676556231248296e-09,6.194387162400117e-09,2.5373746281868452e-08,46,5,random_strong,independent,2,35147171
41,True,-0.44852967281328276,-0.03698273484313125,7.0476167995245936e-09,2.0791936759264903e-09,6.1376470577659654e-09,5.233620431732538e-09,1.8966548777737657e-08,41,5,random_strong,independent,3,202404593
63,True,-0.26716559710161003,-0.2717693184060752,3.6648396660877544e-08,2.2859952343965553e-08,2.7778458974248964e-08,1.3991667398613632e-08,4.8481807808941126e-08,63,5,random_strong,independent,4,597445036
74,True,-0.23742577557663055,0.30809122903230934,1.7926819038684257e-08,1.638309428073079e-08,4.288479948393486e-09,9.956114828385401e-09,3.8281970038595806e-08,74,5,random_strong,independent,5,694798128
41,True,-0.4466479318241538,-0.3423761032106875,6.876274410953734e-09,5.4579052655035025e-09,3.6494975303785793e-09,3.21487870141797e-09,1.2027454046093865e-08,41,5,random_strong,independent,6,503304898
60,True,-0.2840251988322211,-0.3461242159858733,1.9725917709247005e-08,5.593454096381956e-09,1.571947555486653e-08,1.334146814995702e-08,4.0523576682347934e-08,60,5,random_strong,independent,7,860719068
45,True,-0.40539683979587987,0.14335530531624943,9.150423823876637e-09,6.445484177985427e-09,6.048914034030645e-09,2.8261756871466077e-09,2.1014899740916323e-08,45,5,random_strong,independent,8,918940086
41,True,-0.4616540953813905,0.19209485766993786,4.9842382307203746e-09,1.0457713715438926e-09,3.9314585859150915e-09,3.066787734573504e-09,1.1874838574217297e-08,41,5,random_strong,independent,9,132102837
36,True,-0.4831425746322825,-0.6766262447204042,8.527598102748534e-09,7.655899222678154e-09,4.048020054368921e-09,5.026864698797695e-09,2.1694770155193922e-08,36,5,random_strong,independent,10,952511093
44,True,-0.4034513481069751,0.06226817216897148,1.0826433263133552e-08,4.9786935941484485e-09,3.6520865862136426e-09,9.393809542498154e-09,2.8733391029326202e-08,44,5,random_strong,independent,11,614379740
74,True,-0.2340778958973833,-0.08697621795505653,2.139799893259e-08,1.4166062542180996e-08,3.5398590660705505e-09,1.6969103415659493e-08,3.5269057594160404e-08,74,5,random_strong,independent,12,636219155
60,True,-0.26709731469416836,-0.8110098490185008,6.494065850784709e-08,3.011151776609419e-08,4.4336409383903736e-08,4.143064180177008e-08,6.365836040782548e-08,60,5,random_strong,independent,13,95095748
28,True,-0.6978630454870246,0.04329669620093901,1.4869411543048987e-09,8.121590565636794e-10,6.355659917055464e-10,1.4248293868799129e-09,5.631809545340419e-09,28,5,random_strong,independent,14,621871878
65,True,-0.2603823438991656,-0.19492049104066989,2.856131792224305e-08,1.0657380548117174e-08,4.258341755943526e-09,2.7520733264267834e-08,4.983660545970676e-08,65,5,random_strong,independent,15,725715628
70,True,-0.2468037210978469,-0.014187273982715607,2.4579372385107544e-08,1.7422963503627948e-08,1.3416557497093381e-08,1.2011494951049008e-08,3.937834655597979e-08,70,5,random_strong,independent,16,580791130
28,True,-0.7334730221914431,0.7196030493002704,1.3835126773876828e-09,5.488471363754218e-10,1.302931108158626e-09,5.561763596052855e-10,4.251632882282156e-09,28,5,random_strong,independent,17,84493218
57,True,-0.30884295707077636,0.0944109576193347,1.7553821697690737e-08,1.001966391282746e-08,1.4233699227147094e-08,3.674085495455331e-09,3.3332429723296917e-08,57,5,random_strong,independent,18,523227452
39,True,-0.49259232758524457,0.31786124441087144,3.931492737367559e-09,3.751105174348601e-09,2.231625255309439e-09,3.719785060724179e-10,1.2600411394760824e-08,39,5,random_strong,independent,19,935939822
37,True,-0.49558200728539686,-0.05426184654677173,1.1356977619267907e-08,1.2796598108360433e-08,2.1942527969873888e-09,3.5343595404847566e-09,2.5278838553805492e-08,37,5,random_strong,independent,20,723416511
82,True,-0.21265382924223392,0.27275509805176057,2.4022696307664474e-08,1.4666014020463892e-08,1.3540043211202083e-08,1.3546800707568292e-08,4.329030101377686e-08,82,5,random_strong,independent,21,137407929
50,True,-0.34283221207594894,-0.242885504413848,2.0327572156132644e-08,6.881457282786293e-09,1.4418263442047311e-08,1.3163285032761681e-08,4.0497373215364246e-08,50,5,random_strong,independent,22,959938503
73,True,-0.22774215247479412,0.11026287804929574,4.804608225489332e-08,3.5799364430431954e-08,1.4811088967782042e-09,3.235628817316217e-08,8.591183293093748e-08,73,5,random_strong,independent,23,958880245
38,True,-0.49646000419923497,0.14189501937575236,8.752118942927012e-09,6.530482119991566e-09,7.214712210013966e-09,2.7782079102607605e-09,1.4796384149737039e-08,38,5,random_strong,independent,24,169395527
35,True,-0.5421467891795994,-0.11585709606853815,4.573248797579432e-09,2.6343229352475036e-09,4.719551569174404e-09,1.6131883866229516e-09,9.465297757804678e-09,35,5,random_strong,independent,25,406717106
57,True,-0.30632118500189576,0.021162853745701638,2.093207905033592e-08,4.212884767410001e-09,1.25742882272051e-08,1.6760883048072934e-08,3.824270852607183e-08,57,5,random_strong,independent,26,593682004
58,True,-0.3082899644838544,0.09993545380086555,1.3869331967131485e-08,1.1956120303936443e-08,2.0910978491952137e-09,1.0035581431801647e-08,2.8065723574098847e-08,58,5,random_strong,independent,27,445186310
80,True,-0.20867187346276617,-0.3337333512569754,4.189428657824683e-08,1.9589117804498885e-08,2.587557060656406e-08,2.9065172309467575e-08,5.05631456307393e-08,80,5,random_strong,independent,28,782624104
72,True,-0.2349004949611316,-0.3374763499537507,2.526045899068238e-08,1.6245684703542754e-08,1.606547791189019e-08,1.1309688320381851e-08,4.089250179644355e-08,72,5,random_strong,independent,29,996659857
47,True,-0.37351016086500616,-0.5461462524910257,1.278186856355143e-08,8.460122669004145e-09,8.460122669004145e-09,8.46012268225236e-09,1.5062062395493814e-08,47,5,random_strong,cascade,0,795114838
53,True,-0.34499262373938866,0.5290560897164248,1.1461955433448636e-08,7.574274026300469e-09,7.574274026300469e-09,7.57427402400811e-09,3.029639479577694e-08,53,5,random_strong,cascade,1,931371428
43,True,-0.42634983198743065,0.43876305535724447,1.5209329183269438e-08,9.306419500536546e-09,9.306419500536546e-09,9.306419440021856e-09,1.9253049134754726e-08,43,5,random_strong,cascade,2,946027062
70,True,-0.2356161864234807,-0.9800101874583257,1.5886775403229994e-08,1.0172555361444592e-08,1.0172555361444592e-08,1.0172555375538014e-08,3.453721630910043e-08,70,5,random_strong,cascade,3,253383353
73,True,-0.24632273749658035,0.3354689558380222,2.2639285070422607e-08,1.4514517250736845e-08,1.4514517250736845e-08,1.4514517256516857e-08,2.282581703625326e-08,73,5,random_strong,cascade,4,721856569
35,True,-0.5136314706666446,-0.17417180435669666,2.1824218881773037e-10,1.6979499415855035e-10,1.6979498609206586e-10,1.6979495669875868e-10,2.2389571153782467e-08,35,5,random_strong,cascade,5,590075895
53,True,-0.31622744340927067,-0.3213531086628664,1.5775477729791008e-08,1.068051987289614e-08,1.068051987289614e-08,1.0680519906868414e-08,5.702791468615333e-08,53,5,random_strong,cascade,6,50146171
35,True,-0.510895661040908,-1.1245783874212205,4.915602127378686e-10,3.422203927612479e-10,3.4222039224929983e-10,3.4222032360229403e-10,9.298256015082949e-09,35,5,random_strong,cascade,7,95049197
47,True,-0.3798025138352351,-0.3731470033598214,1.1798849185758696e-08,7.923278145106783e-09,7.923278145106783e-09,7.923278157038264e-09,1.5692321668636614e-08,47,5,random_strong,cascade,8,520547390
45,True,-0.4147997688466289,0.32699365815112924,6.931128743538896e-09,4.327721071586464e-09,4.327721071586464e-09,4.327721071586464e-09,1.5720650842045617e-08,45,5,random_strong,cascade,9,616165699
42,True,-0.43561004749101995,0.026248934915494137,1.0161711868818003e-08,7.573610963323208e-09,7.573610963323208e-09,7.573610953422466e-09,2.345150246772179e-08,42,5,random_strong,cascade,10,167719341
55,True,-0.3042586872035173,-0.3524843075628432,1.6907464289999795e-08,1.1550598078344019e-08,1.1550598078344019e-08,1.155059807623962e-08,6.110583802719567e-08,55,5,random_strong,cascade,11,129340220
44,True,-0.4224303241327892,0.33950378810543064,7.503805470352381e-09,5.312782822366042e-09,5.312782821754952e-09,5.312782815825111e-09,1.6536978376140648e-08,44,5,random_strong,cascade,12,564950611
59,True,-0.28260890784907466,-0.5293712847442053,2.1866418679307304e-08,1.3417806370685135e-08,1.3417806370685135e-08,1.3417806371471988e-08,5.5957884454662815e-08,59,5,random_strong,cascade,13,7853640
47,True,-0.3714399756949425,-0.6577341614939272,9.027833743096095e-09,5.846562392967999e-09,5.846562392967999e-09,5.846562390431847e-09,1.8260952445034557e-08,47,5,random_strong,cascade,14,465985152
38,True,-0.4978753652660032,0.019291405609058735,3.830263181409941e-09,2.6282391406303355e-09,2.6282391450084697e-09,2.628239133476189e-09,8.344088276958438e-09,38,5,random_strong,cascade,15,679276262
56,True,-0.30194225897278126,-0.8536536588861534,1.6647490259816505e-08,1.032370042098293e-08,1.032370042098293e-08,1.0323700420103292e-08,2.5161923707654224e-08,56,5,random_strong,cascade,16,522631775
68,True,-0.2474961715576426,-0.6521706245519412,2.1267695359609232e-08,1.4795670709236039e-08,1.4795670709236039e-08,1.4795670705959689e-08,3.955408790438291e-08,68,5,random_strong,cascade,17,727748755
68,True,-0.229160409574322,-1.6482070485175109,2.9706855677964254e-08,2.2644038166727867e-08,2.2644038166727867e-08,2.2644038145533012e-08,4.04117487336351e-08,68,5,random_strong,cascade,18,763923389
77,True,-0.21995557669167792,-0.23260758016386943,1.9962120834429304e-08,1.3023075645798217e-08,1.3023075645798217e-08,1.3023075645798217e-08,4.097941895644311e-08,77,5,random_strong,cascade,19,920117749
49,True,-0.32937597537545255,-1.8712280859687114,1.2927569867666534e-08,8.940262191349099e-09,8.940262191349099e-09,8.940262192903697e-09,1.6434572098609095e-08,49,5,random_strong,cascade,20,799244716
36,True,-0.5113758589677341,-0.40062420022868395,1.0052864331875993e-12,6.884400268499688e-13,6.884400268499688e-13,6.884400268499688e-13,1.1366023464685352e-08,36,5,random_strong,cascade,21,517706191
34,True,-0.5226949802752767,-1.025690577377744,7.12600611525293e-11,4.4778286951314785e-11,4.4778287182348275e-11,4.4778285336610654e-11,1.3065958544114228e-08,34,5,random_strong,cascade,22,492153215
52,True,-0.34508408163720355,-0.09187011434044536,9.603464484325444e-09,5.80605803820966e-09,5.80605803820966e-09,5.806058047693824e-09,1.989132220444238e-08,52,5,random_strong,cascade,23,235708589
53,True,-0.312247629523613,-1.078435414502418,1.4702740433438187e-08,1.1401152879467024e-08,1.1401152879467024e-08,1.1401152879467024e-08,3.3956059815660215e-08,53,5,random_strong,cascade,24,599593441
54,True,-0.33491178009120615,0.01947820224509754,1.1933780237270104e-08,7.614198056016666e-09,7.614198056016666e-09,7.614198056016666e-09,1.801725271410633e-08,54,5,random_strong,cascade,25,139135442
38,True,-0.512836660042021,0.5053104561583026,2.542162706296969e-09,1.6719497193093811e-09,1.6719497234523049e-09,1.6719497204066569e-09,1.1203037645664403e-08,38,5,random_strong,cascade,26,931236235
75,True,-0.22808014183887942,-0.18761362096482517,2.2070336174234677e-08,1.4237528939635038e-08,1.4237528939635038e-08,1.4237528939635038e-08,3.891719737394832e-08,75,5,random_strong,cascade,27,845044258
36,True,-0.5202875818727969,-0.4238376648890842,3.7041517439046e-12,2.5156128762674928e-12,2.51560652461239e-12,2.5156212991296865e-12,8.934958146077969e-09,36,5,random_strong,cascade,28,119733588
34,True,-0.5193277545255232,-1.3792749314576247,8.82447124885215e-10,6.90385308618621e-10,6.903853155687536e-10,6.903851951300566e-10,9.129779020369669e-09,34,5,random_strong,cascade,29,785955881
78,True,-0.21231050507157798,-0.2594830776593456,3.010168428022797e-08,1.9623446223625952e-08,1.962344620668038e-08,1.9623446217545453e-08,6.276658774174705e-08,78,5,random_strong,heterogeneous_cascade,0,117103565
67,True,-0.24737710497717424,-0.8927536750780215,2.3952552852915153e-08,1.4681637979714238e-08,1.4681637976271979e-08,1.4681638007755886e-08,3.283279106151297e-08,67,5,random_strong,heterogeneous_cascade,1,87709011
36,True,-0.48453089073503336,-0.6142723869088229,5.203100301419577e-10,5.2911476402177e-13,5.290536286438309e-13,5.651405654650611e-10,2.455031230417286e-08,36,5,random_strong,heterogeneous_cascade,2,488193417
60,True,-0.2866609054027909,-0.17464885686220055,1.888621280656711e-08,1.1989029358850018e-08,1.1989029363224649e-08,1.1989029627308243e-08,3.7006785996623065e-08,60,5,random_strong,heterogeneous_cascade,3,657863284
42,True,-0.42424223873085076,-0.48056822599630333,1.0407013029386454e-08,7.440388095924653e-09,7.440388105093942e-09,7.2938138840649595e-09,1.57575756934472e-08,42,5,random_strong,heterogeneous_cascade,4,728810839
44,True,-0.4069011574624719,-0.11311264143961659,1.230638485352829e-08,7.700240051149787e-09,7.70024004560066e-09,7.68648440170431e-09,2.2211326214099857e-08,44,5,random_strong,heterogeneous_cascade,5,418608300
47,True,-0.3793730870151546,-0.32490388584960284,9.658606989345379e-09,7.867494126662513e-09,7.867494125681884e-09,7.86364391617563e-09,1.9892056386516154e-08,47,5,random_strong,heterogeneous_cascade,6,921623466
60,True,-0.29727468262576384,0.18614029058964388,1.4766555547847324e-08,9.316268588793579e-09,9.316268594653551e-09,9.316268595053417e-09,3.101503467202273e-08,60,5,random_strong,heterogeneous_cascade,7,774321415
57,True,-0.2917563159475438,-0.8224054031896727,1.8831268173702374e-08,1.3370369484038346e-08,1.3370369484730787e-08,1.3370399305798349e-08,3.640203021946062e-08,57,5,random_strong,heterogeneous_cascade,8,208264757
68,True,-0.2619392082517236,0.3415761950504122,1.727871488269672e-08,1.1715742444736528e-08,1.1715742439089825e-08,1.171574323643473e-08,3.365036686030168e-08,68,5,random_strong,heterogeneous_cascade,9,671231413
33,True,-0.5580561650350917,-0.8677703002909837,1.6398859079674398e-10,1.4067656909045058e-11,1.4067515949531575e-11,1.8711589408936292e-10,7.746756746181125e-09,33,5,random_strong,heterogeneous_cascade,10,730534585
68,True,-0.2560166131224976,0.08996486238803196,2.1876353544238885e-08,1.4378500355470678e-08,1.437850034905953e-08,1.437850071238734e-08,3.828565033916157e-08,68,5,random_strong,heterogeneous_cascade,11,333637758
52,True,-0.29439849071793545,-1.4093719822386606,5.724691221944487e-08,3.7267039686053245e-08,3.7267039686053245e-08,3.726686113494786e-08,7.113316850670598e-08,52,5,random_strong,heterogeneous_cascade,12,738231321
38,True,-0.47492193109676106,0.503433612032809,1.2602305557885377e-08,8.334785893917893e-09,8.334785893917893e-09,8.294845873909635e-09,4.8014503875230284e-08,38,5,random_strong,heterogeneous_cascade,13,898366547
43,True,-0.4260446076762241,0.14339405782034023,6.799290760432701e-09,5.187062747333499e-09,5.187062752879414e-09,5.188061947137461e-09,2.0161171689024714e-08,43,5,random_strong,heterogeneous_cascade,14,817114285
76,True,-0.21802543759652515,-0.6750961517356594,2.2774211740784027e-08,1.4440711494486284e-08,1.4440711484743834e-08,1.4440711486651537e-08,4.08291897294908e-08,76,5,random_strong,heterogeneous_cascade,15,762532146
59,True,-0.2650138556687224,-1.3678407954765834,5.586681965448228e-08,3.390117207370415e-08,3.390117207370415e-08,3.390117200866206e-08,3.703535205474797e-08,59,5,random_strong,heterogeneous_cascade,16,634497437
53,True,-0.3280692180665141,-0.370762245981567,6.328766471750761e-09,4.79913858024152e-09,4.79913858024152e-09,4.799135554639665e-09,3.0206090210157717e-08,53,5,random_strong,heterogeneous_cascade,17,270534940
39,True,-0.44671666025610324,-0.6661879394279155,9.52367484981591e-09,6.452982783653818e-09,6.4529827674679355e-09,6.3580450327084536e-09,2.1445468000536107e-08,39,5,random_strong,heterogeneous_cascade,18,795222948
75,True,-0.2295627789427132,-0.010360072864760143,3.695278166117159e-08,2.8204445254335352e-08,2.820444526268585e-08,2.8204445262193697e-08,3.832666092232001e-08,75,5,random_strong,heterogeneous_cascade,19,364192017
41,True,-0.451268151300149,0.06047413668382184,8.219442198437639e-09,6.087988396286159e-09,6.087988386175603e-09,6.095556628743266e-09,1.5883208480086013e-08,41,5,random_strong,heterogeneous_cascade,20,532196820
34,True,-0.5832221031766892,0.6993119885556176,3.2748026821848882e-09,2.4895084599698383e-09,2.4895084593053695e-09,2.280416400657082e-09,9.205558702857029e-09,34,5,random_strong,heterogeneous_cascade,21,314439980
32,True,-0.621890659366006,0.22584223487745375,1.5236531563233406e-09,1.109897479494863e-09,1.1098977634382498e-09,8.214523660518882e-10,5.733347508880742e-09,32,5,random_strong,heterogeneous_cascade,22,313017073
56,True,-0.3277933765868791,0.687972979030547,1.5077451831760796e-08,1.064341456047087e-08,1.064341456047087e-08,1.0643418451916874e-08,2.7031988091974156e-08,56,5,random_strong,heterogeneous_cascade,23,157611648
76,True,-0.1724021262515869,-3.632351085726019,1.375452078799083e-07,8.78641341828558e-08,8.7864134185183e-08,8.786413414055715e-08,6.414900953156333e-08,76,5,random_strong,heterogeneous_cascade,24,961297677
67,True,-0.25034323441916684,0.0032115284617258454,4.671609310145443e-08,3.192880075423711e-08,3.192880079165539e-08,3.19288007586707e-08,7.334970087803985e-08,67,5,random_strong,heterogeneous_cascade,25,147783372
50,True,-0.30253160414600905,-2.2018082794795033,3.99839610924291e-08,2.966206219780728e-08,2.96620622434911e-08,2.9662174589657566e-08,4.054478144591144e-08,50,5,random_strong,heterogeneous_cascade,26,86258814
55,True,-0.3258258522619153,-0.016817908379720022,1.2464237814327577e-08,8.23758495885793e-09,8.237584958607401e-09,8.237584918504627e-09,2.230721617707778e-08,55,5,random_strong,heterogeneous_cascade,27,936127463
56,True,-0.3162610147117003,0.15893502538518406,8.809277937820028e-09,6.413440068141975e-09,6.413440068141975e-09,6.4105802733196844e-09,3.488970888135788e-08,56,5,random_strong,heterogeneous_cascade,28,555013166
55,True,-0.31048320736571994,-0.4527997572447238,1.4919147865099538e-08,1.072520168794311e-08,1.0725201689928077e-08,1.0725198298690292e-08,3.209072647000611e-08,55,5,random_strong,heterogeneous_cascade,29,437904037
20,True,-1.1096728953854025,0.5011602509558306,1.3019191137252985e-10,5.496068177308834e-11,9.557177329553156e-11,8.748731919517773e-11,1.2844195117124259e-09,20,5,small_world,independent,0,737491350
22,True,-0.9788062203776732,-0.03280473196756702,1.1084333739457507e-10,5.3195182683229575e-11,1.1589236688690152e-10,5.089240459465955e-11,1.146103925471387e-09,22,5,small_world,independent,1,383319822
19,True,-1.229115868791036,0.9319691192333539,8.36663237553439e-11,8.749135430450655e-12,7.187995586622303e-11,4.802326934797595e-11,6.172511982207606e-10,19,5,small_world,independent,2,127921618
16,True,-1.5162957593431,-0.5223831193735524,5.90422911628679e-12,3.757602629189985e-12,3.5280038165801824e-12,4.029759500465918e-12,8.096286416854827e-11,16,5,small_world,independent,3,729685708
14,True,-2.013137350541561,0.38018844966286885,4.4320816947359097e-13,1.716225685502886e-13,4.1839614131030026e-13,1.3627612510627424e-13,6.907608559084144e-12,14,5,small_world,independent,4,175999499
29,True,-0.638843716730449,-0.7232210063038428,3.4285349482972345e-09,3.384409633064439e-09,1.8222924644922408e-09,6.824296750893027e-11,8.268154111028792e-09,29,5,small_world,independent,5,552993065
16,True,-1.5323999730868614,0.6616312830679948,2.6260140670117485e-11,2.3367005806036873e-11,1.840166293955809e-11,1.1143878824828743e-11,2.4405730976097147e-10,16,5,small_world,independent,6,949066137
15,True,-1.6089794912716526,0.2723800787280661,1.323199298842435e-11,7.317704192337131e-12,8.423113109421795e-12,1.3205750205974938e-11,2.2965342693944198e-10,15,5,small_world,independent,7,936139986
17,True,-1.5817168948482863,1.8584995781054057,1.037793270867681e-11,8.375748412640815e-12,5.647522874736356e-12,7.52446746041495e-12,8.714793972548299e-11,17,5,small_world,independent,8,360782988
15,True,-1.9794348594150482,1.6716968704441642,2.415167371990241e-13,2.2715564260527722e-13,1.0090814261363419e-13,1.350310077295493e-13,6.851217688395552e-12,15,5,small_world,independent,9,780301493
16,True,-1.4876950300477467,0.09442781263285875,3.24046785564985e-11,2.789405611880332e-11,1.8840440318261355e-11,9.48658460598548e-12,2.5890837392405794e-10,16,5,small_world,independent,10,612675798
16,True,-1.5959765546436306,0.5121760588651771,6.032920693795953e-12,3.0850868924193893e-12,5.56982786035191e-12,1.408930048788127e-12,6.749818692887191e-11,16,5,small_world,independent,11,479369563
19,True,-1.174954077565887,-0.02239793586526405,1.0077505509744908e-10,6.6111884457565e-11,1.000015156062309e-10,4.2258708438703873e-11,6.389482654513731e-10,19,5,small_world,independent,12,139928115
18,True,-1.2545999186753538,-0.1967800085783196,4.358131993279637e-11,7.1895126765622676e-12,4.4141477946076105e-11,7.568250978033073e-12,4.5646743511504146e-10,18,5,small_world,independent,13,376359473
17,True,-1.4150151354419354,0.44148948479502537,1.9195248405275376e-11,2.930783354413246e-12,1.1233868417188852e-11,1.666851673256899e-11,2.2285447140454275e-10,17,5,small_world,independent,14,651918081
15,True,-1.743566666230751,0.14998405131317313,2.0158052941643444e-12,1.3960157159784392e-12,1.5271751533678725e-12,9.8706469462949e-13,3.353507851652307e-11,15,5,small_world,independent,15,986631544
16,True,-1.5648215492179194,0.4804501468832555,7.662124450855668e-12,1.5142742757955006e-13,7.403674083692606e-12,3.312395202245026e-12,1.0752451294504047e-10,16,5,small_world,independent,16,4890577
16,True,-1.6392444325771272,1.2794353436216959,8.919567910442686e-12,1.1374422612845695e-11,2.2696710448103356e-12,4.22422810994893e-12,1.5365505900537302e-10,16,5,small_world,independent,17,951194659
17,True,-1.3271929843458583,-0.17489028275035967,7.689632235152562e-11,6.268877326953377e-11,1.9569244115531802e-11,5.3131487465780453e-11,5.197791782254073e-10,17,5,small_world,independent,18,423803690
20,True,-1.1257347428857376,-0.04867532660150202,8.765961897047719e-11,5.880156759693077e-11,8.954721587619724e-12,8.548523799542075e-11,4.864266552573599e-10,20,5,small_world,independent,19,118478577
16,True,-1.3906408717659293,-0.47292239575399303,1.590404538701046e-10,6.356144883133875e-11,1.1255789724387172e-10,1.0794961063599159e-10,9.530792626570195e-10,16,5,small_world,independent,20,270967183
18,True,-1.2753146817829328,0.517004851623776,8.667354732236964e-11,7.091239946915644e-12,4.94410504064586e-11,8.980323543074039e-11,6.446239852005888e-10,18,5,small_world,independent,21,850533679
16,True,-1.3892845459408638,-0.8986902340913535,5.409013876835773e-11,3.055868505780985e-12,4.3228867285049005e-11,4.629659152321625e-11,4.198443294748432e-10,16,5,small_world,independent,22,877934920
19,True,-1.1499238189604377,-0.2627386095971898,1.2148222376166385e-10,7.858103837406681e-11,1.0032394078643958e-10,1.8544477370997504e-11,8.363174895459812e-10,19,5,small_world,independent,23,637073883
19,True,-1.229117445274735,0.9845265335842872,6.065541130090731e-11,4.5260589099789516e-11,4.335029968403203e-11,2.7268717107556863e-11,6.37560729857714e-10,19,5,small_world,independent,24,122740492
33,True,-0.5150681469522793,-1.9470596247431153,2.6803154833089313e-17,2.482534153247273e-17,0.0,3.510833468576701e-17,1.0372921704467288e-08,33,5,small_world,cascade,0,121921678
35,True,-0.5108343641042101,-0.7673209779771678,2.024083328689959e-17,1.2412670766236365e-17,1.2412670766236365e-17,1.0749688212373146e-17,1.3298762327015905e-08,35,5,small_world,cascade,1,478172113
34,True,-0.5108907881276731,-0.9233375399166716,1.2021969114368802e-16,0.0,8.599750569898517e-17,8.599750569898517e-17,1.893947251116753e-08,34,5,small_world,cascade,2,588257999
33,True,-0.5112839705695246,-0.9948521879795303,1.3725777293309829e-16,9.930136612989092e-17,7.021666937153402e-17,1.1102230246251565e-16,2.9142583515833358e-08,33,5,small_world,cascade,3,32378624
34,True,-0.5110271485080972,-0.9573882918279815,7.283593653001427e-17,3.510833468576701e-17,4.965068306494546e-17,4.2998752849492583e-17,1.825051774627772e-08,34,5,small_world,cascade,4,686096365
35,True,-0.5108292735349174,-1.047521555261893,6.2007604399292684e-18,4.105104994197872e-18,2.6874220530932865e-18,4.105104994197872e-18,1.0050140501707866e-08,35,5,small_world,cascade,5,544510021
34,True,-0.5109014560351086,-1.194790713778864,9.650203336322674e-17,5.551115123125783e-17,7.021666937153402e-17,5.551115123125783e-17,1.4433630546859643e-08,34,5,small_world,cascade,6,12302685
33,True,-0.5109058041663881,-1.054424856683249,8.286817471267754e-17,4.965068306494546e-17,8.599750569898517e-17,4.965068306494546e-17,2.7680037842309166e-08,33,5,small_world,cascade,7,95677540
34,True,-0.5108594954123473,-1.1455808985611757,2.2204460492503132e-17,0.0,0.0,3.510833468576701e-17,1.517568170260165e-08,34,5,small_world,cascade,8,454317961
26,True,-0.608791170627939,-4.066800894920309,2.4503807662796223e-17,1.5202354861220293e-17,1.5202354861220293e-17,1.5202354861220293e-17,8.71578014148396e-09,26,5,small_world,cascade,9,722585435
36,True,-0.48511047680556896,-0.6976919620137224,9.533294709210356e-10,1.3597399555105182e-16,7.203628004108047e-16,1.0406798370792657e-09,2.111496067786203e-08,36,5,small_world,heterogeneous_cascade,0,431301593
30,True,-0.5229432629101441,-3.149072716451343,6.668778545084868e-10,0.0,2.0484637748516e-14,8.796720703941454e-10,1.2217852920662007e-08,30,5,small_world,heterogeneous_cascade,1,295359025
33,True,-0.46185974314713785,-3.1238361304024114,6.172373112622983e-10,0.0,1.2161883888976234e-16,6.811267183346202e-10,1.681907147196346e-08,33,5,small_world,heterogeneous_cascade,2,968310348
39,True,-0.4339028551310924,-1.6699727933115818,9.870507342024658e-10,6.206335383118182e-18,7.601177430610146e-18,1.06626909518628e-09,1.3001175465906745e-08,39,5,small_world,heterogeneous_cascade,3,458548081
31,True,-0.5517511766524058,-1.715455505606328,5.04373932304321e-10,4.983652532311797e-16,2.1819780578680233e-14,6.875832385248627e-10,1.196978539183337e-08,31,5,small_world,heterogeneous_cascade,4,315389720
37,True,-0.47458514297898313,-1.200633609429811,7.206375773894013e-10,2.1499376424746292e-17,6.080941944488117e-17,8.566113627030605e-10,1.1445787296076056e-08,37,5,small_world,heterogeneous_cascade,5,442314126
27,True,-0.5965895774847145,-3.695207283719768,8.708887711554001e-10,2.1174430123461377e-16,1.512003302268338e-13,1.007466605892584e-09,1.1001533739969991e-08,27,5,small_world,heterogeneous_cascade,6,12091650
42,True,-0.40359334590117535,-1.2821468131801663,1.1397263965928776e-09,8.777083671441753e-18,1.642041997679149e-17,1.5156521541896813e-09,1.806444708798372e-08,42,5,small_world,heterogeneous_cascade,7,301927391
37,True,-0.467609620567044,-1.495039731977091,1.0382687071208711e-09,6.206335383118182e-18,1.5202354861220293e-17,1.169880927927445e-09,1.0961045118859964e-08,37,5,small_world,heterogeneous_cascade,8,515554456
32,True,-0.5489329097577851,-0.8314400988044428,6.349892611727749e-10,3.510833468576701e-17,3.403879337672476e-16,7.9090939009905e-10,1.7736758652447404e-08,32,5,small_world,heterogeneous_cascade,9,918441895
21,True,-1.0213792333989393,-0.09364346912300685,2.892739525055307e-10,1.3252833862315221e-10,3.0062049419628425e-10,7.438032669935599e-11,1.348690110074749e-09,21,5,scale_free,independent,0,738226071
23,True,-0.9468606824933953,0.6265498795629209,3.2420853546674426e-10,1.7635749254030264e-10,1.8421545425756125e-10,2.0949539051519049e-10,2.0251205764246415e-09,23,5,scale_free,independent,1,781294035
16,True,-1.562502101448892,0.5234798929992631,1.4334881518673833e-11,1.3985706358571772e-11,3.1323289189192944e-12,5.967447452279999e-12,1.3287396168122938e-10,16,5,scale_free,independent,2,544901700
21,True,-1.0849926807801686,0.5826428982891633,1.1618175471000887e-10,6.732352118502126e-11,1.0079987663579711e-11,1.2568967515916427e-10,6.922804515916018e-10,21,5,scale_free,independent,3,110588410
22,True,-1.018834450525744,0.7563885604926052,2.1342570640160668e-10,9.073991725657656e-11,8.884817350554515e-11,2.138111747088367e-10,1.0742155271487235e-09,22,5,scale_free,independent,4,390926472
20,True,-1.0653567598314289,-0.3485274721675544,3.9856389280224367e-10,3.605321307411431e-11,1.924636848056184e-10,3.614163920477328e-10,1.609283223239749e-09,20,5,scale_free,independent,5,997034657
30,True,-0.6313609179084549,-0.05514756972642838,2.9016397060282067e-09,2.395163016330928e-09,2.4500822209434146e-09,1.1141536185895664e-09,1.022295983850108e-08,30,5,scale_free,independent,6,44171008
28,True,-0.6796584759872394,-0.49778971626233454,2.549435211289291e-09,3.887639301401974e-10,2.4836001539300977e-09,1.4130202547434129e-09,6.518554036582806e-09,28,5,scale_free,independent,7,879200024
30,True,-0.6334202432913771,-0.4949999695361706,2.526222811576471e-09,4.165570207411699e-10,2.008029335196994e-09,2.103710135317967e-09,6.452028734580122e-09,30,5,scale_free,independent,8,684495664
23,True,-1.0050339731153268,1.128547382060345,8.480045806015141e-11,5.483746814726612e-11,7.417070723981529e-11,1.4056472079276627e-11,7.852361687620696e-10,23,5,scale_free,independent,9,283908437
31,True,-0.6155166069188593,-0.4067974827782707,2.3003437098133162e-09,1.825940295343657e-09,1.0763708771540852e-09,2.071908637738134e-09,6.248667780707345e-09,31,5,scale_free,independent,10,777988676
20,True,-1.0647324156534053,-0.12038073236339547,2.55201871891906e-10,3.833051034451211e-11,2.958721299526669e-10,6.300992668155428e-11,1.348168240483189e-09,20,5,scale_free,independent,11,836896579
24,True,-0.90371024753154,0.5952641455509516,2.8750538867001575e-10,2.464886052341139e-10,6.33060430686285e-11,1.8232157289610086e-10,1.4722443742709261e-09,24,5,scale_free,independent,12,43219096
34,True,-0.5142712287942475,-1.353521140306008,6.3921036151909e-09,5.937102467940648e-10,3.269948119133139e-09,6.5228957260635435e-09,1.1009861261371108e-08,34,5,scale_free,independent,13,106419531
21,True,-1.0802787791367623,0.5298955567629401,9.974013817302705e-11,7.328743115106125e-11,6.962740543879025e-11,4.018215276947972e-11,8.199078675636992e-10,21,5,scale_free,independent,14,665749612
21,True,-0.9848994992945374,-0.7459065950694177,3.8138988625178593e-10,9.616721524410497e-11,7.418940864440956e-11,4.1923620280125487e-10,1.5723244569126993e-09,21,5,scale_free,independent,15,999104730
19,True,-1.1778633453897296,0.022115639373015323,1.0134812199354864e-10,6.425935158096243e-11,1.0105027840447825e-10,3.60147143256678e-11,6.330046508734327e-10,19,5,scale_free,independent,16,23966536
24,True,-0.9230314289723646,0.82930766835233,2.0911671281243016e-10,8.7166411698686e-11,1.4696350619855865e-10,1.2845387395427884e-10,8.542407238272849e-10,24,5,scale_free,independent,17,665684736
32,True,-0.6196408756420844,0.0462123538717195,2.261094301728648e-09,1.0078435042225345e-09,1.921240687800365e-09,8.343586527086345e-10,6.5382160818509135e-09,32,5,scale_free,independent,18,136524562
24,True,-0.8812568210465944,0.04162514924557566,4.74087575039795e-10,2.321115175352252e-10,4.0873297897068915e-10,2.1185303733698556e-10,1.643747955948583e-09,24,5,scale_free,independent,19,650125015
18,True,-1.3629900256442955,0.8635736920992083,2.9216938137869676e-11,7.336457306788966e-12,2.5720560393032722e-11,1.3117429545464964e-11,1.5859768487218741e-10,18,5,scale_free,independent,20,623314870
26,True,-0.7646510006000693,0.30391235201101174,1.8501953568292857e-09,1.925904411063848e-09,2.2350126963619043e-10,9.603265602634613e-10,6.8043170726689254e-09,26,5,scale_free,independent,21,90440726
27,True,-0.7398996491605773,0.327412843941798,1.6021675888579554e-09,8.329356032311636e-10,2.3725435468255067e-10,1.4775067754159858e-09,5.745116660697317e-09,27,5,scale_free,independent,22,680728099
25,True,-0.8843426120200735,0.9677688578189112,3.7353792292737117e-10,2.90340744911489e-10,2.1503049648039386e-10,1.5858040514817576e-10,2.0418581899413986e-09,25,5,scale_free,independent,23,897033398
17,True,-1.3668415333901796,0.263377866221948,3.1511973293065216e-11,1.427558958284163e-11,2.7111118457864993e-11,1.680412755868232e-11,4.3344089935803074e-10,17,5,scale_free,independent,24,863443663
31,True,-0.6099366636437331,-0.38373530515626036,3.0342256971071584e-09,3.2670397859341935e-09,7.066689851819716e-10,3.9119001522577257e-10,7.701547405854294e-09,31,5,scale_free,independent,25,245916551
28,True,-0.6879534664707295,-0.7675955845604056,1.7122697388414713e-09,1.8090993675639223e-09,7.672251788995675e-11,1.05797304849125e-10,4.078064775130639e-09,28,5,scale_free,independent,26,240828057
53,True,-0.30600621049827514,-1.4506305526892453,2.201877705165388e-08,2.630863831530864e-08,4.244865139782363e-09,9.909485769063791e-09,2.8829921559728377e-08,53,5,scale_free,independent,27,854346642
20,True,-1.1577581373524433,1.2174300555862534,2.793340045053965e-10,7.579611396031899e-11,2.706652438626282e-10,8.833091278532786e-11,1.4392231959953408e-09,20,5,scale_free,independent,28,776767940
30,True,-0.6387157139330487,-0.5571400391297852,2.112445684805995e-09,1.3420736471519067e-09,2.051244272256669e-09,6.113454961420286e-10,5.1722150996170136e-09,30,5,scale_free,independent,29,808349753
36,True,-0.48957830350730414,-1.1891269998550213,5.435255731680183e-09,3.841916096245317e-09,3.841916095792872e-09,3.841916124424844e-09,1.1235252871685827e-08,36,5,scale_free,cascade,0,14572585
35,True,-0.5107700009499523,-0.3553666420301077,8.500815883985413e-17,4.965068306494546e-17,4.965068306494546e-17,8.599750569898517e-17,2.0108069606776164e-08,35,5,scale_free,cascade,1,910638227
38,True,-0.46946545425766717,-0.8337791045574227,8.281155236952467e-09,5.6278046195369975e-09,5.627804616736163e-09,5.627804577200225e-09,1.3011876808375968e-08,38,5,scale_free,cascade,2,288908408
31,True,-0.5198235603070073,-2.1108650071238975,9.611038908610572e-17,6.568167990716596e-17,6.080941944488117e-17,4.965068306494546e-17,2.238005681469085e-08,31,5,scale_free,cascade,3,656269039
35,True,-0.5115108960320011,-0.7092401575218429,1.0268882227616234e-14,7.618882755984353e-15,7.636133414041219e-15,7.617274881513934e-15,1.3878885748938011e-08,35,5,scale_free,cascade,4,909436533
33,True,-0.5252890163229064,-1.4308943939785135,6.837768414759504e-10,4.3013608836019703e-10,4.301360899884044e-10,4.301360291611391e-10,1.3198231623897368e-08,33,5,scale_free,cascade,5,36162710
30,True,-0.5418387423305494,-2.8948556852232397,3.514022220876383e-13,2.2582728582651548e-13,2.2582758738811426e-13,2.2581531446091526e-13,1.0847650098984842e-08,30,5,scale_free,cascade,6,5473371
36,True,-0.5109939227975828,-0.5153585640872486,6.823724218942809e-17,3.510833468576701e-17,4.2998752849492583e-17,4.2998752849492583e-17,1.0226793039364036e-08,36,5,scale_free,cascade,7,5429834
34,True,-0.5108694443101958,-1.3074875702915274,5.3606309666178627e-17,1.7554167342883506e-17,4.47545209131181e-17,2.7755575615628914e-17,1.290445752987491e-08,34,5,scale_free,cascade,8,156325742
35,True,-0.5108130791097448,-0.9826146495734881,0.0,0.0,0.0,0.0,1.072823233954343e-08,35,5,scale_free,cascade,9,51657916
29,True,-0.5714104514588404,-2.3595414693219134,5.437641614849649e-10,2.1499376424746292e-17,2.1298855434523874e-15,7.027483565522658e-10,1.0653875219418064e-08,29,5,scale_free,heterogeneous_cascade,0,819980851
37,True,-0.5005559179771901,-0.1298467364606637,5.478488865808218e-09,3.149626906431291e-09,3.1496268966086946e-09,4.098333697251669e-09,1.3044726009598902e-08,37,5,scale_free,heterogeneous_cascade,1,605925177
37,True,-0.4817215831824219,-0.8203312872452214,1.0098829066954107e-09,8.58303115119249e-11,8.58303352013576e-11,1.0471100091274208e-09,1.4119739406172575e-08,37,5,scale_free,heterogeneous_cascade,2,980046747
38,True,-0.4412530594825247,-1.6799051638928624,1.1382267683934827e-09,5.551115123125783e-17,4.2998752849492583e-17,1.2471152603371591e-09,1.511157262881735e-08,38,5,scale_free,heterogeneous_cascade,3,801481810
38,True,-0.4729333274498255,-0.7838706529562269,6.09210224584285e-09,3.6662837504060276e-09,3.666283758890813e-09,3.830285342531502e-09,1.275310013530179e-08,38,5,scale_free,heterogeneous_cascade,4,963187906
34,True,-0.5360182649617465,-0.529744132825421,5.440828232395122e-10,7.850462293418876e-17,2.016820280180126e-16,5.954429398211197e-10,1.2219086974978464e-08,34,5,scale_free,heterogeneous_cascade,5,238552820
37,True,-0.49334151372218116,-0.7969689221360621,6.347679428874484e-10,1.5911611385953549e-10,1.5911525689996534e-10,6.69962545613479e-10,1.0230735966385535e-08,37,5,scale_free,heterogeneous_cascade,6,287799594
38,True,-0.43918019321869584,-1.5468146213295106,5.525601198819245e-10,5.551115123125783e-17,7.447602459741819e-17,6.380711032189002e-10,1.8665595702926643e-08,38,5,scale_free,heterogeneous_cascade,7,849408842
31,True,-0.5390326338079572,-2.5688492810748365,4.636360949285725e-10,2.5974334032547976e-14,3.344136750788717e-14,5.936580990995328e-10,9.258964936406084e-09,31,5,scale_free,heterogeneous_cascade,8,244882790
37,True,-0.47785480058308977,-0.8129521807928217,1.1925738263909176e-09,7.327751159252485e-12,7.327752832757747e-12,1.576107697811611e-09,1.5877239399466244e-08,37,5,scale_free,heterogeneous_cascade,9,57231940
104,True,-0.1571325737624755,-0.562654399198023,4.474269614177763e-08,1.931956625661871e-08,2.4952096679148004e-08,3.4514861661600495e-08,5.347632894541789e-08,104,6,cycle_baseline,independent,0,669130126
104,True,-0.1471518165265383,-1.485450083568381,4.3660831005851044e-08,2.4743775393578006e-08,2.9518107804348443e-08,2.2646697124024702e-08,5.990463725656601e-08,104,6,cycle_baseline,independent,1,800963853
112,True,-0.14333969202099237,-0.7327289181633441,5.9202362822757154e-08,3.944804230298366e-08,4.671928393840675e-08,1.5098926586641263e-08,5.4733084432570056e-08,112,6,cycle_baseline,independent,2,968196217
90,True,-0.19169899086039813,0.18080811116189116,3.08891932440677e-08,1.9547553986293393e-08,2.21780747299429e-08,1.021911828861987e-08,4.914749974470457e-08,90,6,cycle_baseline,independent,3,927795429
113,True,-0.1379415809638107,-1.20759454798763,5.7385233002058e-08,2.2410140297399748e-08,5.2997889022428265e-08,1.724643260773641e-08,6.037883022142106e-08,113,6,cycle_baseline,independent,4,120230571
97,True,-0.1691343615062015,-0.27790674710572666,5.037546175649919e-08,2.3595182589953163e-08,4.6186264273039633e-08,1.6066211349837347e-08,6.862088796047887e-08,97,6,cycle_baseline,independent,5,772108399
107,True,-0.15025148582209516,-0.4544005326784572,5.168352041260265e-08,2.722849979006651e-08,2.071163933088424e-08,4.026485693097942e-08,7.805312797681563e-08,107,6,cycle_baseline,independent,6,846127907
104,True,-0.15904527927930562,-0.3593159358504549,3.923846592740268e-08,2.193834633612893e-08,2.996021573161906e-08,1.3365076401530372e-08,5.310675932611293e-08,104,6,cycle_baseline,independent,7,698120783
104,True,-0.15402986646618913,-0.8376977796281384,4.5311463186803634e-08,2.1706416803153116e-08,8.524605794071913e-09,4.0750830478339865e-08,5.550617087792265e-08,104,6,cycle_baseline,independent,8,819799702
113,True,-0.1387795515345043,-1.121733938059674,5.3905215460693806e-08,4.592728809115832e-08,1.9481025220581288e-08,2.498247966056151e-08,5.681757308518813e-08,113,6,cycle_baseline,independent,9,837980218
86,True,-0.17106511994941337,-2.2749964163906715,4.0138510378983586e-08,2.682426170085011e-08,2.682426170085011e-08,2.682426170085011e-08,4.952814225354771e-08,86,6,cycle_baseline,cascade,0,446550190
104,True,-0.16414129353701154,0.13127173879427828,4.12816284317543e-08,2.4866150320963962e-08,2.4866150320963962e-08,2.4866150320963962e-08,5.0087661523611766e-08,104,6,cycle_baseline,cascade,1,40151299
100,True,-0.16427249850350423,-0.46328085818223613,3.646983674492144e-08,2.3940125330102724e-08,2.3940125330102724e-08,2.3940125330102724e-08,5.468047959956288e-08,100,6,cycle_baseline,cascade,2,456194361
108,True,-0.15574036154299395,-0.057904383129004235,3.682661267246908e-08,2.489103401111283e-08,2.489103401111283e-08,2.489103401111283e-08,5.303385104347116e-08,108,6,cycle_baseline,cascade,3,201782110
103,True,-0.16735254362386237,0.24688853608903483,2.7976972990903853e-08,1.7103437964660828e-08,1.7103437964660828e-08,1.7103437964660828e-08,5.182942890538743e-08,103,6,cycle_baseline,cascade,4,113729412
101,True,-0.17237487147393887,0.5430516067233365,3.275343002604727e-08,2.1457175203117678e-08,2.1457175204010987e-08,2.1457175204010987e-08,5.680781429836751e-08,101,6,cycle_baseline,cascade,5,124923679
112,True,-0.14472497949975074,-0.26167211488122183,5.5220226460622406e-08,3.8035093888562274e-08,3.8035093888562274e-08,3.8035093888562274e-08,8.109035400281155e-08,112,6,cycle_baseline,cascade,6,697373982
94,True,-0.1680205043209837,-1.1645540967505934,2.6204116671665084e-08,1.7742916949198652e-08,1.7742916949198652e-08,1.7742916949198652e-08,5.571864000175682e-08,94,6,cycle_baseline,cascade,7,745188128
115,True,-0.14212899506843069,-0.3436709330371917,5.235960372624122e-08,3.5019172852992565e-08,3.5019172852992565e-08,3.5019172852992565e-08,7.296823403352947e-08,115,6,cycle_baseline,cascade,8,548267772
97,True,-0.16524722069494227,-0.40199219178279727,5.095460356873882e-08,3.355113261637144e-08,3.3551132611328066e-08,3.355113259416147e-08,8.71319032654197e-08,97,6,cycle_baseline,cascade,9,630011844
107,True,-0.15127048962982248,-0.717367241937745,4.0246050130902984e-08,2.720046781208332e-08,2.7200467812557163e-08,2.720046781244529e-08,5.576931577086204e-08,107,6,cycle_baseline,heterogeneous_cascade,0,86024476
96,True,-0.17577794963826004,-0.007046454922926743,3.389749129435259e-08,2.3844558861471634e-08,2.3844558856799916e-08,2.3844558847241987e-08,5.999721253417727e-08,96,6,cycle_baseline,heterogeneous_cascade,1,851131099
113,True,-0.14406054970278848,-0.5378984814341723,4.750444177634538e-08,3.156682757394264e-08,3.156682757394264e-08,3.156682756188498e-08,5.726042742799972e-08,113,6,cycle_baseline,heterogeneous_cascade,2,448780768
83,True,-0.19703305052342773,-0.8225192140127777,3.118866535754281e-08,2.063017026069314e-08,2.0630170259574724e-08,2.063017026215156e-08,4.089210491485302e-08,83,6,cycle_baseline,heterogeneous_cascade,3,155212992
107,True,-0.15612094703866794,-0.1825358227655882,3.46923948090094e-08,2.2992017618171746e-08,2.2992017613453058e-08,2.299201761788636e-08,5.095285374558592e-08,107,6,cycle_baseline,heterogeneous_cascade,4,813328479
117,True,-0.14851555304064695,0.5809640123015896,3.023241189555384e-08,2.011133138151097e-08,2.0111331370988463e-08,2.011133138151097e-08,5.987001176956532e-08,117,6,cycle_baseline,heterogeneous_cascade,5,734621091
97,True,-0.1683016768387017,-0.5415111912363865,3.895635562214748e-08,2.51225346561116e-08,2.512253465498692e-08,2.512253465433929e-08,5.817507702223769e-08,97,6,cycle_baseline,heterogeneous_cascade,6,53025934
106,True,-0.15511675479078382,-0.3249121734634876,3.41207230142164e-08,2.270184936991198e-08,2.270184936991198e-08,2.2701849398827053e-08,6.421035781769983e-08,106,6,cycle_baseline,heterogeneous_cascade,7,193041490
93,True,-0.17033360234178455,-1.1889172576808702,4.1286084786942554e-08,2.5469982178272655e-08,2.546998217845983e-08,2.5469982178346112e-08,4.1390452802754406e-08,93,6,cycle_baseline,heterogeneous_cascade,8,15749442
103,True,-0.1519955128110847,-0.48516315695639617,7.661416055692742e-08,4.885778765412261e-08,4.88577876429605e-08,4.885778769857435e-08,1.170802937054536e-07,103,6,cycle_baseline,heterogeneous_cascade,9,270758751
51,True,-0.3558986684781723,0.4204814610717727,3.242368852982342e-08,1.5530011629380282e-08,8.9773144803267e-10,3.45810005946865e-08,4.307811822361632e-08,51,6,random_strong,independent,0,709904697
43,True,-0.4158020117094294,-0.11598276749726662,1.2577753540510012e-08,8.878514882177875e-09,1.258781654204673e-08,9.681746724861276e-10,2.6379748630097252e-08,43,6,random_strong,independent,1,522553131
46,True,-0.3927631465114289,-0.019935327994806462,1.1668236582905408e-08,4.053456612346963e-09,9.76867486908831e-09,7.2288957975074364e-09,2.5470182468454802e-08,46,6,random_strong,independent,2,980204784
102,True,-0.16559726910458503,-0.01715271354021566,3.290240847878803e-08,9.934379572856558e-09,2.439019359384569e-08,2.3760019284554755e-08,5.42253875012985e-08,102,6,random_strong,independent,3,749424070
102,True,-0.15929812293159643,-0.3671724851992302,6.477223819532675e-08,2.888870081969825e-08,3.860269003727184e-08,4.5180091005166065e-08,6.762907883873459e-08,102,6,random_strong,independent,4,611543605
82,True,-0.18104305790149913,-2.0965464650247942,9.672110441689327e-08,3.6762129980191457e-08,3.4265378952883836e-09,9.707025676462238e-08,5.256549130783559e-08,82,6,random_strong,independent,5,509313354
46,True,-0.40852523410593655,0.5951676896554969,9.594127962676483e-09,6.50993672270316e-09,7.729458349368422e-09,2.0207716549466935e-09,1.8750454784888613e-08,46,6,random_strong,independent,6,54500314
73,True,-0.22938052273470638,-0.4460020339509787,3.6907130250883465e-08,2.750854678818108e-08,1.9142869568702493e-08,2.0919014173855496e-08,4.3292423218709314e-08,73,6,random_strong,independent,7,70201233
87,True,-0.17484361085595582,-1.6408853288370413,9.03845406497449e-08,9.094930173002653e-08,6.75882447546981e-08,9.683623702460429e-09,5.715890444141245e-08,87,6,random_strong,independent,8,616308969
71,True,-0.23784778688213817,-0.51362951570668,2.4279616284732613e-08,3.152026391278837e-09,1.585349718798326e-08,2.0133851400266067e-08,3.326023051910216e-08,71,6,random_strong,independent,9,4379178
71,True,-0.2478291197517505,0.07318161385248853,1.647282917467592e-08,8.899612074201354e-09,1.2341537141925828e-08,8.154139098441613e-09,3.362628692627265e-08,71,6,random_strong,independent,10,42350551
54,True,-0.33217855296025406,0.015460860966352713,1.0832092430891337e-08,8.242215638963116e-09,4.110998212636797e-09,7.410094173071885e-09,2.1446533564958347e-08,54,6,random_strong,independent,11,219135739
61,True,-0.2889672626060599,-0.0723093525052973,1.679725474455735e-08,1.734250623571165e-08,4.277262520266216e-09,6.2661785677104294e-09,2.5401255602475284e-08,61,6,random_strong,independent,12,884145711
61,True,-0.2787481858640688,-0.4072559776033543,2.6760595588377243e-08,1.80172034752808e-08,1.5105865627671216e-08,1.5493212773397064e-08,3.778666763299074e-08,61,6,random_strong,independent,13,709578284
37,True,-0.5272494673847897,0.6099140788399261,3.4355321358034076e-09,7.228938644472994e-10,3.95646739738343e-09,7.896178859125018e-10,1.0252210659665809e-08,37,6,random_strong,independent,14,411562256
80,True,-0.20729512990123414,-0.18816835762093717,4.053077602609702e-08,4.093623113142814e-09,3.636616847984335e-08,2.4027265061916384e-08,6.622488296996552e-08,80,6,random_strong,independent,15,173127846
97,True,-0.17111619834401856,-0.3882535007173523,3.930827588908442e-08,2.0048846884396378e-08,3.4737953789893724e-08,8.85826811228876e-09,5.0886696690543604e-08,97,6,random_strong,independent,16,371156521
53,True,-0.3315369507177375,-0.16124825823262348,1.3529669663905125e-08,1.1685295146720979e-08,7.709599966017765e-09,1.629318652145989e-09,2.8208649021556183e-08,53,6,random_strong,independent,17,91721005
57,True,-0.3098837202272685,0.03416534009952373,2.0389971198654703e-08,6.714752782388682e-09,1.5921107421714254e-08,1.1662591014130479e-08,3.4688553207028385e-08,57,6,random_strong,independent,18,770253138
54,True,-0.3257742458317763,0.3974406662964444,4.825053076446268e-08,3.1922015107373775e-08,4.2925533598034725e-08,1.8429772609070486e-08,4.82369430251134e-08,54,6,random_strong,independent,19,183533228
37,True,-0.5114885062611049,0.0642678815919242,3.43453252708957e-09,2.707266941923877e-09,2.2789483426532363e-09,5.103431269486789e-10,1.0909484057441062e-08,37,6,random_strong,independent,20,376376828
58,True,-0.30633334106277277,0.14028264825309,2.131432973114871e-08,1.3624466708968825e-08,3.630361354258223e-09,1.800648602021894e-08,2.893868938722013e-08,58,6,random_strong,independent,21,980027179
53,True,-0.3323355906112727,-0.055028580851644714,2.12656305040646e-08,2.114991188330689e-08,5.943683639095006e-09,8.279452544678749e-09,3.138123786121154e-08,53,6,random_strong,independent,22,591963242
72,True,-0.23577264243338478,-0.24499578731989097,2.3342225397855406e-08,5.085048528467167e-09,1.5003921765881312e-08,1.948492031273521e-08,4.423919039258326e-08,72,6,random_strong,independent,23,458560642
112,True,-0.12758128430480545,-2.467836900234493,1.615506925068841e-07,1.1358139800194985e-07,7.247593304509635e-08,1.1751260541935911e-07,5.997361977257871e-08,112,6,random_strong,independent,24,543012769
59,True,-0.28415906582134914,-0.48484336449977145,3.1272632359867996e-08,1.9252276986477547e-08,1.4175585166793485e-08,2.1400407609623565e-08,4.066788757573205e-08,59,6,random_strong,independent,25,784080948
64,True,-0.27065308265624227,-0.25721977345208413,2.124404575273972e-08,1.3529554278498067e-08,1.2282214296197852e-08,1.2600722367908602e-08,3.038950158926415e-08,64,6,random_strong,independent,26,254481778
38,True,-0.5102692309704877,0.7309752130767648,3.854101450394651e-09,2.7560445249877665e-09,2.5227384066554135e-09,1.966277680804789e-09,1.0645802291481621e-08,38,6,random_strong,independent,27,872691514
38,True,-0.5057896778881651,0.35271580534043406,3.488786174216747e-09,1.1205951435672512e-09,3.4385913041177434e-09,1.677569958715839e-09,1.050509617588073e-08,38,6,random_strong,independent,28,572413149
89,True,-0.1747179792124912,-1.2875965755449643,7.764279793845003e-08,1.8199474015697127e-08,6.386945403678043e-08,4.4808366358181094e-08,5.552690760533646e-08,89,6,random_strong,independent,29,446540047
60,True,-0.28130870919817996,-0.03818241086403978,2.8701196748742986e-08,1.847680843312694e-08,1.847680843312694e-08,1.8476808417774205e-08,5.9597823777536635e-08,60,6,random_strong,cascade,0,145130254
47,True,-0.38501304779490153,0.03672201849082959,1.1208271091047948e-08,7.263035605354694e-09,7.263035607784707e-09,7.263035589603736e-09,2.1939292679162438e-08,47,6,random_strong,cascade,1,248289516
48,True,-0.3274170296551334,-1.9330299163898848,2.148415262294618e-08,1.5949702189321788e-08,1.5949702189321788e-08,1.594970219492237e-08,3.962169554861844e-08,48,6,random_strong,cascade,2,946024453
72,True,-0.23116774186900865,-0.6330654135222318,2.1531647256045077e-08,1.368348360319067e-08,1.368348360319067e-08,1.3683483596303321e-08,4.26722237417893e-08,72,6,random_strong,cascade,3,541259952
99,True,-0.17053438441016303,0.03492871330304272,3.659027171669035e-08,2.401347136567615e-08,2.401347136567615e-08,2.401347136567615e-08,5.8180056847652155e-08,99,6,random_strong,cascade,4,301342632
67,True,-0.21908682909273502,-1.718390074715481,1.2824023661824072e-07,8.522741065359172e-08,8.522741065359172e-08,8.522741066050059e-08,9.439038787522633e-08,67,6,random_strong,cascade,5,418368331
65,True,-0.23913538866383363,-1.449362331477167,3.615371419088981e-08,2.6966964102657628e-08,2.6966964102657628e-08,2.6966964125308546e-08,5.84168198538441e-08,65,6,random_strong,cascade,6,578017215
85,True,-0.189698881193716,-1.0461291928347698,4.8524999025102016e-08,3.356126436474883e-08,3.356126436474883e-08,3.356126436474883e-08,4.834786329705166e-08,85,6,random_strong,cascade,7,537547149
53,True,-0.3063342969718275,-1.5132328368497132,2.999119830923623e-08,2.2084891180764676e-08,2.2084891180764676e-08,2.2084891180448535e-08,3.30546134842357e-08,53,6,random_strong,cascade,8,699775944
45,True,-0.3996590069490574,-0.33541600692878537,4.538518523028116e-09,3.589448361047215e-09,3.589448361047215e-09,3.5894483624945062e-09,1.841933141067384e-08,45,6,random_strong,cascade,9,257492637
45,True,-0.354217560961124,-1.4356907313026335,3.524566716800435e-08,2.4702105368426254e-08,2.470210537188124e-08,2.4702105359015003e-08,4.506370340681822e-08,45,6,random_strong,cascade,10,649233155
75,True,-0.20429003788739108,-1.1671592572449303,6.891860002643704e-08,5.04228309733837e-08,5.04228309733837e-08,5.04228309733837e-08,9.76476635918798e-08,75,6,random_strong,cascade,11,442677187
61,True,-0.2848058983524921,-0.21151167186082653,1.757018071967605e-08,1.3169355145398816e-08,1.316935515324491e-08,1.3169355149674564e-08,3.845206038011624e-08,61,6,random_strong,cascade,12,940594409
43,True,-0.43549147200722826,0.5980337257509672,5.433927190144929e-09,4.21210573182463e-09,4.21210573182463e-09,4.21210573184675e-09,2.261138593120104e-08,43,6,random_strong,cascade,13,157922789
106,True,-0.14506413669096158,-1.136214745748809,6.705150865233849e-08,4.1613593342721485e-08,4.1613593342721485e-08,4.1613593342721485e-08,8.087270440291527e-08,106,6,random_strong,cascade,14,148438989
71,True,-0.2438971183296443,0.28410232364539517,4.246557075534049e-08,2.7256006633111935e-08,2.7256006633111935e-08,2.7256006628222974e-08,5.622558903268024e-08,71,6,random_strong,cascade,15,461658461
91,True,-0.171320187780989,-1.4616903063972255,5.286235265570562e-08,3.517636233213722e-08,3.517636233213722e-08,3.517636233213722e-08,4.869121647814842e-08,91,6,random_strong,cascade,16,508352738
77,True,-0.21010675773538856,-1.0223763330189028,2.3981313716845765e-08,1.6111618769747848e-08,1.6111618769747848e-08,1.6111618769747848e-08,3.8571089170528194e-08,77,6,random_strong,cascade,17,690875201
77,True,-0.22744039111131342,0.1275212819633474,2.7056148529967278e-08,1.715151157454557e-08,1.7151511580708213e-08,1.7151511580708213e-08,3.719978585011967e-08,77,6,random_strong,cascade,18,404034390
108,True,-0.13950232999438839,-1.1185420692260961,1.0798098540807605e-07,7.418519932981621e-08,7.418519932981621e-08,7.418519932981621e-08,1.203209283014276e-07,108,6,random_strong,cascade,19,913715892
48,True,-0.395019520898776,0.8696125188655376,6.379498747980981e-09,4.2992946277077494e-09,4.2992946277077494e-09,4.299294615519505e-09,2.0074353459419108e-08,48,6,random_strong,cascade,20,474168729
53,True,-0.2956243275113375,-0.8763054433487065,5.2398529499396647e-08,3.407329174465096e-08,3.407329174465096e-08,3.407329170387633e-08,9.858453414245973e-08,53,6,random_strong,cascade,21,129336405
68,True,-0.2531101316505792,0.14383376426178435,2.6083390193776063e-08,1.5988214587040425e-08,1.5988214587040425e-08,1.5988214577550953e-08,5.151421917474615e-08,68,6,random_strong,cascade,22,119217526
81,True,-0.2077923372062512,-0.17111737903905835,3.754092547795181e-08,2.3716747421355344e-08,2.3716747421355344e-08,2.3716747421355344e-08,4.850366954578161e-08,81,6,random_strong,cascade,23,973405848
54,True,-0.33810348902080944,0.33969210804408767,9.268688060558998e-09,5.985111244723909e-09,5.985111244723909e-09,5.98511124366826e-09,2.1592511542607036e-08,54,6,random_strong,cascade,24,134094609
41,True,-0.4488312331736638,-0.23176744192049017,2.1192500533943833e-09,1.7148051924624043e-09,1.714805196599842e-09,1.7148051851657984e-09,1.0336073805126817e-08,41,6,random_strong,cascade,25,947851186
97,True,-0.168193636318884,-0.26141412985168305,5.095076083227918e-08,3.403938411714617e-08,3.403938411714617e-08,3.403938411714617e-08,7.338369946408057e-08,97,6,random_strong,cascade,26,278075545
49,True,-0.34898992887742647,-0.7120814414711356,2.1448702926007864e-08,1.3816227101300382e-08,1.3816227101300382e-08,1.3816227091617685e-08,2.619450777094993e-08,49,6,random_strong,cascade,27,93409233
53,True,-0.3270204174053087,0.21078305505400388,2.7850593978887507e-08,2.074819775701752e-08,2.074819775701752e-08,2.0748197768645506e-08,6.344629220873711e-08,53,6,random_strong,cascade,28,304704603
90,True,-0.18807836493997654,-0.21225859846210737,3.473233834421907e-08,2.2328984128203948e-08,2.2328984128203948e-08,2.2328984128203948e-08,3.923543009897099e-08,90,6,random_strong,cascade,29,614698036
45,True,-0.33900812420270426,-2.133592881730572,2.6130458630045884e-08,1.7711693027674987e-08,1.7711693027674987e-08,1.7711797876101564e-08,3.493194534459624e-08,45,6,random_strong,heterogeneous_cascade,0,427903213
53,True,-0.3442504115001224,0.34671270084270445,1.6927554745694678e-08,1.3511518923329631e-08,1.3511518929842672e-08,1.3516046779414689e-08,2.3616665611169587e-08,53,6,random_strong,heterogeneous_cascade,1,785580397
70,True,-0.2476737724117763,-0.19383211104643497,2.0839604623293386e-08,1.404285571467903e-08,1.4042855720082773e-08,1.4042855679582583e-08,2.977020466562159e-08,70,6,random_strong,heterogeneous_cascade,2,610987546
71,True,-0.2423084812747857,0.033112414487919954,2.4044167864838384e-08,1.5961926061496177e-08,1.596192605336971e-08,1.5961926046361227e-08,4.480255804614044e-08,71,6,random_strong,heterogeneous_cascade,3,400783956
34,True,-0.5496145431169952,-0.4639339290520659,1.14445821871732e-09,1.0319201066664736e-10,1.031938093255096e-10,1.2645426671724321e-09,1.0822734485855918e-08,34,6,random_strong,heterogeneous_cascade,4,634629117
52,True,-0.32772616192213005,-0.753642313320626,2.175853790918591e-08,1.387722291004949e-08,1.3877222908089973e-08,1.3877228857718019e-08,2.3448027838318617e-08,52,6,random_strong,heterogeneous_cascade,5,971462621
40,True,-0.4745447271420624,0.3717056137533814,1.9553271895041265e-09,1.488074766879767e-09,1.4880747668576769e-09,1.4933475616398052e-09,1.3702156268420126e-08,40,6,random_strong,heterogeneous_cascade,6,411810896
75,True,-0.2378011333041343,0.6547398762831722,2.398895049607659e-08,1.4472343910409521e-08,1.4472343906751974e-08,1.4472343910933206e-08,3.919546016955953e-08,75,6,random_strong,heterogeneous_cascade,7,153443692
49,True,-0.372111452574334,0.44889780628001286,1.0476570045343492e-08,6.928657068742699e-09,6.928657068739947e-09,6.928623068102443e-09,2.687297958605164e-08,49,6,random_strong,heterogeneous_cascade,8,408783109
43,True,-0.4118211988380075,0.02513187500666564,8.635771463252953e-09,5.653456335871889e-09,5.653456335871889e-09,5.655959607784602e-09,3.38842338938144e-08,43,6,random_strong,heterogeneous_cascade,9,217628526
61,True,-0.2787406909280005,-0.2445347534966897,2.0367639477381815e-08,1.2345314671487837e-08,1.2345314644857594e-08,1.2345314657741042e-08,4.586641758063489e-08,61,6,random_strong,heterogeneous_cascade,10,949142692
70,True,-0.24511345035025076,-0.1259706721062577,2.4370435994374255e-08,1.534076541940144e-08,1.5340765417205234e-08,1.534076541866639e-08,4.049414193080691e-08,70,6,random_strong,heterogeneous_cascade,11,588306248
76,True,-0.21384496469676034,-0.6475236547757381,6.079461793847179e-08,4.8820828947764497e-08,4.88208289278096e-08,4.8820828957742505e-08,5.1516207946424534e-08,76,6,random_strong,heterogeneous_cascade,12,601573334
83,True,-0.20009213218207725,-0.5215859704734631,2.5482526222934855e-08,1.5947011107414416e-08,1.594701111163566e-08,1.594701109712694e-08,4.157343790573136e-08,83,6,random_strong,heterogeneous_cascade,13,317040911
43,True,-0.439381025584314,0.44077799634922443,4.9869917042405845e-09,3.1127790353390336e-09,3.1127790373919015e-09,3.110453245016034e-09,1.4284752890189326e-08,43,6,random_strong,heterogeneous_cascade,14,920457096
41,True,-0.4569571941741276,0.4651208612965142,5.582536066585708e-09,3.510256007246571e-09,3.510256018126558e-09,3.5833605204870193e-09,2.1172061493459904e-08,41,6,random_strong,heterogeneous_cascade,15,298671313
44,True,-0.4186872277835539,0.17537679984150312,6.649901715544911e-09,4.78264828739812e-09,4.782648273455338e-09,4.782833682473571e-09,1.656548759832058e-08,44,6,random_strong,heterogeneous_cascade,16,418400044
41,True,-0.4739919840998204,1.4808297325065545,2.135420861787254e-08,1.6489246197533535e-08,1.6489246179125222e-08,1.6319436577274128e-08,3.87942532929892e-08,41,6,random_strong,heterogeneous_cascade,17,477275424
41,True,-0.4835262994933648,1.1145699393484991,4.982686716942948e-09,3.8976975944620795e-09,3.897697634728633e-09,3.935973006705899e-09,1.0599449631001403e-08,41,6,random_strong,heterogeneous_cascade,18,474132674
63,True,-0.2622876534679427,-0.9450493663705702,3.883183967053288e-08,2.5979087341666272e-08,2.597908734088618e-08,2.5979105568600536e-08,3.366493104859726e-08,63,6,random_strong,heterogeneous_cascade,19,147924447
76,True,-0.19068419023552852,-1.9560199753866185,6.797271434329843e-08,5.122969899603715e-08,5.1229699004030616e-08,5.1229698962799944e-08,8.534086886153874e-08,76,6,random_strong,heterogeneous_cascade,20,225592868
50,True,-0.3471441501429334,-0.5286477389819197,1.1377654498208304e-08,7.260265043260924e-09,7.260265044827215e-09,7.260138139678789e-09,2.8232396517225292e-08,50,6,random_strong,heterogeneous_cascade,21,572457933
83,True,-0.18563646805236525,-0.9382199402577641,5.962743579176305e-08,3.926327200962632e-08,3.926327200962632e-08,3.926327201106999e-08,9.478894224521071e-08,83,6,random_strong,heterogeneous_cascade,22,350868706
99,True,-0.1702158833236458,-0.26488038530682595,4.023463833821924e-08,2.6205869505643727e-08,2.6205869510692447e-08,2.6205869521148053e-08,3.6959409305149755e-08,99,6,random_strong,heterogeneous_cascade,23,565771900
76,True,-0.22055930608580882,-0.38182638374021716,3.6335003529444884e-08,2.3939109315363424e-08,2.393910931529864e-08,2.3939109315403622e-08,4.9834462485734686e-08,76,6,random_strong,heterogeneous_cascade,24,589714352
38,True,-0.4973009734266546,0.8560209404504754,8.22036649762175e-09,5.8884670068663695e-09,5.888467010687153e-09,5.869846206446417e-09,3.350676262996408e-08,38,6,random_strong,heterogeneous_cascade,25,702002180
60,True,-0.2958571529679495,-0.20435738347481766,1.2632318485741856e-08,8.185588040266129e-09,8.185588040266129e-09,8.185587831762566e-09,2.1951932541192652e-08,60,6,random_strong,heterogeneous_cascade,26,547035545
66,True,-0.24682270279776805,-0.8968998572835228,1.7364963844408427e-08,1.194334678370271e-08,1.1943346780549466e-08,1.194334651750423e-08,4.8061112240598814e-08,66,6,random_strong,heterogeneous_cascade,27,647948482
56,True,-0.3302047343229344,0.756579829636741,1.0286343191389858e-08,6.732396644533552e-09,6.732396655650512e-09,6.732400172052943e-09,2.832224846130448e-08,56,6,random_strong,heterogeneous_cascade,28,587150104
34,True,-0.578231895506283,0.3666776967103604,1.718663655480508e-09,1.1041196757626806e-09,1.1041195935658143e-09,1.1037587924969668e-09,8.513053509534792e-09,34,6,random_strong,heterogeneous_cascade,29,652433056
20,True,-1.0725109479490518,0.5073260447870536,4.340060374155924e-10,3.349553052088218e-10,1.6982641593183874e-10,2.6360945609071564e-10,2.249459364370797e-09,20,6,small_world,independent,0,616643922
17,True,-1.3450011922207348,0.1034106509958082,7.449925658011753e-11,8.03674714620742e-11,3.580021998481143e-11,1.931279370473952e-11,6.015651931941537e-10,17,6,small_world,independent,1,316214151
20,True,-1.1072455737795568,0.5539248063607227,1.6976898923142025e-10,1.5636322313295977e-10,6.69982786551531e-11,7.308142616303328e-11,1.30564172840723e-09,20,6,small_world,independent,2,246284441
21,True,-1.0250081678465308,-0.346494986925051,2.0833836377515345e-10,1.539947650882811e-10,1.6999391314860398e-10,1.9873028496671705e-11,9.753437743863348e-10,21,6,small_world,independent,3,787432221
19,True,-1.1660879039570762,0.22604454637577404,1.2833975116500225e-10,1.2507105310669536e-10,1.9920184757029306e-11,6.853982681529878e-11,1.0053719516445048e-09,19,6,small_world,independent,4,342701967
19,True,-1.224552154888873,0.6032462896548222,5.364718961389166e-11,2.1630048692509052e-11,4.793498600787709e-11,2.8372132370129013e-11,5.163669558255702e-10,19,6,small_world,independent,5,549144383
17,True,-1.4038943787174043,0.46389954497143454,4.6734621861588866e-11,2.3091536668226454e-11,9.859121978081366e-12,5.025088397463089e-11,3.859454568308501e-10,17,6,small_world,independent,6,196973079
18,True,-1.3197030864427788,0.30815719517528845,4.1700864033986993e-11,2.34884731584196e-12,3.611419112639679e-11,2.571327547349773e-11,2.8756137292187054e-10,18,6,small_world,independent,7,431418195
19,True,-1.16626426040944,0.27637734755326543,1.6171490746708071e-10,6.26932265165735e-11,1.8932915699166877e-10,9.004289498265682e-11,1.121704345494599e-09,19,6,small_world,independent,8,529663688
20,True,-1.1020152417573414,0.40560013888499213,1.698163879832445e-10,1.282488610038597e-10,9.673188575325652e-11,9.751805070626595e-11,1.2049201545905356e-09,20,6,small_world,independent,9,626012480
34,True,-0.5108910963715612,-1.392866995856187,2.2851779966666714e-16,1.4510973109558773e-16,1.3214297116801536e-16,1.3831451158228678e-16,1.1842540573097854e-08,34,6,small_world,cascade,0,526376662
34,True,-0.5110133789287326,-1.2725907058829702,7.461156787075244e-17,6.798699777552591e-17,0.0,3.925231146709438e-17,1.3320445636078878e-08,34,6,small_world,cascade,1,360657334
35,True,-0.5109780828325476,-0.6716057718396452,4.805833997914223e-17,2.5337258102033824e-17,2.997944808332385e-17,3.204937810639273e-17,1.4586980210676756e-08,35,6,small_world,cascade,2,961771298
33,True,-0.5112344802856794,-1.617445115985174,1.3232104044875741e-16,1.013490324081353e-16,1.0385185452638061e-16,8.777083671441753e-17,1.565286092905442e-08,33,6,small_world,cascade,3,512739244
34,True,-0.5108148832716907,-0.7644535147025061,1.6158818668611631e-16,1.4510973109558773e-16,7.516245408138222e-17,5.551115123125783e-17,2.2237646529914628e-08,34,6,small_world,cascade,4,808300408
35,True,-0.5108303919236861,-0.8410807986758797,9.805476644321783e-18,2.8327915739802466e-18,5.665583147960493e-18,8.012344526598183e-18,1.2354276776222313e-08,35,6,small_world,cascade,5,736705688
34,True,-0.5109443346936579,-0.8851222483762741,2.2628299930112793e-14,1.5810903820428048e-14,1.5787889297554174e-14,1.5855860967910803e-14,1.9651202511312054e-08,34,6,small_world,cascade,6,558317196
35,True,-0.5162535235103107,-0.9921605149482664,1.0536900798356555e-13,6.881011158997247e-14,6.881324885818982e-14,6.881058483660356e-14,9.37019570434936e-09,35,6,small_world,cascade,7,886402886
35,True,-0.5108971280206877,-0.9936804100880618,2.8432184245595037e-17,1.6024689053196365e-17,1.962615573354719e-17,1.962615573354719e-17,1.0589543354158217e-08,35,6,small_world,cascade,8,128267915
36,True,-0.5108430286784569,-0.5092675189878925,3.034830688750594e-17,1.6024689053196365e-17,2.2662332591841973e-17,1.962615573354719e-17,1.032622533794433e-08,36,6,small_world,cascade,9,921057197
36,True,-0.48584309623359245,-1.4000269453908338,5.949709827822224e-10,2.8327915739802466e-18,1.3086914558393272e-16,7.011001665966461e-10,1.0166048202812783e-08,36,6,small_world,heterogeneous_cascade,0,850226027
35,True,-0.47726366552831895,-2.1669336632273053,1.9648626475854559e-10,5.665583147960493e-18,1.3877787807814457e-17,2.329061294240479e-10,1.0271576195532791e-08,35,6,small_world,heterogeneous_cascade,1,503632924
34,True,-0.5108808555072295,-1.288024676158403,5.231056803001184e-10,6.938893903907228e-18,1.5515838457795457e-17,6.337428375518201e-10,1.3144449262126997e-08,34,6,small_world,heterogeneous_cascade,2,733391954
34,True,-0.527610281208772,-0.9703018522806321,3.4036656365335414e-10,1.9849461723862174e-15,1.839771094347271e-15,3.907165342564567e-10,1.0464968501988955e-08,34,6,small_world,heterogeneous_cascade,3,520275114
31,True,-0.5437581793440716,-2.0722482283288906,2.735167324705156e-10,1.6996749443881478e-17,6.268091485093338e-16,3.9624561145609626e-10,1.0370036194857303e-08,31,6,small_world,heterogeneous_cascade,4,268764479
32,True,-0.545482384244866,-1.546974993759619,6.878970633858019e-10,4.9391408796373674e-17,3.3132764271951784e-16,7.822454255528462e-10,9.86373065194017e-09,32,6,small_world,heterogeneous_cascade,5,799870410
36,True,-0.46039531721756544,-2.172422552042125,6.120825374322885e-10,2.2662332591841973e-17,2.2662332591841973e-17,7.202914755015701e-10,1.1443707892465299e-08,36,6,small_world,heterogeneous_cascade,6,245921857
37,True,-0.4802842541970122,-0.8569511955158362,4.919799845293242e-10,1.1331166295920986e-17,3.758122704069111e-17,5.009229609778768e-10,1.3146252208744262e-08,37,6,small_world,heterogeneous_cascade,7,314450691
35,True,-0.5197970951921259,-0.7407697388661184,4.55387020628323e-10,1.4163957869901233e-18,9.915630426225106e-16,5.066696230293362e-10,1.0068900714422103e-08,35,6,small_world,heterogeneous_cascade,8,519291598
35,True,-0.48183274960626044,-1.4134292034844513,6.79212871131566e-10,5.067451620406765e-17,7.516245408138222e-17,7.871938783814313e-10,1.8676184157344146e-08,35,6,small_world,heterogeneous_cascade,9,837382362
24,True,-0.8625532408221688,0.3847485659873688,8.063101411583787e-10,6.778709515240205e-10,5.015684781920754e-10,1.0106284717973764e-10,2.800090709540675e-09,24,6,scale_free,independent,0,383926093
24,True,-0.9025128784301448,0.5758186854443166,2.137740207495125e-10,7.240912260030596e-11,2.1310927586964168e-10,5.170989534412614e-11,1.934365683247678e-09,24,6,scale_free,independent,1,494141646
24,True,-0.8373088108476028,-0.3909627286153153,5.584694121851854e-10,5.38463422524123e-10,1.5506312781590785e-10,2.597167234425731e-10,2.43615050215342e-09,24,6,scale_free,independent,2,41665319
29,True,-0.6949355525958317,0.3547629400517296,1.7278584079487168e-09,5.135781891016755e-10,1.7424511630420617e-09,5.13653027768425e-10,6.225457711565404e-09,29,6,scale_free,independent,3,115856724
24,True,-0.8505550712554827,-0.20043926796497386,6.520775253534738e-10,1.1118982329914049e-10,7.180696328054572e-10,3.107057196929469e-10,2.643337670343668e-09,24,6,scale_free,independent,4,55947320
46,True,-0.3923365483097021,-0.24334022873203814,9.075392462152453e-09,3.0176771411852236e-09,9.286644580201116e-09,3.862140513278231e-09,1.6857178969513158e-08,46,6,scale_free,independent,5,868520525
18,True,-1.3571452813895295,0.6777677110630678,1.6926452172373092e-11,1.03568338049357e-11,1.187374531878726e-11,1.0207761103078803e-11,2.0604540991702603e-10,18,6,scale_free,independent,6,841993210
22,True,-0.9985060615966354,0.41365251223202903,1.8558152933408545e-10,2.2682640463148402e-10,5.468010940748036e-11,5.963802935103183e-11,1.0482641407203408e-09,22,6,scale_free,independent,7,821886308
26,True,-0.7643157307079025,-0.1091138106405886,1.3053858704118677e-09,1.1821132583488025e-09,1.0612525495311094e-09,1.1710909269523514e-10,4.5545781777761414e-09,26,6,scale_free,independent,8,55567916
19,True,-1.2252057770045366,0.6205085282147174,8.647694400990206e-11,2.6295400235003094e-11,9.093322760474707e-11,4.01391107742599e-11,5.883630365726851e-10,19,6,scale_free,independent,9,77644901
26,True,-0.7356277655508184,-1.2131372084709098,1.0505038699081001e-09,7.934150326691163e-10,2.1045301944131673e-10,8.641429147335462e-10,3.162195952795001e-09,26,6,scale_free,independent,10,280611436
25,True,-0.8232204221072201,0.18903885133441548,6.822520855077081e-10,6.125707296251933e-10,3.0654933527960315e-10,3.213493107761012e-10,3.0356106873428295e-09,25,6,scale_free,independent,11,565295104
53,True,-0.31279090067024395,-0.9399224718927006,2.9489667711042927e-08,2.7066593666732696e-08,1.2191275942585893e-08,1.700962282276738e-08,3.372456046663369e-08,53,6,scale_free,independent,12,334130040
29,True,-0.6086597042957486,-1.495020512781486,3.48313696441018e-09,2.4980078397543547e-09,2.3630527227861186e-09,1.1915615946384498e-09,8.942592524524507e-09,29,6,scale_free,independent,13,487560100
47,True,-0.3533356586752998,-1.3468159624867662,1.857682310901113e-08,1.1035237996131677e-08,1.0004950768664041e-08,1.498363557177321e-08,2.2709971090645522e-08,47,6,scale_free,independent,14,172994445
39,True,-0.4627225510456578,-0.09029419355650804,9.338202459992084e-09,9.480695408598382e-09,1.7730051331312427e-09,6.899041474603532e-09,2.0909130069188203e-08,39,6,scale_free,independent,15,730778018
21,True,-1.0565245405495083,0.5173533402340308,1.1283481533308294e-10,3.911484487724478e-11,2.1632578272279416e-11,1.1470432657019415e-10,1.147421181410397e-09,21,6,scale_free,independent,16,313893369
41,True,-0.4255459307211016,-0.42481789791201735,1.250178224322521e-08,9.29078867139221e-09,2.313068658997962e-09,1.1274238253563964e-08,2.648613537415465e-08,41,6,scale_free,independent,17,66540820
23,True,-0.9595094178522332,0.700912878231584,2.2153160062434277e-10,1.410205465141371e-10,1.2024209058878462e-10,2.0263987177680882e-10,1.479393441100741e-09,23,6,scale_free,independent,18,742692566
31,True,-0.6124871915915068,-0.6028381044482356,3.1300234303293507e-09,2.7218882292438463e-09,2.0588879504834315e-09,1.0996638390211809e-09,7.062237857093506e-09,31,6,scale_free,independent,19,902788398
24,True,-0.852137227096825,0.11994733000636998,8.316466863571032e-10,6.084785517711552e-10,6.933484905366118e-10,8.359402473862058e-11,3.6748746811618057e-09,24,6,scale_free,independent,20,14682843
26,True,-0.7726624245307813,0.15060126480899796,1.3501395350862265e-09,1.6562368199737888e-10,1.1310127436443578e-09,1.0551580844816993e-09,4.599203192839213e-09,26,6,scale_free,independent,21,436673044
48,True,-0.35284522084724745,-0.9497868301588331,1.3844895951352609e-08,5.397351338641206e-09,5.660342295108178e-09,1.7629238826958996e-08,2.428112830816631e-08,48,6,scale_free,independent,22,827173424
24,True,-0.8995021793185576,0.3270859317318582,3.028997500725615e-10,2.2140006584616023e-10,1.0631416390027912e-10,2.5113059076834443e-10,1.3230549672126273e-09,24,6,scale_free,independent,23,706164814
22,True,-1.024966421752378,0.5850188825094493,1.4699497591286658e-10,6.71632212904616e-11,1.1391122572497309e-10,9.058740688809982e-11,7.458806436376438e-10,22,6,scale_free,independent,24,856548023
24,True,-0.8078966269036643,-0.46492009780140614,1.8097065765179036e-09,1.7743760988919103e-09,9.034119998870218e-10,4.49366629683087e-10,6.315044276750042e-09,24,6,scale_free,independent,25,415210033
22,True,-0.9902450398456027,-0.02948870313315706,2.1332356546865035e-10,2.6245933738272117e-11,1.4837445135831569e-10,1.959606941826636e-10,1.0019218815708727e-09,22,6,scale_free,independent,26,372261573
23,True,-0.9268669506293395,0.683558360330477,5.757181336922092e-10,3.4700773913735633e-10,3.8055291728744417e-10,3.3980998712386106e-10,2.916203154815139e-09,23,6,scale_free,independent,27,709175944
24,True,-0.9107397681627596,1.173356780756505,2.476251623904992e-10,8.810511932036917e-11,2.4062059463037554e-10,1.9207905828809944e-10,1.4876592120659822e-09,24,6,scale_free,independent,28,153612898
24,True,-0.9120379545728675,0.42182102890662593,2.700963938599846e-10,3.056126292728039e-10,8.322130788557185e-12,2.0395891021916656e-10,1.3572550297462275e-09,24,6,scale_free,independent,29,239421317
36,True,-0.5109452994651081,-0.32536335283986306,1.9934055158723003e-17,1.1331166295920986e-17,1.4989724041661926e-17,1.2668629051016912e-17,1.2381462966478902e-08,36,6,scale_free,cascade,0,600840407
35,True,-0.5108985539765711,-1.014157846209495,3.476692901206103e-17,2.1008544585209647e-17,2.212480947259032e-17,1.857585659853617e-17,1.037459169892182e-08,35,6,scale_free,cascade,1,668454618
32,True,-0.5646149289208524,-1.00485855924605,5.348548446768677e-10,3.652095648229079e-10,3.6520954830972413e-10,3.652094983355458e-10,1.3643390680427676e-08,32,6,scale_free,cascade,2,119672555
35,True,-0.507940396643814,-1.0355881590376648,2.2567663070986453e-12,1.5086243246556422e-12,1.508624680272205e-12,1.5086247370439175e-12,1.0939822217630394e-08,35,6,scale_free,cascade,3,508310197
33,True,-0.5431795354498755,-1.125723332001733,3.3696621595396193e-10,2.525035070465181e-10,2.525035073905129e-10,2.525034600964299e-10,1.2134489015418248e-08,33,6,scale_free,cascade,4,364919360
34,True,-0.47926076740853707,-2.3720104232771253,8.746374787870495e-09,5.928423547461564e-09,5.928423535990648e-09,5.928424457929844e-09,1.5328735647242098e-08,34,6,scale_free,cascade,5,501744575
35,True,-0.5257148954368015,-0.35780785068086685,5.540071444036656e-09,3.4210070326130976e-09,3.4210070353256615e-09,3.42100690831385e-09,1.2140794685798656e-08,35,6,scale_free,cascade,6,958429180
32,True,-0.5230265171884223,-2.2889762489957763,4.414736652115222e-16,3.238811268108894e-16,3.1747493405978583e-16,3.206940271197429e-16,1.0445186076641033e-08,32,6,scale_free,cascade,7,76610499
35,True,-0.5108681350086719,-1.1747877801009492,1.710371984329624e-14,1.2191676740163972e-14,1.219124494543629e-14,1.2185393145418477e-14,8.841542696809944e-09,35,6,scale_free,cascade,8,995464472
34,True,-0.5106505336802919,-1.2159256479310963,5.321211730848316e-13,3.891049093623846e-13,3.891010347634514e-13,3.890920400807484e-13,1.4227308365378221e-08,34,6,scale_free,cascade,9,449578695
36,True,-0.4991105352624221,-0.31404008285936913,1.0092724817538304e-09,2.7193514881040703e-14,2.7213187153531702e-14,1.1600065080424378e-09,1.899278214573444e-08,36,6,scale_free,heterogeneous_cascade,0,772104891
35,True,-0.45512313283139433,-2.7478238310955048,6.766848586115198e-10,2.4532694666933987e-18,4.567058343771876e-16,8.055953096058749e-10,1.243975181619306e-08,35,6,scale_free,heterogeneous_cascade,1,424470619
35,True,-0.4971399637662081,-1.5334765504688121,4.659239198165572e-10,4.335559509131367e-16,4.499771492197258e-16,5.012980647542272e-10,9.921726939364541e-09,35,6,scale_free,heterogeneous_cascade,2,310961509
33,True,-0.5069802966794273,-2.1984854139088683,4.602122010404988e-10,1.5406924812283828e-12,1.5408044217350678e-12,6.245321934029515e-10,1.1503284788327325e-08,33,6,scale_free,heterogeneous_cascade,3,770599732
30,True,-0.605114229978264,-1.365875907741866,1.7715917312555487e-10,1.8159687962359784e-13,1.8302747980180313e-13,2.1912939038931855e-10,7.98210968919398e-09,30,6,scale_free,heterogeneous_cascade,4,687665048
33,True,-0.5077818216731722,-1.8729737345246036,3.820706807903388e-10,4.2897107876839335e-15,5.37770992569502e-15,4.567136778989931e-10,1.415579799470413e-08,33,6,scale_free,heterogeneous_cascade,5,144057982
36,True,-0.5097563326990284,-0.6115858179395367,5.696029212536771e-10,2.075527338106554e-10,2.075374422302238e-10,5.318014437514413e-10,1.0073388901774192e-08,36,6,scale_free,heterogeneous_cascade,6,705406365
32,True,-0.6030627933665751,-0.024887532525955196,8.789111357135929e-10,7.244431469697655e-11,7.244826708018161e-11,1.1479735933970358e-09,2.0910719987730044e-08,32,6,scale_free,heterogeneous_cascade,7,753077385
32,True,-0.5668620387072378,-1.0186623248585875,2.9163780605683718e-09,1.9061611795202318e-09,1.90621888172315e-09,1.8449130042842522e-09,8.968467119973576e-09,32,6,scale_free,heterogeneous_cascade,8,387841694
36,True,-0.49196098569256497,-1.3489302962601848,5.0846899781665e-10,1.5657327209818698e-11,1.5657200264045522e-11,5.798093967467545e-10,1.35431526398668e-08,36,6,scale_free,heterogeneous_cascade,9,925649530
122,True,-0.1271294154300289,-0.9513179989630275,6.202064913906556e-08,2.8334968243313584e-08,5.5361968030805496e-08,1.6151432641105122e-08,8.269357562459591e-08,122,7,cycle_baseline,independent,0,640888634
152,True,-0.1049205349992728,-0.5891529761639842,4.777778684430587e-08,3.40177769927602e-08,3.114764935331181e-08,1.3967020633794603e-08,7.276303375501157e-08,152,7,cycle_baseline,independent,1,333628368
136,True,-0.11676043408942087,-0.6775134259148285,5.071175538997309e-08,1.545387101544363e-08,1.2758038149801552e-08,5.204895624805502e-08,7.38465466130429e-08,136,7,cycle_baseline,independent,2,10727644
141,True,-0.11467700218194228,-0.48276171744851804,5.3200735326847944e-08,3.276530838072724e-08,2.3812987663482835e-08,3.7760353421906924e-08,6.622458919699525e-08,141,7,cycle_baseline,independent,3,674960392
136,True,-0.11751197511937797,-0.6272722938909531,6.274695944776937e-08,4.667439476323001e-08,4.7501412753905045e-08,1.1832113243459308e-08,7.163005798960918e-08,136,7,cycle_baseline,independent,4,209057658
139,True,-0.11684945770223847,-0.3107862971124203,4.92732052621028e-08,4.2242956929993944e-08,2.8035531380255367e-08,1.485221231631869e-08,7.413105464956193e-08,139,7,cycle_baseline,independent,5,525088302
132,True,-0.12331129162925364,-0.4419074055875059,5.22606249855443e-08,2.8829069532786022e-08,4.065690756644191e-08,1.7150853093712038e-08,6.173643584507608e-08,132,7,cycle_baseline,independent,6,466726589
140,True,-0.11175976082030968,-0.6541097373974688,6.277160872047946e-08,3.1934963538288617e-08,2.8541795335550844e-08,5.229395395726451e-08,9.48641325203381e-08,140,7,cycle_baseline,independent,7,163751304
132,True,-0.12457945451854717,-0.16494348257700675,5.693713423251525e-08,2.207491610146168e-08,3.365905933040935e-08,4.104135728286869e-08,7.251616348568617e-08,132,7,cycle_baseline,independent,8,711505280
134,True,-0.11600442889248799,-0.6701769411227186,7.534591399516348e-08,9.759847599232756e-09,7.67650329992459e-08,2.377642881161761e-08,1.0068987549459754e-07,134,7,cycle_baseline,independent,9,165906867
135,True,-0.12374860719717429,-0.1051614918895602,4.634815040817133e-08,3.070283866906328e-08,3.070283866906328e-08,3.070283866906328e-08,5.6022610295451716e-08,135,7,cycle_baseline,cascade,0,417753718
139,True,-0.11893082489016131,-0.1492059231617845,4.18431797113198e-08,2.7764581131391185e-08,2.7764581131391185e-08,2.7764581130656668e-08,6.844638381720554e-08,139,7,cycle_baseline,cascade,1,836304290
127,True,-0.1240873227165113,-0.8433350121570596,4.787611865804941e-08,3.0153106355536024e-08,3.0153106355536024e-08,3.0153106355536024e-08,7.25723630599083e-08,127,7,cycle_baseline,cascade,2,920365848
147,True,-0.1067082549878867,-0.15825161201393362,1.0153760292659384e-07,6.562690643030952e-08,6.562690643030952e-08,6.562690643030952e-08,1.4755620023911577e-07,147,7,cycle_baseline,cascade,3,989133002
152,True,-0.10555525491891687,-0.5538716305843424,5.879947318296105e-08,3.909824157750731e-08,3.909824157750731e-08,3.909824157750731e-08,6.766146330167217e-08,152,7,cycle_baseline,cascade,4,958011973
133,True,-0.11976338301785552,-0.5593934237613847,6.579447993071697e-08,4.291452403395841e-08,4.291452403395841e-08,4.291452403395841e-08,7.439202194691091e-08,133,7,cycle_baseline,cascade,5,555969427
140,True,-0.11007112353271001,-1.2303417065002966,5.536423676534858e-08,3.753437230638502e-08,3.7534372315645e-08,3.753437230638502e-08,6.424283571249281e-08,140,7,cycle_baseline,cascade,6,200480540
148,True,-0.11136458857999809,-0.16651835015483737,4.2900675692583206e-08,2.73979546614074e-08,2.73979546614074e-08,2.73979546614074e-08,6.604796006910685e-08,148,7,cycle_baseline,cascade,7,839069730
118,True,-0.14131030386076235,-0.2645899495732903,4.0636313832724984e-08,2.7069831074347542e-08,2.7069831074347542e-08,2.7069831074347542e-08,4.693763088390785e-08,118,7,cycle_baseline,cascade,8,801630523
143,True,-0.11272123406467636,-0.507621773941053,5.449958157823913e-08,3.376485224880927e-08,3.376485224880927e-08,3.376485224880927e-08,6.717981624394414e-08,143,7,cycle_baseline,cascade,9,990321664
140,True,-0.11106695806697783,-1.0284078756044714,5.661548691999877e-08,3.861614274206189e-08,3.8616142737543224e-08,3.8616142739315574e-08,7.678712072559846e-08,140,7,cycle_baseline,heterogeneous_cascade,0,650947895
129,True,-0.11853847623201691,-1.0955114229932674,5.8260900950376184e-08,3.8343397385600055e-08,3.834339736620378e-08,3.8343397418172866e-08,8.438296595271773e-08,129,7,cycle_baseline,heterogeneous_cascade,1,141595888
147,True,-0.10642426234565165,-0.9051665049419761,5.353512284209816e-08,3.498653839149431e-08,3.498653839481642e-08,3.4986538395747914e-08,7.343175327879648e-08,147,7,cycle_baseline,heterogeneous_cascade,2,502902202
132,True,-0.12338041173974404,-0.4662588168525496,4.854332412122294e-08,3.0262978017168204e-08,3.0262978017168204e-08,3.026297801882754e-08,5.989761527286495e-08,132,7,cycle_baseline,heterogeneous_cascade,3,448245613
142,True,-0.11281717397258514,-0.6889619338397839,4.206095287648958e-08,2.8568895593184024e-08,2.856889560024373e-08,2.8568895591572048e-08,6.26046258896229e-08,142,7,cycle_baseline,heterogeneous_cascade,4,842947243
122,True,-0.12244040270665399,-1.719334080909625,5.9197192971527804e-08,3.713306192185224e-08,3.7133061916605225e-08,3.713306192787606e-08,7.134917620097878e-08,122,7,cycle_baseline,heterogeneous_cascade,5,392572715
148,True,-0.10882028181992955,-0.5324509708153455,4.3368309700322166e-08,2.7878314804372802e-08,2.7878314806664704e-08,2.7878314806295964e-08,6.333443233890176e-08,148,7,cycle_baseline,heterogeneous_cascade,6,328592708
137,True,-0.11991921929299315,-0.3673127301781602,3.796320470953998e-08,2.5224775654443245e-08,2.5224775654443245e-08,2.5224775642193792e-08,5.8201389174523166e-08,137,7,cycle_baseline,heterogeneous_cascade,7,80049283
130,True,-0.12578612282975243,-0.35764432775501287,5.025354704120655e-08,3.2587063839659316e-08,3.258706383967009e-08,3.2587063839669176e-08,6.37801349504555e-08,130,7,cycle_baseline,heterogeneous_cascade,8,835456548
135,True,-0.12171311441246195,-0.30278817712072265,4.794934506112221e-08,2.9798946746104075e-08,2.9798946746899783e-08,2.979894674499176e-08,5.850381213031589e-08,135,7,cycle_baseline,heterogeneous_cascade,9,755330172
150,True,-0.09830016523744592,-1.3054936461363034,1.4457657548575453e-07,1.3205257588006132e-07,3.383509739069914e-08,8.588818521602627e-08,1.1721295543421097e-07,150,7,random_strong,independent,0,41227700
58,True,-0.30141376647020224,0.04840828026469946,2.188502686220747e-08,1.1248273963362082e-08,1.4432530355256325e-08,1.446919027368019e-08,3.661912448906952e-08,58,7,random_strong,independent,1,433779027
109,True,-0.14821099276430988,-0.7479645787060376,4.7268146836151383e-08,2.1085882489481467e-08,1.1979389891609394e-08,4.424440940591903e-08,5.0917837999257735e-08,109,7,random_strong,independent,2,479718134
72,True,-0.2395594830146425,0.19796781161614824,2.4206485887671025e-08,1.429245374247295e-08,1.5812607444903312e-08,1.4857175892636021e-08,5.109183066558894e-08,72,7,random_strong,independent,3,469326934
98,True,-0.16764870512296146,-0.28800303219499784,5.4160322629128845e-08,4.409976727241281e-08,9.914967475477284e-09,3.759647991942147e-08,5.738146524157984e-08,98,7,random_strong,independent,4,918931223
49,True,-0.3717384710271155,0.2891583725980269,1.1587109121406466e-08,4.641177306800567e-09,8.275441102863634e-09,7.453000441079133e-09,2.3586649305612954e-08,49,7,random_strong,independent,5,150672973
66,True,-0.2385322796238374,-1.6442970844385942,4.5088009216914615e-08,4.3385106843609057e-08,3.5120646678914206e-08,1.3308665420058226e-08,3.983530855870848e-08,66,7,random_strong,independent,6,306344496
87,True,-0.19049957759733988,-0.4101579960378423,3.90471501956646e-08,2.638381900757675e-08,2.8732819806450505e-08,1.2701254887903032e-08,5.585715721765224e-08,87,7,random_strong,independent,7,180926652
112,True,-0.14642687164227033,-0.43693982469521364,4.497573619724916e-08,9.281113768602713e-09,3.3280816535785516e-08,2.985990646047509e-08,5.6028236723926614e-08,112,7,random_strong,independent,8,244084573
47,True,-0.3935624570816053,0.6678845867049028,2.2820740107619562e-08,1.6416262915152697e-08,2.2858365570617237e-08,1.599875715919427e-08,3.575364134465098e-08,47,7,random_strong,independent,9,907103622
104,True,-0.1614381974402652,-0.0001901955294770699,3.757417950881601e-08,2.7260694571471553e-08,8.100554184573968e-09,2.775404518692339e-08,5.7109529023842064e-08,104,7,random_strong,independent,10,940722128
50,True,-0.3556850311683807,-0.24315972232330912,1.001658662796082e-08,3.82071619660819e-09,7.1550986555309095e-09,8.271472701394005e-09,1.903833232254477e-08,50,7,random_strong,independent,11,44649088
51,True,-0.3420612059451017,-0.4764090948633178,9.653773466782899e-09,5.973170792127539e-09,3.0805023861506765e-09,7.465188013176707e-09,2.4314166910385045e-08,51,7,random_strong,independent,12,632091859
115,True,-0.14371035293802403,0.03539217990236596,4.555269920157225e-08,3.754124844988525e-08,1.3091693414275785e-08,2.806271427279108e-08,7.78211990304563e-08,115,7,random_strong,independent,13,232852284
66,True,-0.2636554025290897,-0.1369470142146604,2.1127825818122763e-08,1.4615391104955453e-08,1.2525302635475644e-08,1.2911866583467039e-08,3.091472431301841e-08,66,7,random_strong,independent,14,192561071
84,True,-0.2021078946433452,-0.13567052778228875,3.6936344741103044e-08,2.4206581663186013e-08,2.027227896162203e-08,2.2805037654393458e-08,4.478334464688877e-08,84,7,random_strong,independent,15,292059330
60,True,-0.2930935956577138,-0.06328883746446771,1.547338129290092e-08,9.648469862499184e-09,2.884829770085498e-09,1.2828267630509665e-08,2.7939141083893185e-08,60,7,random_strong,independent,16,194387021
89,True,-0.17420067122207306,-1.11099878388251,9.417317833919766e-08,6.44794942759618e-08,3.838571142976901e-08,6.730880518638524e-08,6.712015535547052e-08,89,7,random_strong,independent,17,490197542
58,True,-0.3078658473994908,0.18240249632110841,1.540737291265213e-08,8.79958797616246e-09,1.1125800229031625e-08,8.09420834775171e-09,2.7462983384721994e-08,58,7,random_strong,independent,18,995610628
83,True,-0.19945662165939518,-0.5532381729451805,3.5032235456153174e-08,2.455443787997804e-08,1.9241306997508302e-08,2.0112852586898378e-08,4.149022471769343e-08,83,7,random_strong,independent,19,586445172
77,True,-0.21592073350707755,-0.1881372609533238,4.198410222775205e-08,2.503257021719069e-08,2.478159683530192e-08,2.4026639182829155e-08,6.195149825611176e-08,77,7,random_strong,independent,20,723243111
74,True,-0.20526620801619255,-1.146962929701729,9.590651572207255e-08,5.846992382805339e-09,1.137263089259753e-07,1.449269933368147e-08,9.199923155383836e-08,74,7,random_strong,independent,21,493289975
132,True,-0.12167779776716957,-0.6131953313464413,4.775979220017577e-08,2.1643899578137742e-08,3.552574942327821e-08,2.549723551988125e-08,6.491689073280531e-08,132,7,random_strong,independent,22,13907270
94,True,-0.17089584945229638,-0.7498797919051925,4.763288801550297e-08,8.209846251147932e-09,5.277586682342329e-08,8.900926512164602e-09,5.5025329974353574e-08,94,7,random_strong,independent,23,84115334
93,True,-0.17722000350518227,-0.4909116743328586,2.990784401032119e-08,1.887064517527666e-08,2.2531667134582156e-08,1.5322395647088527e-08,5.197298619020105e-08,93,7,random_strong,independent,24,268872596
58,True,-0.2944052316693588,-0.3473144728289698,3.338440847035561e-08,3.391868529028677e-08,5.875018568930532e-09,1.2251979750433167e-08,4.925713080316397e-08,58,7,random_strong,independent,25,243667453
38,True,-0.47236705934930906,0.2660496203144121,1.595835376500072e-08,8.146043064301582e-09,3.0298400757705067e-09,1.6072764122152337e-08,3.899850808900742e-08,38,7,random_strong,independent,26,840579465
69,True,-0.24402451356959337,-0.16772471648236625,3.1660008754690285e-08,9.657665088987283e-09,3.3171741137300065e-08,3.984344951718614e-09,5.3592343994395744e-08,69,7,random_strong,independent,27,843588384
97,True,-0.1660933083512479,-0.6212061133807273,5.773456769539021e-08,1.93631782943729e-08,4.9893300649367564e-08,3.061560271807684e-08,5.755451009374854e-08,97,7,random_strong,independent,28,854121380
50,True,-0.3460811599657512,-0.46058697381470504,1.4748006425474833e-08,1.315481215406061e-08,1.1721738081960397e-08,3.489363975108184e-09,3.430743422416064e-08,50,7,random_strong,independent,29,637588700
72,True,-0.21197994643544382,-1.9938800657814737,1.8659777745027984e-08,1.2186612121595104e-08,1.2186612121595104e-08,1.2186612120432629e-08,3.9499871096221154e-08,72,7,random_strong,cascade,0,556173155
78,True,-0.2071230791552992,-0.9404538326329485,2.4784105915792997e-08,1.6717813900104916e-08,1.6717813900104916e-08,1.6717813900104916e-08,5.1188215529231566e-08,78,7,random_strong,cascade,1,406806891
85,True,-0.19722938936092013,-0.24606067646785867,3.487834960093169e-08,2.2362691021292682e-08,2.2362691021292682e-08,2.236269101912912e-08,4.9937734714685315e-08,85,7,random_strong,cascade,2,670203255
54,True,-0.32326688312818985,0.1285256135162551,1.936808112385653e-08,1.3781866078415146e-08,1.3781866078415146e-08,1.3781866087037649e-08,5.320380321142845e-08,54,7,random_strong,cascade,3,794442743
42,True,-0.4149881044473214,-0.8159940315385967,9.692704471456387e-09,6.5899176881627195e-09,6.589917689035027e-09,6.589917689693654e-09,1.803908823488159e-08,42,7,random_strong,cascade,4,762903018
71,True,-0.2350889105639317,-0.31748792057066105,5.053112855653958e-08,3.545647656538147e-08,3.545647656538147e-08,3.545647656538147e-08,4.9940574516045393e-08,71,7,random_strong,cascade,5,613830329
112,True,-0.14915896240399654,-0.12624904009649301,3.3947277017020987e-08,2.2067537044148777e-08,2.2067537044148777e-08,2.2067537044148777e-08,5.833186005537299e-08,112,7,random_strong,cascade,6,58108481
121,True,-0.1379687685421591,-0.2219608208590527,4.0820733295945996e-08,2.7441474143267175e-08,2.7441474143267175e-08,2.7441474143267175e-08,4.952755263241126e-08,121,7,random_strong,cascade,7,724949433
64,True,-0.24638976170291169,-1.405577394489372,2.8886853311854256e-08,2.0088982052753622e-08,2.0088982052753622e-08,2.00889820853867e-08,5.096953931603281e-08,64,7,random_strong,cascade,8,366608384
75,True,-0.23035981925198942,0.03734564478365373,1.7994744102238744e-08,1.177067385968306e-08,1.177067385968306e-08,1.1770673867470873e-08,4.730530559790531e-08,75,7,random_strong,cascade,9,743667294
77,True,-0.1902014775520191,-1.5929151652127327,7.204806546394912e-08,4.393281042193058e-08,4.393281042193058e-08,4.393281041128662e-08,1.1406807391793364e-07,77,7,random_strong,cascade,10,539527435
56,True,-0.32749978694375603,0.6659738314588506,1.302804236399456e-08,8.399362640697365e-09,8.399362640697365e-09,8.399362643231224e-09,2.879553601095925e-08,56,7,random_strong,cascade,11,881185780
53,True,-0.32021042840174324,-1.0513416124697001,2.0677319343476707e-08,1.674523390558454e-08,1.674523390558454e-08,1.6745233911502802e-08,2.7225720045721927e-08,53,7,random_strong,cascade,12,338456483
58,True,-0.24061108137672169,-3.341098347939549,2.9216841325143465e-08,1.8062119671214326e-08,1.8062119671214326e-08,1.8062119672177006e-08,3.031686368837221e-08,58,7,random_strong,cascade,13,931394221
67,True,-0.2295542158984244,-1.32125853909146,8.042123769876944e-08,5.835102550737281e-08,5.835102550737281e-08,5.835102550109317e-08,7.111360541446501e-08,67,7,random_strong,cascade,14,844478873
109,True,-0.14986366198341755,-0.46474607894745784,3.430300564314628e-08,2.2380041227505763e-08,2.2380041227505763e-08,2.2380041227505763e-08,5.8286375691660966e-08,109,7,random_strong,cascade,15,331107024
61,True,-0.2848039015638268,-0.3477462004842322,1.095223569722856e-08,7.443596184489665e-09,7.443596184489665e-09,7.443596179396672e-09,2.992089085286066e-08,61,7,random_strong,cascade,16,482572508
38,True,-0.5099202555274676,0.507309286295598,2.640888959665795e-09,1.6777677889264624e-09,1.6777677889264624e-09,1.6777677902235548e-09,9.355229336915989e-09,38,7,random_strong,cascade,17,531348033
54,True,-0.32230818970941116,-0.38680491508792736,1.0174587251828926e-08,8.108128253267007e-09,8.108128253267007e-09,8.108128253267007e-09,2.930079445792464e-08,54,7,random_strong,cascade,18,768627589
52,True,-0.36147740854705446,0.5034972081870804,8.164731792468709e-09,5.896551013475065e-09,5.896551013475065e-09,5.896551010688988e-09,1.2060833520369989e-08,52,7,random_strong,cascade,19,689157181
44,True,-0.37743067432142413,-1.567941789994038,9.240348102083983e-09,6.42168380307841e-09,6.42168380307841e-09,6.421683804970291e-09,1.6708189656373206e-08,44,7,random_strong,cascade,20,852015516
47,True,-0.3710154288582381,-0.6413303942320882,5.530337745725894e-09,3.480513798872671e-09,3.480513798872671e-09,3.4805137831405065e-09,1.924343093141094e-08,47,7,random_strong,cascade,21,369867792
52,True,-0.34087433892197083,-0.16291856314231443,1.003355149566963e-08,7.282068383005643e-09,7.282068383005643e-09,7.2820683788740485e-09,2.3612010301364833e-08,52,7,random_strong,cascade,22,504791482
147,True,-0.1123936025308032,-0.18368865193351283,5.536172206469264e-08,3.5266219876365076e-08,3.5266219876365076e-08,3.5266219876365076e-08,6.057727318329487e-08,147,7,random_strong,cascade,23,430864766
47,True,-0.3547593730437153,-1.4705462441647141,7.1483890483792724e-09,4.838848033826308e-09,4.838848030023489e-09,4.838848033218823e-09,2.1827185461648858e-08,47,7,random_strong,cascade,24,909552243
35,True,-0.553936943421571,0.3376270409591582,2.1560861999433975e-09,1.6701510025121525e-09,1.6701510107916166e-09,1.6701509645751968e-09,1.1101504563708164e-08,35,7,random_strong,cascade,25,304980590
54,True,-0.32647436965688287,-0.5294779763690928,1.1045370687517272e-08,8.26128604168199e-09,8.26128604168199e-09,8.261286038311666e-09,2.783002337952457e-08,54,7,random_strong,cascade,26,587123940
66,True,-0.2608838176230489,-0.035987920661838244,2.627220257025061e-08,2.00814618388677e-08,2.00814618388677e-08,2.0081461838463076e-08,4.6676350458834955e-08,66,7,random_strong,cascade,27,120166144
64,True,-0.2628866712077405,-0.35025647726121245,4.081726943521581e-08,2.8924745129215277e-08,2.8924745129215277e-08,2.8924745130349345e-08,3.0241968411921245e-08,64,7,random_strong,cascade,28,850274298
80,True,-0.20760677996751134,-0.6399194588038049,1.9865430903198456e-08,1.3124043640421163e-08,1.3124043642375819e-08,1.3124043642375819e-08,4.3883667573862096e-08,80,7,random_strong,cascade,29,384217953
152,True,-0.10515493070588203,-0.24607290286268202,5.3411475160115204e-08,3.567517812416186e-08,3.567517811391232e-08,3.567517811280925e-08,1.0134324386249088e-07,152,7,random_strong,heterogeneous_cascade,0,340590795
56,True,-0.30917651770339943,0.026112667512303588,2.2115522613539756e-08,1.6592363920793927e-08,1.659236390845169e-08,1.6591982220779156e-08,5.835074391550273e-08,56,7,random_strong,heterogeneous_cascade,1,582917215
58,True,-0.28648201997632616,-1.003988155105974,1.308766842403672e-08,9.14928713105883e-09,9.149287136957841e-09,9.149289012289666e-09,2.5305707471959917e-08,58,7,random_strong,heterogeneous_cascade,2,498816958
43,True,-0.37901935843648643,-1.1536896905317595,1.2845843729809655e-08,8.175782286172453e-09,8.175782252989754e-09,8.172863420414552e-09,4.131082316462878e-08,43,7,random_strong,heterogeneous_cascade,3,847976312
69,True,-0.25136642262319453,0.029429749263803113,1.4684971640349777e-08,9.857270886139906e-09,9.857270881232591e-09,9.857270903419163e-09,4.0848707426250425e-08,69,7,random_strong,heterogeneous_cascade,4,531411040
61,True,-0.29013725442047184,0.2947434233937116,1.6109326191514203e-08,1.0801609918614447e-08,1.0801609920261678e-08,1.0801609921036842e-08,3.4666088437258864e-08,61,7,random_strong,heterogeneous_cascade,5,516994668
120,True,-0.14234886630828314,0.17622372361060007,3.246394229035334e-08,2.0379867038180892e-08,2.037986703351438e-08,2.037986700331755e-08,5.0312714432752994e-08,120,7,random_strong,heterogeneous_cascade,6,104979715
54,True,-0.29084295757969564,-1.6413783828398212,2.6029303421789408e-08,1.9671128550044147e-08,1.96711285593938e-08,1.9671098231827812e-08,3.7843623847302006e-08,54,7,random_strong,heterogeneous_cascade,7,21938146
66,True,-0.2219247450985103,-2.0958035033265934,7.007930160193796e-08,5.49705121505073e-08,5.497051216178887e-08,5.497051219083398e-08,6.703062774828774e-08,66,7,random_strong,heterogeneous_cascade,8,398552506
113,True,-0.146917111933286,-0.20123358268505095,4.294757788367545e-08,2.8516010487321906e-08,2.851601048784254e-08,2.8516010487321906e-08,5.833590642251927e-08,113,7,random_strong,heterogeneous_cascade,9,917337672
52,True,-0.33450380501467014,-0.14684094748032328,2.0043721437703655e-08,1.3452178803087974e-08,1.3452178809648072e-08,1.3452132354720255e-08,3.1080365738154874e-08,52,7,random_strong,heterogeneous_cascade,10,628979697
50,True,-0.3556530986753428,-0.40971832532023555,1.0228346724729066e-08,6.835681181959201e-09,6.8356811864994985e-09,6.835658072508423e-09,1.0520707816058232e-08,50,7,random_strong,heterogeneous_cascade,11,630832240
83,True,-0.19191873101754706,-0.8433716346919112,6.666356833775141e-08,4.716366036211653e-08,4.716366036211653e-08,4.71636603579788e-08,5.7888508397352895e-08,83,7,random_strong,heterogeneous_cascade,12,391503671
111,True,-0.14470755911764632,-0.7381932665628166,4.689079687187699e-08,2.929278610749741e-08,2.9292786107121204e-08,2.9292786107076993e-08,5.7732187850011585e-08,111,7,random_strong,heterogeneous_cascade,13,177506582
60,True,-0.27951739193633524,-0.886766136670928,2.0540000536937518e-08,1.3072081772216483e-08,1.3072081768904051e-08,1.3072017347171632e-08,3.2866812958532545e-08,60,7,random_strong,heterogeneous_cascade,14,8546730
66,True,-0.2560571770685644,-0.5120800769879614,2.3184452310258914e-08,1.4208474111290373e-08,1.4208474120078826e-08,1.4208474195600884e-08,3.6008041282033606e-08,66,7,random_strong,heterogeneous_cascade,15,338855635
54,True,-0.30342636036583875,-1.0591831704328076,2.9730074778015104e-08,1.835743475648661e-08,1.8357434759386424e-08,1.8357443951723856e-08,3.7981431205310155e-08,54,7,random_strong,heterogeneous_cascade,16,316468144
114,True,-0.13332404609395004,-1.57234375261009,3.075348039119065e-08,1.9326945065643105e-08,1.9326945047756992e-08,1.932694508441278e-08,5.8276789771927636e-08,114,7,random_strong,heterogeneous_cascade,17,191603009
104,True,-0.15716650126396717,-0.4942669773232594,3.535477081931023e-08,2.2144806772428206e-08,2.21448067738855e-08,2.214480675225295e-08,5.7419167907816346e-08,104,7,random_strong,heterogeneous_cascade,18,259167022
46,True,-0.3980458520196231,0.4377266417489223,1.272750016511557e-08,8.769544294296933e-09,8.769544301348745e-09,8.769376615322738e-09,2.5460272418656376e-08,46,7,random_strong,heterogeneous_cascade,19,24823131
60,True,-0.30771477593443214,0.7661769538247554,1.7839590874311274e-08,1.3023730809887533e-08,1.3023730809431258e-08,1.3023730414423355e-08,2.4618909622706026e-08,60,7,random_strong,heterogeneous_cascade,20,927460458
57,True,-0.2835394479150978,-1.1693973779527314,2.5390787455027923e-08,1.7448729323353778e-08,1.7448729323314517e-08,1.7448729206585373e-08,5.177357572728373e-08,57,7,random_strong,heterogeneous_cascade,21,690799961
60,True,-0.2837760669943977,-0.3891614309378301,1.528168997801326e-08,1.0725119883077632e-08,1.0725119889951084e-08,1.0725133257275712e-08,3.7970132426547294e-08,60,7,random_strong,heterogeneous_cascade,22,448207328
59,True,-0.2936078349874101,-0.36859007232419183,1.558059198769511e-08,9.952208601410648e-09,9.952208606092054e-09,9.95220859693172e-09,2.8823665871490007e-08,59,7,random_strong,heterogeneous_cascade,23,420268179
42,True,-0.435508728404498,0.889398306997212,3.352457227643641e-08,2.3048851119547258e-08,2.3048851116580717e-08,2.2883567983084897e-08,4.026745250371365e-08,42,7,random_strong,heterogeneous_cascade,24,307535072
85,True,-0.17328231068531907,-2.3852239041883703,2.9559921888258563e-08,2.1199067472808754e-08,2.1199067475397978e-08,2.119906748095301e-08,4.270296629761617e-08,85,7,random_strong,heterogeneous_cascade,25,142406085
72,True,-0.24138445556117602,0.11661914657256472,2.1796942101890425e-08,1.3784625997714181e-08,1.3784625999365057e-08,1.3784625006236651e-08,4.127169771140743e-08,72,7,random_strong,heterogeneous_cascade,26,598477191
76,True,-0.20321072982395674,-1.68130137715719,1.847761149330388e-08,1.3638635585550219e-08,1.3638635585375326e-08,1.3638635586973727e-08,4.85602443005808e-08,76,7,random_strong,heterogeneous_cascade,27,566523986
89,True,-0.18650347159762135,-0.502774815285588,2.0361039865626742e-08,1.2786492273784341e-08,1.278649227688969e-08,1.2786492281936678e-08,4.672786941016054e-08,89,7,random_strong,heterogeneous_cascade,28,7314456
56,True,-0.3159134991782389,0.2711468772973752,1.6999157875762134e-08,1.0641009527958773e-08,1.06410095393397e-08,1.0641007878679746e-08,3.3401051305770624e-08,56,7,random_strong,heterogeneous_cascade,29,415521519
20,True,-1.1914258818205556,0.7391344333526415,2.8485654229957592e-11,1.662916764149611e-11,1.581995232707086e-11,1.972636524586095e-11,3.227617294254129e-10,20,7,small_world,independent,0,278022106
21,True,-1.0684432956906136,0.4911688886636671,3.498228054631688e-10,2.6754360336039404e-10,1.6651179377533218e-10,2.582366519067038e-10,1.829141088926761e-09,21,7,small_world,independent,1,170281734
21,True,-1.0566595339133562,0.4838249004706956,1.9970926995401127e-10,1.4568776897284225e-10,8.251035605006001e-11,1.48366780370221e-10,1.332078936080645e-09,21,7,small_world,independent,2,703033465
20,True,-1.1228366671351209,0.4468106033181018,9.785580828059243e-11,1.9180350331536614e-11,1.2020194752064573e-10,4.064977381194476e-11,7.647181746792198e-10,20,7,small_world,independent,3,525826152
19,True,-1.2339898877740114,1.3848006657046543,5.5563689373714724e-11,4.608509927129858e-11,2.147532412919607e-11,5.930739630206442e-11,5.899661486777615e-10,19,7,small_world,independent,4,633769772
21,True,-1.09488650293974,0.6358046675015919,7.7251457686816e-11,2.4630068989492603e-11,3.0570103961537813e-11,7.31236142673572e-11,5.779157117862047e-10,21,7,small_world,independent,5,713481640
18,True,-1.3605038270435303,1.043300759697107,2.8201748230021284e-11,2.0186344131919898e-11,2.0021110993276176e-11,8.38938075441828e-12,2.488195320603021e-10,18,7,small_world,independent,6,981805947
20,True,-1.0639628685622973,0.08041347071217349,2.0064816356602936e-10,1.7863464407027176e-10,4.966080801937083e-11,1.1552227600574726e-10,1.8156840160642978e-09,20,7,small_world,independent,7,802762652
22,True,-0.9800764352788458,0.41452734650607653,2.1976161866104244e-10,1.2700436577772e-10,7.027790513892835e-11,1.856063649577114e-10,1.7526054386164868e-09,22,7,small_world,independent,8,620357709
20,True,-1.1739920869168463,1.0288030458708044,6.960888274710558e-11,5.974152996092259e-11,4.3507606110255235e-11,2.8699796532948873e-11,5.055973373715152e-10,20,7,small_world,independent,9,879021554
35,True,-0.5113369187209899,-0.5275827897914883,1.1707385490898202e-14,8.073853844811925e-15,8.066653568356768e-15,8.098189052799234e-15,1.6707838644735888e-08,35,7,small_world,cascade,0,477505873
36,True,-0.5108518404035587,-0.23403642052464732,2.3667117889919203e-16,1.68177456567676e-16,1.642041997679149e-16,1.6453896912616346e-16,1.359462561781584e-08,36,7,small_world,cascade,1,984766599
31,True,-0.5350764333235746,-2.3286215571040585,6.317162002679893e-14,3.9105316696210966e-14,3.9099652556304734e-14,3.910903136360845e-14,1.3232147206136499e-08,31,7,small_world,cascade,2,761432562
29,True,-0.6756229483613642,-0.38679538267572705,1.1667756674985638e-09,7.733285458792223e-10,7.73328543906195e-10,7.733282951615381e-10,6.905183948435598e-09,29,7,small_world,cascade,3,650883349
35,True,-0.5109532768662272,-0.30963842381644757,9.516197353929913e-17,4.1962486042515756e-17,9.383097129595137e-17,0.0,2.0960104712702747e-08,35,7,small_world,cascade,4,903327871
35,True,-0.5109937113401057,-0.7096306684953297,1.952150193970946e-15,1.2043672118472783e-15,1.2100194090563243e-15,1.2127448860637477e-15,1.4036748025229114e-08,35,7,small_world,cascade,5,515078901
31,True,-0.5338373371793361,-2.719693318078006,3.9219572292785015e-15,2.7512642452407644e-15,2.7470409051683062e-15,2.7516642255067787e-15,9.181704162575033e-09,31,7,small_world,cascade,6,720695946
32,True,-0.5323000270218204,-2.273471078736282,5.750615934387745e-15,3.893264552388685e-15,3.886587679823736e-15,3.8968105179679655e-15,8.758538337226699e-09,32,7,small_world,cascade,7,284730884
33,True,-0.5172373210728591,-2.0910260130850937,3.8785588833528015e-15,2.6931746577203138e-15,2.691856480103948e-15,2.693168272756231e-15,8.575073620215169e-09,33,7,small_world,cascade,8,963211223
31,True,-0.5122911302254707,-2.7353004450982192,2.3233523088005164e-14,1.4824480587146223e-14,1.4828392383798628e-14,1.4825534721228238e-14,1.3928544828446356e-08,31,7,small_world,cascade,9,623367385
37,True,-0.4888001840765763,-0.8006366349992055,5.016128385697178e-10,2.0981243021257878e-17,1.3649907160014135e-15,6.015547229168665e-10,1.024616193299328e-08,37,7,small_world,heterogeneous_cascade,0,782005170
35,True,-0.4964595434551685,-1.1366072720542517,4.0412745968583813e-10,9.085144729692145e-18,7.305495882379394e-16,5.321496500574591e-10,1.500086712911264e-08,35,7,small_world,heterogeneous_cascade,1,460737662
37,True,-0.4942467706614967,-0.6516473922103054,3.5536420235344433e-10,2.319827263034111e-16,2.2887833992611187e-16,4.697688923261784e-10,9.776304637443633e-09,37,7,small_world,heterogeneous_cascade,2,866801438
36,True,-0.47569470170813455,-1.3234473202641233,6.774805300092726e-10,3.23342670699843e-17,3.2317244553895346e-16,8.062981967314667e-10,1.5681237512172516e-08,36,7,small_world,heterogeneous_cascade,3,74177867
32,True,-0.5094355143034665,-1.8138735703626838,1.1649214851136536e-09,5.849514864966071e-14,1.238398154269116e-13,1.5026820551479617e-09,2.2832895101189762e-08,32,7,small_world,heterogeneous_cascade,4,114104071
32,True,-0.5492483192402476,-2.2139093639453136,7.066550667827051e-10,1.0553066965772221e-13,1.0764334017939602e-13,8.433731315718593e-10,1.2442276360583362e-08,32,7,small_world,heterogeneous_cascade,5,507116487
31,True,-0.5293605298116966,-2.307179961083856,4.4968701442305353e-10,1.2934238630663624e-15,4.6452477379665005e-14,6.797531715162654e-10,1.3437948110653558e-08,31,7,small_world,heterogeneous_cascade,6,732413502
32,True,-0.5610132248077375,-0.731672212937951,5.065625702260346e-10,1.2486642659123834e-14,1.7620209782358093e-14,5.924777695322644e-10,1.36448872519827e-08,32,7,small_world,heterogeneous_cascade,7,809219112
37,True,-0.4732300049346581,-0.8881638055483523,4.3898792934094176e-10,1.6587129022171875e-17,1.3877787807814457e-17,5.473865786354796e-10,1.642124591361336e-08,37,7,small_world,heterogeneous_cascade,8,440088699
31,True,-0.5653116149116544,-1.5865845253380844,3.2299532691789025e-10,2.3719302195253375e-14,2.9354097466543973e-14,4.105969299463675e-10,1.0230420688658857e-08,31,7,small_world,heterogeneous_cascade,9,649673207
27,True,-0.7498124904136426,0.21868261074868506,1.1068922074380095e-09,4.922382315735328e-10,6.404336536297723e-10,8.396324911114132e-10,4.5048793878044354e-09,27,7,scale_free,independent,0,553103802
30,True,-0.661936448093435,0.13222151066490437,1.4157535438142618e-09,4.6405241141184283e-10,5.734988553662253e-10,1.7266872183789431e-09,5.21825990992215e-09,30,7,scale_free,independent,1,961522949
38,True,-0.440148577742599,-1.6663108694015,9.035978147326568e-09,6.796314680197181e-10,5.894593076051787e-09,9.266052275642226e-09,1.6148634251016623e-08,38,7,scale_free,independent,2,654102409
29,True,-0.6386876172158741,-0.844426381203253,2.69054895484293e-09,2.04742999743679e-09,5.070668666629292e-10,2.4713802337346276e-09,7.620610681521251e-09,29,7,scale_free,independent,3,416843938
30,True,-0.6541478477925442,0.2198977209020501,2.490937845024039e-09,9.952318609370826e-10,9.15521890677388e-10,2.4195523946881e-09,7.235656967138735e-09,30,7,scale_free,independent,4,969815116
28,True,-0.714119563446921,-0.13372151342583713,1.0271289269618224e-09,1.0295703639552896e-09,4.320530353940983e-11,3.8116035993510743e-10,3.766386536824746e-09,28,7,scale_free,independent,5,107253039
26,True,-0.8382579575872967,1.2376981158589964,9.104057328606091e-10,9.005292883604072e-10,1.5755676639753432e-10,9.838636045932608e-10,4.825909711952122e-09,26,7,scale_free,independent,6,984578081
34,True,-0.5577166672025742,-0.30840563497780416,3.4864787846074255e-09,6.738146582230552e-10,3.000437387539526e-09,2.1159680612008943e-09,7.446121561253485e-09,34,7,scale_free,independent,7,154013044
32,True,-0.5525193685945171,-1.3539213382999984,2.8816562757807603e-09,8.579875168719076e-10,1.1352783396651828e-09,2.8480610455549726e-09,7.650097788505783e-09,32,7,scale_free,independent,8,288228245
34,True,-0.530280391214881,-0.9648623862757969,4.178065671023332e-09,3.4279779522001604e-09,1.650098024356484e-09,3.4704508268576115e-09,9.586959262779614e-09,34,7,scale_free,independent,9,821470068
34,True,-0.5284811988596992,-0.6841874410750981,6.438289065464558e-09,3.9945750199092966e-09,3.4762711078225755e-09,3.926345671010221e-09,1.299732333791603e-08,34,7,scale_free,independent,10,733753497
22,True,-0.9614733421292251,0.4057045851236982,5.179435948500965e-10,7.433775484012496e-11,5.6149248719534e-10,2.6675475087308014e-10,2.6599474369354715e-09,22,7,scale_free,independent,11,970354240
32,True,-0.5930135230213257,-0.023427861696875298,2.2695578040642865e-09,1.085714634791038e-09,7.372496835573755e-10,2.384173876305461e-09,7.66435641227064e-09,32,7,scale_free,independent,12,749983537
23,True,-0.9215144040310864,-0.23994366831902164,2.4266468331182653e-10,2.2016851052120835e-11,2.2436913607029362e-10,1.3804678375506338e-10,1.3465341518859346e-09,23,7,scale_free,independent,13,637008490
37,True,-0.4972193209750279,-0.049963160109919545,7.4184096645680085e-09,5.652008202700576e-09,5.425838548931074e-09,3.2603081789137808e-09,1.6012451734475156e-08,37,7,scale_free,independent,14,346492861
21,True,-1.03534609580145,0.4845001937786666,1.6177992022149887e-10,8.682432223299534e-11,1.2750142137331655e-10,9.427374130803867e-11,7.553577995710846e-10,21,7,scale_free,independent,15,4712556
32,True,-0.5897826768381526,-0.36578983727618275,2.4794912256684625e-09,2.025848005268483e-09,1.0301994583636669e-09,1.714978877038557e-09,8.441001001260165e-09,32,7,scale_free,independent,16,123869774
20,True,-1.1404289110189945,0.7026889818136595,1.060459463057853e-10,3.723845806090801e-12,2.472915981808372e-11,1.2608705734538306e-10,7.464007346996291e-10,20,7,scale_free,independent,17,297777235
27,True,-0.7039702501343311,-0.36694143501064785,2.0911205451451346e-09,2.14488069886481e-10,1.2071439227691107e-09,2.4383216104055855e-09,7.862954994227042e-09,27,7,scale_free,independent,18,40946960
28,True,-0.7378887331973942,0.6359938673457386,4.725722900373765e-10,8.055562647630643e-11,4.0203251208596403e-10,3.116671903940946e-10,4.2661741339081285e-09,28,7,scale_free,independent,19,508179647
20,True,-1.0981873483010474,0.5648652894717946,2.4756574436039233e-10,1.347418864756407e-10,6.175688503833888e-11,2.1808937371783684e-10,1.4877716660002295e-09,20,7,scale_free,independent,20,777343127
31,True,-0.6343015229269202,-0.15938705681351564,1.4077287255852304e-09,1.7044883763068803e-09,2.859049238742014e-10,7.530914993602529e-10,4.846037153336564e-09,31,7,scale_free,independent,21,963254752
23,True,-0.9273883807939127,0.6318805940330908,5.215215227238559e-10,3.0508843885388936e-10,4.829646566167916e-10,3.027211846884658e-11,2.556223418448697e-09,23,7,scale_free,independent,22,489699741
26,True,-0.8304277344636772,0.8833793738711915,5.306234791200327e-10,1.8001917569541553e-10,4.154645156350536e-10,3.903445513255452e-10,1.6291456569845189e-09,26,7,scale_free,independent,23,875005135
31,True,-0.639835651404392,0.3300417021603997,7.815752687593843e-10,5.785620551853934e-10,1.7611619960530714e-10,5.829474798362485e-10,6.443641288498107e-09,31,7,scale_free,independent,24,985540169
24,True,-0.9347319646395155,1.311654092789386,1.689522668864308e-10,9.352341047018647e-12,5.040513652567268e-11,1.9891785792582812e-10,1.026010297297068e-09,24,7,scale_free,independent,25,859828472
25,True,-0.7529330906026762,-0.8964797520720328,1.793577830625328e-09,9.183007148320205e-10,1.3276845986095232e-10,1.7630001035297685e-09,6.7177429840829946e-09,25,7,scale_free,independent,26,464973455
29,True,-0.7167847855170228,0.6176403139357497,1.0261596036955865e-09,7.998870702306207e-10,3.910774545882003e-10,8.891950026070163e-10,3.974205036017072e-09,29,7,scale_free,independent,27,325260388
28,True,-0.7116188303859592,0.029087265563472728,1.3952952861899888e-09,1.0421633396668576e-09,1.0383092365632672e-09,5.91773320517826e-10,4.506294405466886e-09,28,7,scale_free,independent,28,977916978
46,True,-0.3471184599854652,-1.9679806223999394,1.7548118122506604e-08,1.4365957185293449e-08,1.0320850941451563e-08,8.833771877115463e-09,2.293543004682646e-08,46,7,scale_free,independent,29,241911567
35,True,-0.5300168690424493,-0.26551982712005684,1.5052668478046032e-09,1.1325946460348255e-09,1.1325946447744225e-09,1.1325946056405272e-09,1.2444596174668352e-08,35,7,scale_free,cascade,0,411576002
32,True,-0.6269468984534763,0.4821422122353988,9.509168528894015e-10,6.443595415189509e-10,6.443595430842856e-10,6.443595125667817e-10,1.0630399972408726e-08,32,7,scale_free,cascade,1,74030492
38,True,-0.4874947467201243,0.14596061206782301,6.537766279222679e-09,4.187469748627903e-09,4.187469711616702e-09,4.187469712342486e-09,1.7059217824803312e-08,38,7,scale_free,cascade,2,793682150
52,True,-0.3158240128799872,-1.3092131613359557,2.1740499219279302e-08,1.3331047158642876e-08,1.3331047163368355e-08,1.3331047182299298e-08,2.7790722911832216e-08,52,7,scale_free,cascade,3,84819272
33,True,-0.5186505207032455,-1.9752550719649633,2.3374359776486623e-15,1.5200544949330885e-15,1.5155953059394636e-15,1.521393319866503e-15,9.349376695468368e-09,33,7,scale_free,cascade,4,221928085
35,True,-0.5111519535113276,-0.8465286961145005,2.0054154325385673e-13,1.4475593940912244e-13,1.4474712688800938e-13,1.4474949106234933e-13,1.2199167715204894e-08,35,7,scale_free,cascade,5,555461710
39,True,-0.44046786472990995,-1.3943847451334253,1.304408221068667e-08,8.24363367325611e-09,8.243633661589579e-09,8.243633718700841e-09,1.981807887484499e-08,39,7,scale_free,cascade,6,540412157
34,True,-0.5111264384415555,-0.8433314786904925,2.9769959840069006e-15,1.880837080092392e-15,1.891572805168346e-15,1.880837080092392e-15,2.0409396368311427e-08,34,7,scale_free,cascade,7,802059786
35,True,-0.5258570778845529,-0.7165469370772541,3.31363121617074e-11,2.100874595430542e-11,2.100874630667983e-11,2.1008751658797316e-11,9.549336236526161e-09,35,7,scale_free,cascade,8,266097450
30,True,-0.5937059465948114,-1.3207342985795847,2.6466343475188117e-10,1.8554079962305543e-10,1.855408118721148e-10,1.8554082771606206e-10,1.754571423070005e-08,30,7,scale_free,cascade,9,924701667
32,True,-0.5447442494606543,-1.3783775237385856,2.455511154796043e-10,1.5757306174284976e-10,1.575730628711697e-10,1.5757303322450888e-10,1.5719156437910515e-08,32,7,scale_free,cascade,10,444473646
35,True,-0.5097001039061745,-0.9455829308977514,1.544780024728131e-10,1.1057301931477345e-10,1.1057301837831283e-10,1.105730155592123e-10,1.1700333710797274e-08,35,7,scale_free,cascade,11,822583090
34,True,-0.5666355219596528,-0.12706779570988566,2.276830558523845e-09,1.600618541983782e-09,1.6006185393482203e-09,1.600618489087199e-09,7.344758069601395e-09,34,7,scale_free,cascade,12,238381057
36,True,-0.4925745110396611,-0.7564127869003763,7.192922012945885e-09,4.765144153121191e-09,4.7651441500584805e-09,4.765144060791385e-09,1.5201219130834938e-08,36,7,scale_free,cascade,13,36970727
35,True,-0.510604017639152,-0.9233870253051069,2.2492807551460386e-11,1.6200134556871316e-11,1.6200133098513142e-11,1.620013593157216e-11,1.1406246085104645e-08,35,7,scale_free,cascade,14,55053687
40,True,-0.47338503143357386,0.08332755614877561,3.0273360811774266e-09,2.629461423044743e-09,2.62946143956197e-09,2.4045170967578567e-09,1.0488335029837647e-08,40,7,scale_free,heterogeneous_cascade,0,372702341
33,True,-0.5340713186082003,-1.6426674164610109,7.078631181916488e-10,3.473545074899511e-10,3.4734968809232796e-10,6.508747042371533e-10,8.228163609300515e-09,33,7,scale_free,heterogeneous_cascade,1,953153038
37,True,-0.5199641185212623,0.2623422511497772,1.7716192189343666e-09,1.3266935045103086e-09,1.3266932129994532e-09,8.405157211492785e-10,1.0181232714460274e-08,37,7,scale_free,heterogeneous_cascade,2,48698472
29,True,-0.5732437295770868,-2.7350366528041143,2.5506292554957383e-10,5.40759219617379e-12,5.428505400990741e-12,3.1478083592681893e-10,1.237298687676562e-08,29,7,scale_free,heterogeneous_cascade,3,368978100
34,True,-0.5148316549608023,-1.4536273282402827,4.624065830257614e-09,2.8811779151603226e-09,2.8811883659613937e-09,2.7514172045298217e-09,1.0006726022882109e-08,34,7,scale_free,heterogeneous_cascade,4,931564572
38,True,-0.46072463321707513,-0.3119064358525682,1.05757263393342e-09,1.0711094451369735e-11,1.0711107813879141e-11,1.3305698011263861e-09,2.910564053228271e-08,38,7,scale_free,heterogeneous_cascade,5,675305628
30,True,-0.6120678232265845,-0.3923321187934224,1.3046539555570348e-09,3.386572744275037e-10,3.3866007291969817e-10,1.3339030819705496e-09,1.4374352161975313e-08,30,7,scale_free,heterogeneous_cascade,6,762691601
39,True,-0.46005090056783354,-0.6737023265981158,7.572232277186494e-09,4.856391175590392e-09,4.8563912077547525e-09,4.856075740134115e-09,1.303953354620366e-08,39,7,scale_free,heterogeneous_cascade,7,713258196
39,True,-0.44069930359343334,-1.2874424986793755,1.7255383537215845e-09,1.827759264337122e-12,1.8279917811544156e-12,1.8397478266641322e-09,1.4942318978822907e-08,39,7,scale_free,heterogeneous_cascade,8,657026580
34,True,-0.4958007303335352,-1.8940852814082758,1.4667292677512748e-09,3.595700036938365e-14,3.8255471737328125e-14,1.8078750882333687e-09,1.2666927859155359e-08,34,7,scale_free,heterogeneous_cascade,9,773720682
173,True,-0.09135273724242354,-0.3293653904144398,1.0657652794765651e-07,5.23851012845324e-08,7.568654339425239e-08,5.5799920887186304e-08,1.1133121925919765e-07,173,8,cycle_baseline,independent,0,8124777
173,True,-0.08900539937582184,-0.6311810419875897,1.2095798163426124e-07,3.525632906293383e-08,5.592025785995697e-08,1.0778006753315574e-07,1.2099351995658624e-07,173,8,cycle_baseline,independent,1,739864910
180,True,-0.08751282826337269,-0.6678099037312349,5.4604737075985344e-08,4.891444602527389e-08,2.6129079237426522e-08,2.552285797296585e-08,8.371437647124389e-08,180,8,cycle_baseline,independent,2,739431468
169,True,-0.0956091264844875,-0.47035218477208074,6.817816925639006e-08,4.413094818236189e-08,2.6805426872385372e-08,4.623087187192489e-08,6.345074924121596e-08,169,8,cycle_baseline,independent,3,393436588
184,True,-0.08160913204829655,-0.8427317565353047,1.145025726594243e-07,3.761242243774745e-08,4.7524690658394485e-08,1.0018365557289984e-07,1.3915687666669024e-07,184,8,cycle_baseline,independent,4,48963709
158,True,-0.09639192200108952,-1.0797576055561628,8.573099436028849e-08,5.185598974947678e-08,6.68527965246451e-08,2.9024565515735042e-08,8.654420175793527e-08,158,8,cycle_baseline,independent,5,907817428
164,True,-0.09670459873684231,-0.7560785518998826,5.1604701334396456e-08,5.1637431496471735e-09,5.5018615784302e-08,1.0694982303179408e-08,6.348577333678855e-08,164,8,cycle_baseline,independent,6,234535150
169,True,-0.08906517120413464,-1.486681490155228,7.565622089203326e-08,2.9874242437660644e-08,5.4866949248073025e-08,4.364456345369769e-08,7.384896001278033e-08,169,8,cycle_baseline,independent,7,101900128
200,True,-0.08017332100834146,-0.4574560175052552,4.7958826451409735e-08,1.941627507245094e-08,2.1935155593313033e-08,4.2055305548899845e-08,7.63926570482329e-08,200,8,cycle_baseline,independent,8,621897773
153,True,-0.10164325614906869,-0.6683860896740101,8.118306844243919e-08,4.3069717889482215e-08,6.543205690893612e-08,3.781015873550347e-08,9.890263987229123e-08,153,8,cycle_baseline,independent,9,233653249
165,True,-0.08407993617167035,-1.751935465644134,1.6425268434819373e-07,1.0379020119319249e-07,1.0379020119319249e-07,1.0379020119319249e-07,1.778176977642608e-07,165,8,cycle_baseline,cascade,0,858125304
168,True,-0.09111267334527906,-1.2165996706041569,5.3211208391705674e-08,3.508913650932814e-08,3.508913650932814e-08,3.508913650932814e-08,7.538925799992496e-08,168,8,cycle_baseline,cascade,1,443750271
177,True,-0.0845351580470403,-1.5697455632141353,5.245448151785808e-08,3.4354344761263696e-08,3.4354344761263696e-08,3.4354344761263696e-08,6.950652467430101e-08,177,8,cycle_baseline,cascade,2,4500124
154,True,-0.08952041674965384,-1.7370366443401788,2.085808384868902e-07,1.302718175028689e-07,1.302718175028689e-07,1.302718175028689e-07,1.910418790862071e-07,154,8,cycle_baseline,cascade,3,951718142
157,True,-0.09356756486090084,-1.2641391205721144,1.1915432704638656e-07,7.720604730947305e-08,7.720604730947305e-08,7.720604730947305e-08,1.3083359281029373e-07,157,8,cycle_baseline,cascade,4,514629341
173,True,-0.08737221103841623,-0.8694990509422474,9.813004811886061e-08,6.26732214836272e-08,6.26732214836272e-08,6.26732214836272e-08,1.3079251531540975e-07,173,8,cycle_baseline,cascade,5,677287399
188,True,-0.0880249358626251,0.039356510921994756,5.736356808428731e-08,3.725134766511468e-08,3.725134766511468e-08,3.725134766511468e-08,7.216744966497428e-08,188,8,cycle_baseline,cascade,6,530610485
163,True,-0.09655887029871899,-0.8170452026492298,6.203241592218436e-08,4.158535237205902e-08,4.158535237205902e-08,4.158535237205902e-08,7.031147787896933e-08,163,8,cycle_baseline,cascade,7,759647363
176,True,-0.08938159889870737,-0.6142119220336959,7.225403673121409e-08,4.565178746389244e-08,4.565178746389244e-08,4.565178746389244e-08,8.41231922034302e-08,176,8,cycle_baseline,cascade,8,401355557
185,True,-0.08670398111887571,-0.4196887935345857,6.25398193487787e-08,3.902861869534531e-08,3.902861869534531e-08,3.902861869534531e-08,7.911204241915847e-08,185,8,cycle_baseline,cascade,9,699817412
177,True,-0.08907772035932598,-0.7416654024723524,6.124532358211395e-08,3.776794104099647e-08,3.776794104041709e-08,3.776794104787798e-08,7.393059480881904e-08,177,8,cycle_baseline,heterogeneous_cascade,0,895634881
192,True,-0.08318938589923082,-0.4437549020925777,7.552967433495738e-08,4.927919395616708e-08,4.927919395616708e-08,4.927919395661704e-08,8.564565472410814e-08,192,8,cycle_baseline,heterogeneous_cascade,1,610612809
153,True,-0.0930729633503729,-2.2299184295074257,5.448827114853368e-08,3.594236384878279e-08,3.5942363849583984e-08,3.594236384484963e-08,8.055781123041927e-08,153,8,cycle_baseline,heterogeneous_cascade,2,671612808
163,True,-0.09024507947671516,-1.715918833397222,6.830349208474124e-08,4.579937033698829e-08,4.579937031164196e-08,4.5799370341196224e-08,7.829168829473201e-08,163,8,cycle_baseline,heterogeneous_cascade,3,254650192
169,True,-0.09336321850795876,-0.8444102439222235,6.326727683511929e-08,3.9365979895948954e-08,3.936597989528003e-08,3.936597989406728e-08,6.30716268176444e-08,169,8,cycle_baseline,heterogeneous_cascade,4,237658363
181,True,-0.08514336320712626,-0.6722510766664804,7.458236340520778e-08,4.8192802911255e-08,4.819280290796867e-08,4.8192802919899846e-08,1.1833895123785734e-07,181,8,cycle_baseline,heterogeneous_cascade,5,415001628
194,True,-0.08337604567969968,-0.2059799653481549,5.1364952216156715e-08,3.461193703061878e-08,3.461193702492022e-08,3.461193706047232e-08,8.74482277642254e-08,194,8,cycle_baseline,heterogeneous_cascade,6,852781129
177,True,-0.08444608596156025,-0.6948906440281883,1.0701046661298657e-07,7.133326919862656e-08,7.133326918708493e-08,7.133326919862656e-08,1.7652923206058342e-07,177,8,cycle_baseline,heterogeneous_cascade,7,524192974
191,True,-0.0813063888473177,-0.41936224587654436,1.0525882355677696e-07,6.815780834713262e-08,6.815780834881951e-08,6.815780835682453e-08,1.3222414178997576e-07,191,8,cycle_baseline,heterogeneous_cascade,8,348031423
172,True,-0.08925325216848418,-1.1684441816779858,6.854249660023562e-08,4.3494130709824066e-08,4.3494130701264705e-08,4.3494130707546514e-08,7.657574895168502e-08,172,8,cycle_baseline,heterogeneous_cascade,9,779610572
48,True,-0.3891871494419905,0.5339460465795361,5.814911170115143e-09,2.151909634867328e-09,2.6080971388820826e-09,5.0375594547240305e-09,1.849834130809752e-08,48,8,random_strong,independent,0,853344670
54,True,-0.3327903281859061,0.1574883787908407,1.3808891946533586e-08,1.5583666617175848e-08,4.305679981614025e-09,5.119136306230791e-09,2.6041366765429355e-08,54,8,random_strong,independent,1,902533365
56,True,-0.3119734603337993,-0.49863117649297223,1.2416883840360909e-08,7.758212457392617e-09,4.696654130070427e-09,1.0949622382359451e-08,2.2759323943035783e-08,56,8,random_strong,independent,2,298943650
46,True,-0.37499557246406423,-0.5950614385241728,1.6606623602556508e-08,1.8988257683633856e-08,1.2500588097544421e-09,6.470249885170103e-09,2.5878686211193685e-08,46,8,random_strong,independent,3,709640260
62,True,-0.2673118477347424,-0.6075807791812186,4.005412372902634e-08,9.09890060516083e-09,5.122241959451201e-09,4.4872109515110585e-08,4.2857639907208973e-08,62,8,random_strong,independent,4,590320250
146,True,-0.11151928069567034,-0.07411688907422688,5.39723220104391e-08,3.761648418483476e-08,4.543459361845478e-08,1.187563322643141e-08,9.010022410793821e-08,146,8,random_strong,independent,5,448971845
71,True,-0.22587215156863302,-1.1718046525469303,3.7176489498572886e-08,1.3254353346463113e-08,2.7132775196182922e-08,2.6414852287730694e-08,4.399518917674931e-08,71,8,random_strong,independent,6,396940067
38,True,-0.4864735283155826,0.37888839189767126,1.0743628775643231e-08,8.339774870991548e-09,8.997280040385222e-09,7.381550885811889e-09,2.5360645711677622e-08,38,8,random_strong,independent,7,114553299
46,True,-0.38376143118225364,0.005516211377099928,1.662360211311435e-08,1.5309894041266326e-08,9.957127566166239e-09,7.708998100226427e-09,2.8300989265669058e-08,46,8,random_strong,independent,8,274825050
60,True,-0.2846138452293728,-0.7538825450295455,1.514190912058288e-08,2.6767427143179542e-09,5.1924412866350786e-09,1.5557327372867354e-08,2.7337462032094757e-08,60,8,random_strong,independent,9,549665198
35,True,-0.5653970660830191,0.8930427332550093,3.96463133105338e-09,1.4670450610403655e-09,2.9503268442928656e-09,2.5136347691990874e-09,1.2316431930632074e-08,35,8,random_strong,independent,10,866341580
66,True,-0.2565783310885957,-0.271014237781401,2.2829672048463908e-08,2.074379905762256e-08,7.443165461989673e-09,1.0267526004712381e-08,4.663745713558845e-08,66,8,random_strong,independent,11,187593681
117,True,-0.14111057014413722,-0.12878554546480445,7.747013476974974e-08,5.482127993152267e-08,5.4488356462842346e-08,3.9972298376862214e-08,6.922809590717924e-08,117,8,random_strong,independent,12,679322727
50,True,-0.3794351976564365,0.715775721901431,4.657369764474968e-09,1.3101838836925132e-09,4.5951178576996506e-09,3.020812001930749e-09,1.3211949584411464e-08,50,8,random_strong,independent,13,84811591
73,True,-0.20912376278625489,-1.449094258317431,7.204580686944247e-08,1.0701784913593266e-08,3.350894332089436e-08,8.135803024383474e-08,6.787334755818774e-08,73,8,random_strong,independent,14,675013070
62,True,-0.27727005463099796,0.057561013814288645,2.3265129346459383e-08,1.0080161993397135e-08,1.9931673655144357e-08,1.260364305293895e-08,5.475486069857763e-08,62,8,random_strong,independent,15,341926938
36,True,-0.5464926333656874,0.4109546173562627,2.9220278147863913e-09,3.6348826908101866e-09,7.90834334130127e-10,8.063360474739908e-10,7.811099542453066e-09,36,8,random_strong,independent,16,449848279
108,True,-0.14309452363594313,-1.0582270832478853,8.089589651123026e-08,7.134574852634169e-08,2.958098055610245e-08,3.4166693576455064e-08,7.147951684275638e-08,108,8,random_strong,independent,17,717639147
44,True,-0.44571055991706415,0.9953086727591687,4.833262772971877e-09,2.5873227655261827e-09,4.16523934723596e-09,1.1220384927143076e-09,1.4807405075290783e-08,44,8,random_strong,independent,18,424888401
58,True,-0.33060782472082134,1.4805692773591725,5.0052482544869096e-08,3.0324408321142866e-08,1.668996199670569e-08,5.485341286018962e-08,6.890212839374592e-08,58,8,random_strong,independent,19,807431605
47,True,-0.37819776649889053,0.8132092383993996,2.2111818365256682e-08,1.871708064993134e-08,2.2476127091868564e-08,2.4813421432882907e-09,2.2443424917904532e-08,47,8,random_strong,independent,20,533580706
69,True,-0.2469311266453914,-0.3763415061514651,2.5020771752022664e-08,2.4503968808030824e-08,1.1270958776395738e-08,9.306665666258584e-09,3.529123270749637e-08,69,8,random_strong,independent,21,998743369
37,True,-0.4915166572360858,-0.189999476096417,7.45729260150973e-09,5.035977876497291e-09,6.020471156548837e-09,1.5169429820040994e-09,1.9130493222036057e-08,37,8,random_strong,independent,22,638240815
64,True,-0.2627533733511248,-0.7195000761449796,3.2309556811961595e-08,1.7833479625383065e-08,3.6117737652914415e-08,6.409544701564101e-09,3.478548466943497e-08,64,8,random_strong,independent,23,296362056
52,True,-0.3420688369168307,0.24363081375750653,1.794708885925444e-08,2.0362874650853266e-08,8.321337220457307e-09,3.4677265697685485e-09,3.944388997520493e-08,52,8,random_strong,independent,24,775287470
87,True,-0.1924825866514795,-0.36141519996022814,4.7880927051849974e-08,4.3687129254510714e-08,2.3035711105363116e-08,2.4992457429505546e-08,4.439417928015571e-08,87,8,random_strong,independent,25,407941950
44,True,-0.41123463726904047,0.21481836285773298,1.2829398173512088e-08,9.497011893127464e-09,4.45054502550884e-09,9.18215031568592e-09,2.9431028610871204e-08,44,8,random_strong,independent,26,534168450
41,True,-0.4524375641213876,0.06503132811655321,4.758374431156249e-09,3.858161986994016e-09,1.9620305055058364e-09,2.784958087681049e-09,1.7090400706519768e-08,41,8,random_strong,independent,27,136821277
64,True,-0.2888500059467641,0.451771797128241,1.7597064721540403e-08,7.383812632900016e-09,1.0287414099150556e-08,1.2989366025508567e-08,1.6523905481861747e-08,64,8,random_strong,independent,28,119343174
106,True,-0.151389147395344,-0.7295168735445855,4.784460240289426e-08,3.9110558347126586e-08,2.99200378214167e-08,1.1846913350344582e-08,5.926471585022779e-08,106,8,random_strong,independent,29,574871929
48,True,-0.3790673793658473,-0.0305361905124629,5.043329058785498e-09,3.2751072638443546e-09,3.2751072584387575e-09,3.275107270711648e-09,1.980738704881925e-08,48,8,random_strong,cascade,0,186690929
91,True,-0.18439025941474618,-0.20867785691344107,2.8553682869147125e-08,1.883846620442295e-08,1.883846620442295e-08,1.883846620442295e-08,5.4741001125256655e-08,91,8,random_strong,cascade,1,997580037
46,True,-0.40219434421104394,0.3365749762969041,5.351781626090571e-09,3.553011978379306e-09,3.5530119675898312e-09,3.553011974788308e-09,2.1331983332600143e-08,46,8,random_strong,cascade,2,855673657
53,True,-0.34581731551985617,0.3965334899274729,1.2052206731601038e-08,7.83944933408831e-09,7.83944933408831e-09,7.839449327968203e-09,1.9877908141275826e-08,53,8,random_strong,cascade,3,700881009
54,True,-0.34561607497580676,0.5280956236739837,5.503388907676896e-09,3.945026348928383e-09,3.945026348928383e-09,3.945026348060842e-09,2.057841613371969e-08,54,8,random_strong,cascade,4,734699239
43,True,-0.37521948458557414,-1.4146077820449536,3.726131968453783e-09,2.529790890634413e-09,2.529790890634413e-09,2.5297908931729973e-09,1.0138329048043312e-08,43,8,random_strong,cascade,5,595212840
63,True,-0.2886300961373387,0.46690473654273407,1.0451454973870845e-08,6.33904487629396e-09,6.339044884866568e-09,6.339044877829356e-09,2.561402833644123e-08,63,8,random_strong,cascade,6,60290473
77,True,-0.20168339357180656,-1.6211319955651533,3.505421332778572e-08,2.2832095691309304e-08,2.2832095691309304e-08,2.2832095691309304e-08,3.8543735838673754e-08,77,8,random_strong,cascade,7,392369092
84,True,-0.15952840557199777,-3.5027321883663656,4.390859723322183e-08,2.8475110247334882e-08,2.8475110247334882e-08,2.8475110247334882e-08,5.244943511523025e-08,84,8,random_strong,cascade,8,915298760
118,True,-0.12276498215495801,-1.8350230853658336,5.968771849395884e-08,4.093676806371058e-08,4.093676806371058e-08,4.093676806371058e-08,1.0241120550261964e-07,118,8,random_strong,cascade,9,219491165
86,True,-0.1902772492626444,-0.7526841394169732,2.4359711130867687e-08,1.7161399016043574e-08,1.7161399016043574e-08,1.7161399016043574e-08,4.972175858302775e-08,86,8,random_strong,cascade,10,496916596
77,True,-0.21107492738968367,-1.029147735306049,2.5794471165568892e-08,2.029346395879455e-08,2.029346395879455e-08,2.029346395879455e-08,3.499381519662225e-08,77,8,random_strong,cascade,11,134366913
73,True,-0.2041956457480515,-1.6849476660812521,9.694962325191254e-08,6.801567249546781e-08,6.801567249546781e-08,6.801567247913078e-08,7.645037982284375e-08,73,8,random_strong,cascade,12,103017964
42,True,-0.42704927605807264,-0.19956133520325814,4.974605491179257e-09,3.918977076526161e-09,3.918977076526161e-09,3.918977067404146e-09,1.6473283677933552e-08,42,8,random_strong,cascade,13,365378463
111,True,-0.13948592021454095,-1.1912889612974762,4.004362087982906e-08,2.6525492545053187e-08,2.6525492545053187e-08,2.6525492545053187e-08,6.910694324399356e-08,111,8,random_strong,cascade,14,82421288
85,True,-0.19304623471351243,-0.3046467830301426,4.4391846352554146e-08,3.0163024940336225e-08,3.0163024940336225e-08,3.0163024940336225e-08,6.440444790407074e-08,85,8,random_strong,cascade,15,67166668
40,True,-0.47930004785816427,0.27154825738198435,3.245062640500842e-09,1.9526468929402857e-09,1.9526468925588488e-09,1.9526468889493316e-09,8.758152776096942e-09,40,8,random_strong,cascade,16,201979037
85,True,-0.21220478262286913,0.5737722314819583,2.5146067614712927e-08,1.532485436264896e-08,1.532485436264896e-08,1.532485436264896e-08,2.9328560801131934e-08,85,8,random_strong,cascade,17,554809500
109,True,-0.1487242774450901,-0.5600722977579644,1.0538598488075896e-07,7.160064530064548e-08,7.160064530064548e-08,7.160064530064548e-08,5.99484034934699e-08,109,8,random_strong,cascade,18,17668780
43,True,-0.3986891132165491,-0.9409928309860196,9.89463588113088e-09,6.74617475276931e-09,6.7461747587052925e-09,6.746174757297346e-09,1.8157647431309074e-08,43,8,random_strong,cascade,19,453279916
39,True,-0.4717413429294292,-0.18502602217996755,5.186941034721826e-09,3.767960262134343e-09,3.767960262191354e-09,3.767960255078493e-09,1.4587078467084297e-08,39,8,random_strong,cascade,20,963144234
43,True,-0.40424713108629945,-0.2885751347882358,9.364828038311449e-09,6.247336625766146e-09,6.247336625766146e-09,6.24733664427927e-09,3.2102382530228227e-08,43,8,random_strong,cascade,21,634540264
92,True,-0.1665079120816148,-0.8654094174159213,8.226313857873626e-08,5.750444998088136e-08,5.750444998088136e-08,5.750444998088136e-08,1.2296418277550452e-07,92,8,random_strong,cascade,22,880719336
45,True,-0.3863921535088997,-0.9447488588919144,5.348664357350655e-09,3.782884881018374e-09,3.782884881018374e-09,3.782884887223059e-09,1.5412384120953068e-08,45,8,random_strong,cascade,23,343292462
62,True,-0.2846254133113638,0.17358507179663718,1.7953641532985395e-08,1.1897918977238291e-08,1.1897918977238291e-08,1.1897918975480768e-08,3.4638281019629673e-08,62,8,random_strong,cascade,24,449709960
56,True,-0.30490319466430194,-0.7561500317287464,1.2012364123680552e-08,9.092628822109105e-09,9.092628821658163e-09,9.09262882158183e-09,2.524484355255326e-08,56,8,random_strong,cascade,25,420381771
83,True,-0.18237478581336394,-1.052690689942087,1.4098042280784042e-07,8.943164273894458e-08,8.943164273894458e-08,8.943164272974394e-08,1.117333002914678e-07,83,8,random_strong,cascade,26,887394660
75,True,-0.22718134407606555,-0.361338336572988,2.906403080831794e-08,1.8376511592600806e-08,1.8376511592600806e-08,1.8376511596721175e-08,2.835544086696455e-08,75,8,random_strong,cascade,27,959209272
68,True,-0.2594482730485576,0.25397273273440113,1.525195566980453e-08,1.0338119722881541e-08,1.0338119722881541e-08,1.0338119720730572e-08,4.1009544657960226e-08,68,8,random_strong,cascade,28,962334231
94,True,-0.17016768221253858,-0.7895299562634266,4.4012949243157337e-08,2.8072042808656285e-08,2.8072042808656285e-08,2.8072042808656285e-08,6.966626439184002e-08,94,8,random_strong,cascade,29,751963121
59,True,-0.2898657615252163,-0.733373551957556,1.70465902400429e-08,1.0591634122422352e-08,1.0591634123259386e-08,1.0591634685138292e-08,2.0806508839993843e-08,59,8,random_strong,heterogeneous_cascade,0,503111239
58,True,-0.2834365573277699,-0.676239841838518,3.0272409555486254e-08,2.05229982977491e-08,2.05229982995222e-08,2.0522997828999358e-08,4.7437652501309415e-08,58,8,random_strong,heterogeneous_cascade,1,540856636
60,True,-0.2977002041316605,-0.027745649297358142,1.1876878952117835e-08,9.135455969926082e-09,9.135455970290303e-09,9.135456637704243e-09,1.288398963370652e-08,60,8,random_strong,heterogeneous_cascade,2,980510194
49,True,-0.36299621091204837,0.1891564005619678,1.4032906822176256e-08,9.295231258825666e-09,9.295231258825666e-09,9.296155828689576e-09,3.520099599786433e-08,49,8,random_strong,heterogeneous_cascade,3,284540874
49,True,-0.39583733193164156,1.7414584061147669,1.4684543776045092e-08,1.0256133326033538e-08,1.0256133326033538e-08,1.0180993426933174e-08,2.7373434312619958e-08,49,8,random_strong,heterogeneous_cascade,4,346707524
66,True,-0.25446072399891106,-0.8581795086600444,2.1603019763342093e-08,1.3310132410937732e-08,1.3310132411940948e-08,1.3310132662243836e-08,2.3855602620769256e-08,66,8,random_strong,heterogeneous_cascade,5,896996798
94,True,-0.17388745729729646,-0.5356097899260771,4.147777936422867e-08,2.7082097649662794e-08,2.708209764692853e-08,2.7082097640043392e-08,5.964931283049466e-08,94,8,random_strong,heterogeneous_cascade,6,386322242
62,True,-0.27460826163495705,-0.8709418690471318,1.2779694692861964e-08,7.964105942932034e-09,7.964105945543173e-09,7.964954602827504e-09,2.585217594946048e-08,62,8,random_strong,heterogeneous_cascade,7,235097116
60,True,-0.28877113154943007,-0.14724915805967956,1.5995177597238933e-08,1.1554419070302074e-08,1.1554419062059793e-08,1.1554427147325173e-08,3.664336830650177e-08,60,8,random_strong,heterogeneous_cascade,8,560469504
102,True,-0.150100043293638,-0.6829719512183906,1.2022636459424497e-07,7.729128499499846e-08,7.729128499659744e-08,7.729128496528294e-08,1.341272966939835e-07,102,8,random_strong,heterogeneous_cascade,9,325342730
70,True,-0.21717742277647215,-1.1704648303613072,6.091437539406602e-08,3.827922201240291e-08,3.8279222008941656e-08,3.827922212638791e-08,1.1226076447582023e-07,70,8,random_strong,heterogeneous_cascade,10,890873350
175,True,-0.0805511803524493,-2.4050684751652502,2.0549932307558992e-07,1.651482030791463e-07,1.651482030786188e-07,1.651482030791463e-07,7.386898899935907e-08,175,8,random_strong,heterogeneous_cascade,11,909064814
94,True,-0.17357358621068325,-0.7241073414859451,3.992409219736961e-08,2.8298051974143766e-08,2.8298051983356497e-08,2.8298051965669586e-08,5.203097516179322e-08,94,8,random_strong,heterogeneous_cascade,12,306010116
64,True,-0.28705696755569565,0.6844509019157838,1.2873971531629741e-08,7.870080051467071e-09,7.87008005024953e-09,7.870080052134406e-09,2.9146572942080985e-08,64,8,random_strong,heterogeneous_cascade,13,529542055
136,True,-0.11829593973782354,-0.6934344598738684,3.4662228396132444e-08,2.3675680336107144e-08,2.367568033958341e-08,2.3675680339922915e-08,6.293718546500784e-08,136,8,random_strong,heterogeneous_cascade,14,983992334
35,True,-0.5488463414351898,-0.1984313597483444,4.3308928470548696e-10,9.573835368949473e-11,9.57415694769831e-11,4.654489488303866e-10,8.929884942138497e-09,35,8,random_strong,heterogeneous_cascade,15,742317949
103,True,-0.16030405506016648,-0.4060105546268095,3.3275432910858115e-08,2.2955010940691603e-08,2.295501093945405e-08,2.2955010931395056e-08,5.408943830301934e-08,103,8,random_strong,heterogeneous_cascade,16,215627327
51,True,-0.3795638627851637,1.3658652813684427,7.3690515886853335e-09,5.074383688681915e-09,5.074383690624093e-09,5.074565157655199e-09,2.146352619626675e-08,51,8,random_strong,heterogeneous_cascade,17,590744794
65,True,-0.2727771007692529,0.26473247741778916,1.3660548913810497e-08,9.617849594859819e-09,9.617849588018933e-09,9.617850122733348e-09,3.455008598368806e-08,65,8,random_strong,heterogeneous_cascade,18,619890469
80,True,-0.18872674946492826,-1.1684413549811818,6.831947597493611e-08,4.972855711017525e-08,4.972855713615249e-08,4.972855712899057e-08,1.0320135009814436e-07,80,8,random_strong,heterogeneous_cascade,19,653439208
79,True,-0.21706941939305158,-0.04231100280673928,3.018691547474418e-08,1.9411379558006048e-08,1.941137956088687e-08,1.941137955237903e-08,4.857138422675659e-08,79,8,random_strong,heterogeneous_cascade,20,25010445
58,True,-0.2931242341146301,-0.48333393895789467,2.286212152252646e-08,1.6306057266601928e-08,1.63060572687988e-08,1.630621396675762e-08,3.925392962215537e-08,58,8,random_strong,heterogeneous_cascade,21,299383291
72,True,-0.21526906948712674,-1.314588687448766,2.23766200278276e-08,1.5363760673249134e-08,1.5363760686448855e-08,1.5363760689828632e-08,6.136163627981631e-08,72,8,random_strong,heterogeneous_cascade,22,854613866
88,True,-0.17309818494942816,-1.182228904401579,6.970328803017425e-08,4.669725850797992e-08,4.6697258519743705e-08,4.669725852337354e-08,1.0117622499175744e-07,88,8,random_strong,heterogeneous_cascade,23,241372061
66,True,-0.21267095705331265,-2.2662019205214086,7.120708404330945e-08,4.961000365125804e-08,4.96100036328618e-08,4.9610003692296416e-08,1.1218066379487984e-07,66,8,random_strong,heterogeneous_cascade,24,299695637
61,True,-0.27675798947854335,-0.3213224469793288,2.5319056369988618e-08,1.764231371201986e-08,1.7642313712836863e-08,1.7642313733707904e-08,5.150494849951046e-08,61,8,random_strong,heterogeneous_cascade,25,322492347
55,True,-0.2815528495191442,-0.8533654401823899,9.775236660080627e-08,6.622101959172644e-08,6.622101959172644e-08,6.622185757166752e-08,1.4320196132737062e-07,55,8,random_strong,heterogeneous_cascade,26,177387859
39,True,-0.4930657302665636,0.3428530187794038,6.667290098635718e-10,3.0499252667273754e-10,3.0499253049623847e-10,6.148902458890106e-10,1.3452747417140021e-08,39,8,random_strong,heterogeneous_cascade,27,347015552
114,True,-0.1330914897589296,-1.1029123330607153,1.90758023734213e-07,1.3653649907548587e-07,1.3653649908740298e-07,1.3653649909431768e-07,9.896898553266825e-08,114,8,random_strong,heterogeneous_cascade,28,874314365
67,True,-0.24715024407638256,-0.910856132851753,2.2492350093802757e-08,1.4321595198631287e-08,1.4321595201878617e-08,1.432159446399393e-08,3.09685682756369e-08,67,8,random_strong,heterogeneous_cascade,29,1534965
26,True,-0.8181534418375672,0.7696145535545584,4.284355056284402e-10,1.8965606641041932e-10,2.3585034327683886e-10,3.613501585047058e-10,2.6838281332132658e-09,26,8,small_world,independent,0,283246933
26,True,-0.7675775151879649,-0.024239963880458727,1.1439398446630469e-09,4.0299992307886794e-10,1.2202252956420357e-09,7.510989350521568e-10,4.804399831040986e-09,26,8,small_world,independent,1,60626991
28,True,-0.7455794058401051,0.5389747348514052,4.757269201196669e-10,2.685549346893637e-10,4.2771913959842567e-10,5.467338854423079e-11,2.9417068984959842e-09,28,8,small_world,independent,2,561489394
28,True,-0.7520692148323016,0.5624246178603626,4.2545173718804615e-10,2.4462955129923255e-10,3.4872914842880127e-10,1.5547581196539335e-10,2.6644880687795294e-09,28,8,small_world,independent,3,250601785
27,True,-0.7659470772383906,0.5584509758791956,5.84523072766525e-10,4.158070779375888e-10,3.8170056950183693e-10,2.2898943786534684e-10,3.9464595855282125e-09,27,8,small_world,independent,4,791974425
21,True,-1.0586845329893422,1.0673595083815548,1.6181493832963915e-10,1.2898549449733648e-10,8.038457190755962e-11,8.168917890007541e-11,1.0032504451246038e-09,21,8,small_world,independent,5,585016790
22,True,-0.9821183861868515,0.5468217437658153,2.422656230280951e-10,1.9372526709881456e-10,1.288889464627762e-10,1.4559803850478427e-10,1.7664615159930644e-09,22,8,small_world,independent,6,783824109
31,True,-0.6489856462667357,0.390283145708241,7.849129367277993e-10,3.577537269941859e-10,2.380653153630018e-10,7.809669797131102e-10,5.271172228312778e-09,31,8,small_world,independent,7,634907754
22,True,-0.9833512833771612,0.32423466322819766,1.543658867626251e-10,1.0509166820478759e-10,3.7983744179419266e-11,1.4115152746209215e-10,1.4552400149154444e-09,22,8,small_world,independent,8,438386258
26,True,-0.7846414472864199,0.42666300164995696,7.27729844141043e-10,4.4833920960002195e-10,3.662059208526865e-10,4.932245854725181e-10,4.587134401361524e-09,26,8,small_world,independent,9,860967046
34,True,-0.5154538014299349,-0.7143865249657357,9.17093350310739e-14,6.848252250836463e-14,6.848636399437098e-14,6.84673456876538e-14,2.1106229083241244e-08,34,8,small_world,cascade,0,476257308
33,True,-0.522339536679601,-1.5837925156528274,3.908121654423373e-14,2.6764085564026763e-14,2.6767556934544008e-14,2.676435990817587e-14,1.276852414976657e-08,33,8,small_world,cascade,1,949934504
33,True,-0.5544409137297116,-0.9376124599010689,3.5294397671750704e-12,2.4133047448512815e-12,2.4133011351635444e-12,2.4132965620653294e-12,1.1937773404279467e-08,33,8,small_world,cascade,2,994701748
35,True,-0.5112157430848441,-0.3806517487015281,1.6282606459051665e-12,1.0629303373076149e-12,1.0629630632703118e-12,1.0629410450750619e-12,1.940080543494346e-08,35,8,small_world,cascade,3,589021287
36,True,-0.5110149821931149,-0.6623419772211271,3.9230594798069835e-15,2.716889328575725e-15,2.7181251450972054e-15,2.7147397063882213e-15,8.829377391690728e-09,36,8,small_world,cascade,4,674597476
35,True,-0.5110118578882028,-0.6531688457861828,7.2274998753910715e-16,4.388541835720876e-16,4.3399994073855777e-16,4.522540879792293e-16,1.4846212334547444e-08,35,8,small_world,cascade,5,255662560
34,True,-0.5336249438100276,-1.0501628445478652,8.899811838599826e-13,5.435036712431814e-13,5.435072069370055e-13,5.435033205871019e-13,1.0024369746213662e-08,34,8,small_world,cascade,6,267008271
35,True,-0.5438257930214626,-0.07302888581619049,1.1020257383170299e-10,7.301809111047743e-11,7.301808778668561e-11,7.301809955452237e-11,1.1488500759019538e-08,35,8,small_world,cascade,7,787589836
36,True,-0.5109579331549453,-0.31730629322944354,5.672524202646487e-16,4.584923700890417e-16,4.537421195513984e-16,4.701068613820003e-16,1.2477767740972843e-08,36,8,small_world,cascade,8,470275831
35,True,-0.5314670923465399,-0.3875287287381743,1.774684676167443e-10,1.1500103914893117e-10,1.1500103925436233e-10,1.150010291937046e-10,1.1307948626166186e-08,35,8,small_world,cascade,9,185179344
32,True,-0.5367496728441702,-0.9275539179674465,1.4582653140776379e-09,1.0007415106216802e-16,3.8759048946290354e-15,1.7174106110550625e-09,2.3620171966051162e-08,32,8,small_world,heterogeneous_cascade,0,171196611
38,True,-0.48190246433347195,-0.4388715860597503,7.383352159101625e-10,1.3664086366536878e-14,1.3681095289257672e-14,9.466319431183642e-10,1.1622782835813899e-08,38,8,small_world,heterogeneous_cascade,1,562170733
29,True,-0.6434262718296705,-0.4814774374645454,1.5218931083742923e-09,1.0664065922619545e-09,1.0663298363971016e-09,1.0825744701060576e-09,2.033305622509032e-08,29,8,small_world,heterogeneous_cascade,2,319449583
33,True,-0.5673455919164256,-0.5253431390428864,7.938044541535909e-10,9.115703621965589e-12,9.116331323865098e-12,8.944234474309266e-10,1.0863135622822065e-08,33,8,small_world,heterogeneous_cascade,3,101894157
34,True,-0.501757133005586,-0.6963353015227566,1.8980005901146975e-09,2.773841674458392e-11,2.773631240996198e-11,2.116902172953737e-09,3.548696149043419e-08,34,8,small_world,heterogeneous_cascade,4,427146301
33,True,-0.5140353580077529,-1.3673382748172809,5.124101859245014e-10,1.379969859049078e-13,1.3812767100706262e-13,6.804924386010047e-10,1.844295035134415e-08,33,8,small_world,heterogeneous_cascade,5,652922126
32,True,-0.5791491260487215,-0.7150320258188557,3.8438927972327257e-10,5.245216360631026e-12,5.245421118695947e-12,4.981762167244581e-10,1.037529077408657e-08,32,8,small_world,heterogeneous_cascade,6,318949167
35,True,-0.5309218797866432,-0.3077776981698987,6.929078928369712e-10,5.4544796596851805e-12,5.4544992327430485e-12,7.928921327696132e-10,1.2668258774319595e-08,35,8,small_world,heterogeneous_cascade,7,955349428
31,True,-0.5278845688376836,-2.41258671107844,5.914620421504561e-10,1.572085986373593e-13,1.5691209240539682e-13,7.239216173699351e-10,1.3208224273976708e-08,31,8,small_world,heterogeneous_cascade,8,779547391
34,True,-0.5410121820740849,-0.39456378630519573,5.023116375501367e-10,1.047900720875601e-14,1.0658050685837506e-14,7.265163951207035e-10,1.191360096306523e-08,34,8,small_world,heterogeneous_cascade,9,512732064
24,True,-0.8475833923447823,-0.003027736970528959,8.334135463861785e-10,5.26339193139913e-10,4.440373804165121e-10,5.628386271099433e-10,3.5461125342100087e-09,24,8,scale_free,independent,0,934653701
26,True,-0.796455970590041,0.4515407497966882,7.919814513291569e-10,7.13062714164007e-10,1.2190997831842783e-10,4.985496208098861e-10,3.5217721983963803e-09,26,8,scale_free,independent,1,432972492
25,True,-0.8966221322081666,1.1912222680343205,3.3084139041038845e-10,1.3835220418063239e-10,2.437070267173199e-11,3.2942316589630497e-10,1.1416495190103293e-09,25,8,scale_free,independent,2,139668523
26,True,-0.8041715600206872,0.08542300087272463,5.21865504102406e-10,1.9080543670201902e-10,3.3442716069546116e-10,3.915876594041573e-10,2.336159894714641e-09,26,8,scale_free,independent,3,35842751
32,True,-0.5573764133740908,-0.4359260047925082,7.059884049139828e-09,5.237403418100949e-09,3.823030427368781e-09,5.070732380693146e-09,2.0251518495648747e-08,32,8,scale_free,independent,4,938023566
22,True,-1.025569433510063,1.2103810535035981,3.1322278709900904e-10,2.864279254050515e-10,9.422432419687743e-11,1.9915364625001816e-10,1.8835844096589925e-09,22,8,scale_free,independent,5,959774522
25,True,-0.8415374243440337,0.3937904104361934,5.528731606019983e-10,3.2941281403868774e-10,4.63430045275263e-10,2.587502426735612e-10,2.807625130593514e-09,25,8,scale_free,independent,6,739250254
39,True,-0.4394829309726693,-1.194134021904661,9.684359139394693e-09,4.717356550304559e-09,9.31929121771178e-09,3.074801096668053e-09,1.6993603192471742e-08,39,8,scale_free,independent,7,103002683
31,True,-0.6426498286403509,0.2709608660056364,5.65647594134605e-10,3.3313045519847535e-10,5.744527387722861e-10,8.161553501900256e-11,5.566172489238135e-09,31,8,scale_free,independent,8,293650500
23,True,-0.9542861550982052,1.1988098589895146,1.1199776017868822e-10,1.1728140419252705e-10,2.3019701417373123e-11,7.633537194966282e-11,7.461601987706183e-10,23,8,scale_free,independent,9,41079093
36,True,-0.4984658306775596,-0.6898043123279642,5.592542070943826e-09,3.361121722637169e-09,2.3774664622542777e-09,4.378567429396454e-09,1.3351469338995603e-08,36,8,scale_free,independent,10,51248542
41,True,-0.39558600587790727,-1.8537657835932102,1.3403062762185995e-08,1.2734256030022647e-08,2.542005210683338e-09,5.931402312359622e-09,2.1051429443646485e-08,41,8,scale_free,independent,11,246066611
27,True,-0.7389162953708671,0.18899498876142665,1.6437850672417401e-09,6.368701957351093e-10,9.045850554014004e-10,1.4059037161766967e-09,5.680275951646327e-09,27,8,scale_free,independent,12,572141746
26,True,-0.8121304685837142,1.4350266555197533,9.283914814924592e-10,7.153129655885739e-10,3.741151886221181e-10,6.792551717979748e-10,5.016907297092308e-09,26,8,scale_free,independent,13,65530433
26,True,-0.8401919059211784,0.7449549269633207,2.766465205873496e-10,5.8049616178768904e-11,2.893901510277929e-10,1.1857525233312886e-10,1.2080060609159589e-09,26,8,scale_free,independent,14,984601106
31,True,-0.6118245175110583,-0.2584077643024349,2.482984094522062e-09,2.3899324786875226e-09,1.0420273861940294e-09,1.1810098183325049e-09,9.944974744397493e-09,31,8,scale_free,independent,15,455117842
24,True,-0.9010634704000939,0.3213805954218846,2.8867637584108476e-10,1.806205460211975e-10,2.3515308598878524e-10,1.7739233083406225e-10,1.4866591195798432e-09,24,8,scale_free,independent,16,516087801
24,True,-0.9092001876377354,1.1555478950248732,1.100218735109845e-09,9.79110896195457e-10,7.647258172985655e-10,5.365904211456009e-10,4.813844263372085e-09,24,8,scale_free,independent,17,790155340
28,True,-0.714791032895946,0.0068142097757838745,4.131548405027238e-10,3.287822668996698e-10,2.631272535208369e-10,2.4719036783541583e-10,4.243284884148275e-09,28,8,scale_free,independent,18,312569948
25,True,-0.8295707832509637,-0.008638906103597768,3.3822737396728307e-10,2.353748957338051e-10,1.2017695237946894e-10,2.6180768255388194e-10,1.704159468507281e-09,25,8,scale_free,independent,19,50960482
36,True,-0.49423895071992374,-0.9110664132099764,5.3632118775560864e-09,5.501362946737612e-09,2.3777876615930475e-09,3.635358749504006e-10,1.2352469594627721e-08,36,8,scale_free,independent,20,851985888
37,True,-0.4898391181781232,-0.7008080600903163,5.505069649196118e-09,3.5324060782516344e-09,3.3718973275206554e-09,3.570740916446734e-09,1.0908056137710834e-08,37,8,scale_free,independent,21,635563438
35,True,-0.5230288343992007,-0.5541788090784133,4.57914767192617e-09,1.3990575773387293e-09,3.405573704019203e-09,3.7606106575468275e-09,1.0862435336925437e-08,35,8,scale_free,independent,22,384504377
37,True,-0.4882182069735612,-0.48071544260303345,6.2268968238811355e-09,5.79628819473767e-09,3.5706373318190602e-09,5.250526841980488e-10,1.423072454546722e-08,37,8,scale_free,independent,23,777517128
33,True,-0.5540080619859982,-0.46093869737067356,4.3206634529178925e-09,4.411663212362998e-09,1.4226177044123399e-09,2.287433581034504e-09,1.2618955927480193e-08,33,8,scale_free,independent,24,60528450
33,True,-0.5695842908701733,-0.12677910052784236,3.5697224989579984e-09,3.924888358142886e-09,2.6296886822614234e-09,1.150363074922917e-09,1.0588264679835006e-08,33,8,scale_free,independent,25,897792194
38,True,-0.4734657584613925,-0.5279563327147255,6.93596593046361e-09,4.947317240056346e-09,4.302644702434869e-09,4.147775502094192e-09,1.4561750662597684e-08,38,8,scale_free,independent,26,698189725
42,True,-0.4053172722630573,-0.8377956005402517,1.4242295698750298e-08,1.259796408470704e-09,9.313935079216853e-09,1.3200318405038228e-08,2.6259481603036807e-08,42,8,scale_free,independent,27,449277723
40,True,-0.42099293466599796,-1.2539833809700205,1.111226230407141e-08,6.799894174229307e-09,1.0721001734575699e-08,4.419458165020597e-09,2.0662169668726243e-08,40,8,scale_free,independent,28,207020541
35,True,-0.5146514365621832,-1.0342453178357502,5.508772988399892e-09,6.183984693596553e-09,1.2201748494157806e-09,1.3949264431698317e-09,1.2338190112169159e-08,35,8,scale_free,independent,29,977141880
42,True,-0.45221611348602825,0.6788771615150017,8.050113957523838e-09,5.865926342185138e-09,5.8659263420856855e-09,5.865926339669129e-09,1.7116766015695536e-08,42,8,scale_free,cascade,0,302071568
36,True,-0.5104773832354907,-0.6907166630128614,5.734522221476872e-13,3.82442330117926e-13,3.8244233813635975e-13,3.82442335481397e-13,8.697521056475492e-09,36,8,scale_free,cascade,1,490512099
32,True,-0.6172818092058153,0.019684637835014004,6.439055898995163e-10,4.2358997025202994e-10,4.2358997094278805e-10,4.235899113401851e-10,1.092817997886948e-08,32,8,scale_free,cascade,2,230550331
69,True,-0.24374636908465977,-0.5034444192221149,3.2243986887892926e-08,2.2775311931039644e-08,2.2775311931039644e-08,2.2775311913728997e-08,3.833687676687888e-08,69,8,scale_free,cascade,3,151484561
31,True,-0.57166717312021,-1.9581368606858724,4.945552555714506e-12,3.2979739516260454e-12,3.2979797730354104e-12,3.297977122911772e-12,8.66958933388841e-09,31,8,scale_free,cascade,4,1660707
33,True,-0.5081929179984427,-1.3447141157463423,9.533816460820687e-09,6.065980535109092e-09,6.065980521832327e-09,6.065980361301511e-09,2.4926706658084994e-08,33,8,scale_free,cascade,5,112070370
33,True,-0.5496038159808632,-1.1307626812493006,2.372034125559129e-10,1.5282567126981594e-10,1.5282567230779787e-10,1.5282567310600385e-10,1.0714181402057995e-08,33,8,scale_free,cascade,6,414778904
35,True,-0.5397247977055943,-0.16633221373683962,2.4519155108861586e-09,1.5832063289012464e-09,1.5832063217540523e-09,1.583206324677919e-09,1.0114486545130668e-08,35,8,scale_free,cascade,7,862764563
48,True,-0.3447080650361827,-1.2334940071499023,1.9552135442449862e-08,1.2099337372802314e-08,1.2099337372802314e-08,1.2099337372837475e-08,2.7038167599532012e-08,48,8,scale_free,cascade,8,162569243
49,True,-0.308478260141807,-2.6030326831207464,2.0944296469477342e-08,1.5601874421442447e-08,1.5601874421442447e-08,1.560187440471032e-08,2.786193523434573e-08,49,8,scale_free,cascade,9,1233062
35,True,-0.5373084930565921,-0.18331331566257422,3.139698102575159e-09,2.2472576970350237e-09,2.247257704030031e-09,2.247257721485336e-09,9.70737753194643e-09,35,8,scale_free,cascade,10,111094116
34,True,-0.5312466929188866,-0.09172276256394422,1.020496535215993e-09,7.680053879491557e-10,7.680054125686827e-10,7.68005420804602e-10,2.5711774577135404e-08,34,8,scale_free,cascade,11,508167355
39,True,-0.45530083117264736,0.16016862993554515,1.2410047328472392e-08,9.095550679821587e-09,9.095550708610636e-09,9.095550615619057e-09,3.87069491800695e-08,39,8,scale_free,cascade,12,274838172
33,True,-0.5365002693171476,-1.3133231608799867,1.6520042638740056e-10,1.013329725601645e-10,1.0133297053851432e-10,1.0133296052847374e-10,1.1812024479993177e-08,33,8,scale_free,cascade,13,489502006
39,True,-0.4581678278570975,-0.6431008745991267,6.2719566170629444e-09,4.707733997532685e-09,4.707733987321935e-09,4.7077339936090134e-09,1.496022454503028e-08,39,8,scale_free,cascade,14,29247871
35,True,-0.5108000826509539,-0.6680306842700335,4.423452675272656e-15,3.0112561106893554e-15,3.0044048434513777e-15,3.0112561106893554e-15,1.4696669368982287e-08,35,8,scale_free,cascade,15,410134583
32,True,-0.5150147137206024,-2.2560973158130095,1.8988266001946351e-10,1.4847337610172912e-10,1.4847338277294533e-10,1.4847342136928931e-10,1.2711248326994353e-08,32,8,scale_free,cascade,16,551158275
33,True,-0.5356894961111525,-0.9203178579686672,4.0957486566128665e-09,3.132659907546091e-09,3.1326598942406497e-09,3.1326598358301924e-09,1.4352716060334999e-08,33,8,scale_free,cascade,17,780581137
36,True,-0.5144042050498987,-0.359973867768025,4.381149987149211e-12,2.8462020348722872e-12,2.846200427885854e-12,2.846201243396364e-12,1.0986906099723488e-08,36,8,scale_free,cascade,18,467229927
33,True,-0.5301639846308174,-1.0142437153373904,2.516199960194399e-10,1.7625898962300204e-10,1.7625899541413145e-10,1.762590163573085e-10,1.863588110231271e-08,33,8,scale_free,cascade,19,841203706
38,True,-0.4304802264252075,-1.8916333787798376,1.185531983696268e-09,1.4347420226665794e-12,1.4347410493702936e-12,1.7915174051412086e-09,1.851926338973131e-08,38,8,scale_free,heterogeneous_cascade,0,529735403
28,True,-0.6135360695931489,-2.408096088937784,2.731589913186575e-10,2.2092085920374645e-12,2.2142727059335624e-12,2.9853114295555946e-10,1.2435396215848763e-08,28,8,scale_free,heterogeneous_cascade,1,260348543
34,True,-0.5128781216813187,-1.5777150136253582,4.3008050634576687e-10,1.5261911416483596e-11,1.525742263162196e-11,4.877723039045361e-10,1.010339228144537e-08,34,8,scale_free,heterogeneous_cascade,2,229018253
38,True,-0.4607798368243481,-0.8783673764210527,8.933350602317057e-10,1.622263842320357e-13,1.6222840955978426e-13,1.1436895868413445e-09,1.9461588781659044e-08,38,8,scale_free,heterogeneous_cascade,3,322490440
35,True,-0.539445416611756,-0.36360396750905805,4.34796283976534e-10,2.7839838329313292e-11,2.7839826125057857e-11,5.545174150695655e-10,7.631279298539899e-09,35,8,scale_free,heterogeneous_cascade,4,597463958
35,True,-0.517570067183485,-0.4208012936642621,7.843512861110424e-10,1.2415803639296683e-13,1.2666382450512322e-13,9.146036481778721e-10,1.505516510607851e-08,35,8,scale_free,heterogeneous_cascade,5,242482852
35,True,-0.5060456119352499,-0.9253357522010528,6.501104566920364e-09,4.264765139042257e-09,4.264764140229182e-09,4.118455188742013e-09,1.390426536000103e-08,35,8,scale_free,heterogeneous_cascade,6,914173581
36,True,-0.48692645992898664,-0.7323342496227795,9.463556962250239e-09,6.613337756281717e-09,6.613337563852882e-09,6.622792727516572e-09,2.0268037808467172e-08,36,8,scale_free,heterogeneous_cascade,7,479863400
36,True,-0.486315377399215,-1.259458836785474,7.81484363096616e-10,1.5938604911986946e-13,1.5945944411712313e-13,8.703545782767071e-10,1.1463003056695519e-08,36,8,scale_free,heterogeneous_cascade,8,863272770
37,True,-0.5063044088724437,0.09626845164121885,4.104938948960458e-09,2.7978097766834203e-09,2.7978097510177364e-09,2.451575209669682e-09,1.2511027535570608e-08,37,8,scale_free,heterogeneous_cascade,9,683258357
245,True,-0.06405256905169758,-0.6714423127610637,6.372436297519488e-08,2.2808558765322793e-08,5.695366787524722e-08,2.4313204171961717e-08,8.329876081527286e-08,245,9,cycle_baseline,independent,0,228252875
225,True,-0.06957903628444588,-0.6933168842607034,7.63006962873193e-08,5.510145931028943e-08,5.1131079637114914e-08,2.002903411018552e-08,8.670323035898349e-08,225,9,cycle_baseline,independent,1,743944169
244,True,-0.06361990767722477,-0.8508982052756731,8.96518630848863e-08,4.3600337526293676e-08,2.584624472968628e-08,7.56876787509642e-08,8.336863220316333e-08,244,9,cycle_baseline,independent,2,330735741
222,True,-0.06904823812518014,-0.9133306576415625,8.403063850716995e-08,6.850217517072549e-08,3.4048811020957096e-08,3.712459073636862e-08,9.28021977245213e-08,222,9,cycle_baseline,independent,3,930384617
213,True,-0.06606869022736687,-1.6826680297118297,1.3528911261619823e-07,7.620813573653708e-08,1.1089965286334135e-07,2.5577087707192198e-08,1.5342742125175006e-07,213,9,cycle_baseline,independent,4,482629893
217,True,-0.07118476605132885,-0.7096855297304274,9.324778713370185e-08,8.87101522065928e-08,3.177276615008549e-08,3.216247688275546e-08,9.823069676131448e-08,217,9,cycle_baseline,independent,5,48569289
227,True,-0.06928491810720329,-0.6571915894147655,8.21080098770741e-08,6.488654830605014e-08,5.274095078816477e-08,2.8016492999541324e-08,7.93845002580847e-08,227,9,cycle_baseline,independent,6,494767639
221,True,-0.07075150672118662,-0.7672319312021707,7.354422582547282e-08,5.2780295040074755e-08,1.4338375669974462e-08,4.97523776868964e-08,8.154850028144502e-08,221,9,cycle_baseline,independent,7,460769605
213,True,-0.07213095869986716,-1.058200313900653,8.185000982564971e-08,3.9098389959463944e-08,5.681304870637845e-08,4.63322480671774e-08,7.974087107273846e-08,213,9,cycle_baseline,independent,8,863968495
198,True,-0.07881319304166709,-0.5570357929924838,8.02425370837245e-08,1.3781068455949403e-08,8.305703474178863e-08,2.6702435994461102e-08,1.1601438462449044e-07,198,9,cycle_baseline,independent,9,711558041
227,True,-0.06899507827280342,-0.7352343345833876,7.37698946337406e-08,4.859160971495481e-08,4.859160971621227e-08,4.859160971621227e-08,8.223990648530588e-08,227,9,cycle_baseline,cascade,0,191357255
215,True,-0.06981143531303365,-0.7130341706211525,1.5295938718290045e-07,9.654229245238252e-08,9.654229245238252e-08,9.654229245430127e-08,1.5632143762810546e-07,215,9,cycle_baseline,cascade,1,150454011
202,True,-0.07563826657863999,-1.0831189967536603,8.633934510301174e-08,5.365689288696662e-08,5.365689288696662e-08,5.365689288696662e-08,8.551720772728079e-08,202,9,cycle_baseline,cascade,2,603594568
220,True,-0.07295716459514358,-0.46647719882221556,6.569303714187366e-08,4.1785843206854406e-08,4.1785843206586956e-08,4.178584320727819e-08,6.685297393799812e-08,220,9,cycle_baseline,cascade,3,47374019
221,True,-0.06441715182569861,-1.561863447746817,1.2632199890757262e-07,8.208286223909965e-08,8.208286223909965e-08,8.208286223909965e-08,1.4687480373679767e-07,221,9,cycle_baseline,cascade,4,319015957
175,True,-0.07891398058766094,-2.1046717700720694,1.1037314686625053e-07,7.01974366025068e-08,7.01974366025068e-08,7.01974366025068e-08,1.4077082516819172e-07,175,9,cycle_baseline,cascade,5,138205371
213,True,-0.07282911240088384,-0.6883039903168444,7.798719722843418e-08,4.9459172845253233e-08,4.9459172848015103e-08,4.945917284350899e-08,1.0147033149177476e-07,213,9,cycle_baseline,cascade,6,20561940
249,True,-0.06250057374197622,-0.8067441043066718,7.937796302477642e-08,5.2460611657914115e-08,5.2460611657914115e-08,5.2460611657914115e-08,8.307854187612473e-08,249,9,cycle_baseline,cascade,7,918823193
202,True,-0.07564285504594395,-0.8894669768664855,1.0500052726399762e-07,7.106196151902727e-08,7.106196151902727e-08,7.106196151902727e-08,1.0038140706709389e-07,202,9,cycle_baseline,cascade,8,89820789
213,True,-0.0700143366326692,-0.7887640432714695,1.2849183526136196e-07,8.488435538661118e-08,8.488435538661118e-08,8.488435538661118e-08,1.6605824282222335e-07,213,9,cycle_baseline,cascade,9,9259781
229,True,-0.06795076198622285,-0.693729346841634,7.504787430268896e-08,4.7018908831986806e-08,4.701890883175288e-08,4.701890882438081e-08,9.29660357150859e-08,229,9,cycle_baseline,heterogeneous_cascade,0,932891875
210,True,-0.07512568035259415,-0.6993707356501365,6.61198843166041e-08,4.331071706219456e-08,4.331071706401075e-08,4.3310717058859786e-08,7.3544029520415e-08,210,9,cycle_baseline,heterogeneous_cascade,1,188321974
216,True,-0.07226013951709295,-0.7966234887140912,7.437977084652771e-08,4.700669166139556e-08,4.7006691662421365e-08,4.700669165720313e-08,8.416913504862913e-08,216,9,cycle_baseline,heterogeneous_cascade,2,816557823
210,True,-0.07430175703228793,-0.8758553837956102,7.247842682020827e-08,4.584524406532337e-08,4.584524405470567e-08,4.584524406393963e-08,7.060740776375144e-08,210,9,cycle_baseline,heterogeneous_cascade,3,31283512
216,True,-0.0705146559500196,-1.1899376504021562,6.462225348119808e-08,4.1804437056636665e-08,4.180443705635636e-08,4.180443705683149e-08,7.962028412795158e-08,216,9,cycle_baseline,heterogeneous_cascade,4,153556088
210,True,-0.07002628218332894,-1.1052786088272444,1.4173804750122598e-07,9.277315361949477e-08,9.277315363911278e-08,9.277315362547498e-08,1.4266428538788136e-07,210,9,cycle_baseline,heterogeneous_cascade,5,110629467
258,True,-0.05837427687376172,-1.2098965969666962,1.1387283945639377e-07,7.550779407488592e-08,7.550779407059581e-08,7.550779409377769e-08,9.23044138414213e-08,258,9,cycle_baseline,heterogeneous_cascade,6,706262818
218,True,-0.07117221628477681,-0.8932677411756464,6.49995459388821e-08,4.269647895861246e-08,4.269647895896839e-08,4.269647895861246e-08,7.89042516417819e-08,218,9,cycle_baseline,heterogeneous_cascade,7,620149286
232,True,-0.0650358613291202,-1.3120241239624102,7.02108126105399e-08,4.504139184347925e-08,4.504139184432646e-08,4.504139184349198e-08,8.135835087894176e-08,232,9,cycle_baseline,heterogeneous_cascade,8,475502028
180,True,-0.07896953221042873,-2.223643844345545,6.735236404431891e-08,4.2377840204928384e-08,4.2377840204928384e-08,4.2377840206646584e-08,8.22044100580522e-08,180,9,cycle_baseline,heterogeneous_cascade,9,241638908
47,True,-0.4049378393105661,1.0388301897638856,6.235081140836107e-09,6.372588918510257e-09,3.1571869655560845e-09,2.3874729263873427e-09,2.1732440051639777e-08,47,9,random_strong,independent,0,88859963
56,True,-0.3211213905710026,0.32117748160566706,1.7810587931675345e-08,8.418480031219913e-09,1.5502125315310306e-08,7.972055579155576e-09,3.516504314646018e-08,56,9,random_strong,independent,1,569212050
109,True,-0.14867221476161668,-0.6372999969341399,5.409361243252144e-08,4.77989967826505e-08,1.3206760249456982e-08,2.8832209441641887e-08,5.527339542273342e-08,109,9,random_strong,independent,2,230714287
100,True,-0.16375986174946547,-0.4592538520774827,3.353801934501823e-08,2.9354083711633595e-08,1.845516591255971e-08,1.2812399319612839e-08,5.663064249834566e-08,100,9,random_strong,independent,3,590195382
89,True,-0.1789665048022318,-0.7465997239237928,4.988781563317467e-08,4.41168114427235e-08,2.393911706981979e-08,1.9739471545469664e-08,7.722746221105075e-08,89,9,random_strong,independent,4,687468043
60,True,-0.27363125164455654,-0.6594837599274911,5.1201502622770596e-08,3.347259730942824e-08,3.809263532421508e-08,3.4449638379030844e-08,4.5350923861741825e-08,60,9,random_strong,independent,5,849435332
64,True,-0.2583396632878863,-0.8145094624555917,3.273562063387505e-08,4.799756519796988e-09,4.63427241463738e-09,3.953868049356865e-08,3.805426402245257e-08,64,9,random_strong,independent,6,493984992
59,True,-0.2800897486428629,-0.8683627815739038,2.5234721616893534e-08,1.752347033535351e-08,1.5530189385999695e-08,1.316203880225871e-08,3.772791433121233e-08,59,9,random_strong,independent,7,4741392
49,True,-0.38102351542136803,0.3276835670418328,4.5626945046309296e-09,1.9924714292376e-09,3.508982151698418e-09,2.7208509059595936e-09,1.629229184457566e-08,49,9,random_strong,independent,8,280666843
72,True,-0.23578221537090432,-0.22734902998938403,3.4188997242994805e-08,2.2504208747671226e-08,9.40072487995929e-09,2.9290348321978314e-08,4.112020667046594e-08,72,9,random_strong,independent,9,853369459
60,True,-0.28521528920349676,-0.2912074165957855,2.0997885824741317e-08,1.2117638746410056e-08,2.0935739191908188e-08,7.848363149542959e-09,3.539031610786768e-08,60,9,random_strong,independent,10,533250968
87,True,-0.19218784531926048,-0.17232202592223986,4.448749039423178e-08,1.2894126890731757e-08,3.165148451224297e-08,3.6011080367276434e-08,6.067325204126603e-08,87,9,random_strong,independent,11,619119086
66,True,-0.26306282659616304,0.0379182926651404,1.2968884164757356e-08,7.005533857099631e-09,8.328964795277411e-09,9.036327931875583e-09,4.005331625292644e-08,66,9,random_strong,independent,12,457823312
46,True,-0.406832494707145,0.794712596503614,1.6840094360454895e-08,6.719225068432913e-09,1.4501974271036613e-08,1.4217988164916628e-08,3.273520296624473e-08,46,9,random_strong,independent,13,162743485
63,True,-0.2652211664378744,-0.30883893633548387,2.992211619597333e-08,3.16883777689351e-08,1.7081319297052994e-08,5.675170365173332e-09,5.016490663671205e-08,63,9,random_strong,independent,14,896703705
77,True,-0.22301004637587796,-0.15489145269784443,3.1013947957972924e-08,2.3204520778644365e-08,2.4412167923282014e-08,1.5997564758824758e-09,2.5972417351186755e-08,77,9,random_strong,independent,15,772937387
62,True,-0.2650254695272766,-0.7190598617435943,2.009409315334949e-08,1.0830655576748971e-08,1.644401210128857e-08,1.1310438847280563e-08,2.70390428147975e-08,62,9,random_strong,independent,16,995183421
50,True,-0.3561327301487873,-0.24928972957546813,9.221796879365228e-09,5.56144115657047e-09,2.2960508423937488e-09,9.440151550220176e-09,2.2651939907752905e-08,50,9,random_strong,independent,17,855491541
132,True,-0.1213633806163189,-0.773177694604331,5.0631770955155074e-08,2.177160419621228e-08,3.6708314539954335e-08,3.304624082889052e-08,5.2203230880610863e-08,132,9,random_strong,independent,18,291133285
58,True,-0.31284136862874473,0.45216691916492596,1.3392875475202031e-08,6.059839453043333e-09,9.322436647822075e-09,8.999531600644613e-09,3.2830755521749415e-08,58,9,random_strong,independent,19,254263483
97,True,-0.17211656215284757,-0.2095598353188727,3.06484327608774e-08,1.0455627295949846e-08,1.2324901920177588e-08,2.937022437332065e-08,5.726152432523677e-08,97,9,random_strong,independent,20,248474427
144,True,-0.11131609840384367,-0.5603253761470482,5.292375536986426e-08,4.297537031624279e-08,2.7315675999061488e-08,2.017649560504225e-08,6.989658295124782e-08,144,9,random_strong,independent,21,918793680
91,True,-0.18799513621712294,0.43234649245287515,3.518117613667174e-08,5.519314113641249e-09,3.479757173941337e-08,1.766696365708855e-08,6.631901496189907e-08,91,9,random_strong,independent,22,556935282
47,True,-0.3706575178865946,-0.269309300776214,1.5001144874638508e-08,8.142488947256997e-09,7.042052342902981e-09,1.4824290111056735e-08,3.7056312057935086e-08,47,9,random_strong,independent,23,454457430
99,True,-0.16451358352169873,-0.5188522681810306,3.943155101261807e-08,1.6553454469474935e-08,3.382562472047557e-08,1.8235425976420033e-08,6.175508898665272e-08,99,9,random_strong,independent,24,968261414
62,True,-0.2901762004728949,0.22928536960344997,1.281494378758638e-08,1.0836304981243355e-08,7.694117445607131e-09,8.535409444979509e-09,2.5294449565456828e-08,62,9,random_strong,independent,25,603424454
77,True,-0.21072131718182224,-1.048775554773199,3.228021359023696e-08,2.256817987869555e-08,1.8295082651501995e-08,1.9735391431811434e-08,3.359754147913128e-08,77,9,random_strong,independent,26,909431979
81,True,-0.20501414646574848,-0.3379879724472773,4.4848256888678475e-08,3.42214996898584e-08,3.966433174511855e-08,1.4845035206593797e-08,5.37579181762989e-08,81,9,random_strong,independent,27,984649533
129,True,-0.12612055285994528,-0.3908783428800678,9.082817469892089e-08,6.461162509168295e-08,4.06999834936412e-08,5.179574215328298e-08,6.346162482651643e-08,129,9,random_strong,independent,28,79445621
132,True,-0.12370592204563664,-0.41639168630149537,5.5135081158949365e-08,3.8014919004605706e-08,2.2410531626789896e-08,3.3727447935787556e-08,5.901393645895866e-08,132,9,random_strong,independent,29,361536078
34,True,-0.5395881825457458,-0.2575568851244623,4.3853885173985516e-10,3.207379980148082e-10,3.2073800069514114e-10,3.2073798282210416e-10,1.7492244989947136e-08,34,9,random_strong,cascade,0,734139302
50,True,-0.36208368901419524,0.13288443631422917,1.1671259032551118e-08,8.265932202640191e-09,8.265932202640191e-09,8.265932191846136e-09,1.4551015669431975e-08,50,9,random_strong,cascade,1,813159345
76,True,-0.20817983297748366,-1.4235163495501097,4.3479137314511376e-08,2.8379844697964648e-08,2.8379844696677452e-08,2.8379844697656348e-08,3.9924380046533683e-08,76,9,random_strong,cascade,2,318399117
92,True,-0.1728539810751177,-1.1248595034885451,3.509448023337506e-08,2.3779429078541985e-08,2.3779429078541985e-08,2.3779429078541985e-08,4.274899206334312e-08,92,9,random_strong,cascade,3,548172864
72,True,-0.24491390346455397,0.0010125214185581573,1.2559188415087299e-08,9.050303569828565e-09,9.050303569828565e-09,9.050303569828565e-09,3.278512449370681e-08,72,9,random_strong,cascade,4,799213522
55,True,-0.31463673192116887,0.08428966732002134,2.9628090070124923e-08,2.2292347700668797e-08,2.2292347700668797e-08,2.2292347719959582e-08,3.7718051721042746e-08,55,9,random_strong,cascade,5,112967255
88,True,-0.19300560016038398,-0.19964579669007623,2.0667147901215093e-08,1.3170929890383774e-08,1.3170929890383774e-08,1.3170929890383774e-08,5.0151200295737994e-08,88,9,random_strong,cascade,6,600733918
77,True,-0.21073050632790544,-0.6558131710744654,3.0810788556456557e-08,1.993783639749896e-08,1.993783639749896e-08,1.993783639749896e-08,5.452868912401904e-08,77,9,random_strong,cascade,7,296442901
41,True,-0.4431198231285212,0.8503857339968232,1.9390850897173562e-08,1.3115302303332905e-08,1.311530228558946e-08,1.3115302333552359e-08,4.658697384299527e-08,41,9,random_strong,cascade,8,216355695
80,True,-0.19268707383368672,-0.5926621042251166,1.7277242215197137e-07,1.1072347048938174e-07,1.1072347048938174e-07,1.107234704773632e-07,1.5715705564020955e-07,80,9,random_strong,cascade,9,515399143
37,True,-0.5217822077760874,0.31948506305726765,2.4073533561561223e-09,1.77781817836058e-09,1.777818176806351e-09,1.7778181762502812e-09,6.584940124922747e-09,37,9,random_strong,cascade,10,414026093
52,True,-0.27772212152535725,-2.370116862987549,6.008731819749205e-08,4.1913573769582465e-08,4.1913573769582465e-08,4.191357375181194e-08,6.895618365958546e-08,52,9,random_strong,cascade,11,635711336
62,True,-0.26927470472924375,-0.6147439902049053,2.7077151500556847e-08,2.4163431706569782e-08,2.416343171505741e-08,2.4163431701595125e-08,3.964633374653324e-08,62,9,random_strong,cascade,12,317635634
81,True,-0.19822019087855713,-0.8491764460024791,4.5438626777722234e-08,2.9150327556038634e-08,2.9150327556038634e-08,2.9150327556038634e-08,4.656815001341656e-08,81,9,random_strong,cascade,13,823275936
54,True,-0.3534420340928388,1.1089599810940818,1.4648810541076395e-08,1.107661321088775e-08,1.107661321088775e-08,1.1076613211385118e-08,2.6579341651125627e-08,54,9,random_strong,cascade,14,78108392
43,True,-0.41786219384501505,0.22495783926120283,1.180698928124305e-08,7.329555186420468e-09,7.329555186420468e-09,7.329555190670286e-09,2.740622120410651e-08,43,9,random_strong,cascade,15,861879374
42,True,-0.4704795328833887,1.6236309944293381,3.4923039514418813e-09,2.522148383163334e-09,2.52214838146659e-09,2.5221483856612426e-09,1.3824683759673287e-08,42,9,random_strong,cascade,16,29834769
48,True,-0.3444386056105891,-0.835525267242722,1.697829140932385e-08,1.2024417807073273e-08,1.2024417807073273e-08,1.2024417818870122e-08,3.783045807119972e-08,48,9,random_strong,cascade,17,346478655
68,True,-0.24955199126768696,-0.7827105124171722,7.222706883230618e-09,5.720134801045999e-09,5.720134799245528e-09,5.72013479629074e-09,1.8288060167915064e-08,68,9,random_strong,cascade,18,383334758
68,True,-0.22617878696711444,-1.7292570656665105,5.319149776933319e-08,3.5708114589233984e-08,3.5708114589233984e-08,3.570811456982134e-08,4.7025318783156295e-08,68,9,random_strong,cascade,19,19034147
37,True,-0.5192661046338247,0.4755020029493838,6.161906662814951e-09,4.6807253402285725e-09,4.680725345458447e-09,4.680725210255575e-09,1.9630421324599668e-08,37,9,random_strong,cascade,20,702100014
60,True,-0.268716960877075,-1.5588255959571753,1.1058282604186609e-08,8.006706943125388e-09,8.006706943125388e-09,8.00670694434014e-09,2.866933504357982e-08,60,9,random_strong,cascade,21,165487757
58,True,-0.2961920319108293,-0.3713753663084986,3.78899319766747e-08,2.609035889432966e-08,2.609035889432966e-08,2.609035889075627e-08,5.159341713722509e-08,58,9,random_strong,cascade,22,659156771
84,True,-0.18863682919138894,-1.1457778267774976,3.704885136038004e-08,2.3083256576022097e-08,2.3083256576022097e-08,2.308325657642061e-08,5.6344051400558074e-08,84,9,random_strong,cascade,23,725183320
42,True,-0.4397552916261506,0.7046006115387178,1.2274355943212457e-08,8.251896498907496e-09,8.251896499333034e-09,8.25189649217902e-09,1.6923696144515678e-08,42,9,random_strong,cascade,24,845238620
97,True,-0.14768811257698147,-1.8946298246046487,6.702299284636584e-08,4.507290921971126e-08,4.507290921971126e-08,4.507290921971126e-08,9.576296862952952e-08,97,9,random_strong,cascade,25,708091235
126,True,-0.1122129879116349,-2.082502893029519,9.225574635403205e-08,5.6880317644369504e-08,5.6880317644369504e-08,5.6880317644369504e-08,9.175198164847208e-08,126,9,random_strong,cascade,26,301500242
55,True,-0.32511332212844674,0.8286669868435416,2.5690509107761454e-08,1.7951313414795754e-08,1.7951313414795754e-08,1.795131341269143e-08,6.505062117480566e-08,55,9,random_strong,cascade,27,738580386
106,True,-0.15314165516819303,-0.6863553086764663,3.972468629700383e-08,2.7028662434261015e-08,2.7028662434261015e-08,2.7028662434261015e-08,5.559165398694747e-08,106,9,random_strong,cascade,28,825950318
63,True,-0.27066708394416533,0.7363104980224457,5.4744108415053e-08,4.087087609874056e-08,4.087087609874056e-08,4.087087609548051e-08,6.169016589131057e-08,63,9,random_strong,cascade,29,317153170
77,True,-0.2186696377919633,0.11461664997983774,3.017503558008335e-08,2.095802211304457e-08,2.095802211304457e-08,2.0958022115457475e-08,7.712810739836324e-08,77,9,random_strong,heterogeneous_cascade,0,124176906
67,True,-0.2704698236594962,0.6456835984838811,1.421018512485657e-08,8.825895095446499e-09,8.825895101068741e-09,8.825895203848528e-09,3.761123863817979e-08,67,9,random_strong,heterogeneous_cascade,1,890019457
83,True,-0.20198585508334307,-0.06946778397932,2.9183655970311176e-08,1.9992511781774864e-08,1.999251178598308e-08,1.9992511781774864e-08,5.730698674322524e-08,83,9,random_strong,heterogeneous_cascade,2,147939958
56,True,-0.32631511484755693,0.5170134750706991,1.6097081588427526e-08,1.0451773621894656e-08,1.0451773616006306e-08,1.0451774248237842e-08,2.2474974097124605e-08,56,9,random_strong,heterogeneous_cascade,3,593830547
55,True,-0.32823743623528157,0.21538574914022315,6.6930897393299165e-09,4.833283962278717e-09,4.833283962958001e-09,4.833283959718325e-09,2.667960069674027e-08,55,9,random_strong,heterogeneous_cascade,4,236280468
62,True,-0.2684603853670281,0.025168710163416562,5.885655399820538e-08,4.110696100174574e-08,4.110696100706477e-08,4.110696123678301e-08,7.765310787549551e-08,62,9,random_strong,heterogeneous_cascade,5,126026341
65,True,-0.24563544423932562,-0.8910632719589093,5.163295124226961e-08,3.381320739776981e-08,3.3813207406246745e-08,3.381320891751256e-08,5.8186466261788164e-08,65,9,random_strong,heterogeneous_cascade,6,776415133
68,True,-0.24547126112124806,-0.19285166143508264,2.2593356313139366e-08,1.5050605820599074e-08,1.505060581131891e-08,1.5050605827441307e-08,5.553340632410552e-08,68,9,random_strong,heterogeneous_cascade,7,143718661
68,True,-0.2582618823627169,-0.05165946423525083,1.72969835239144e-08,1.2897314773795207e-08,1.2897314771586143e-08,1.2897314774265815e-08,2.5744576118660806e-08,68,9,random_strong,heterogeneous_cascade,8,670225843
68,True,-0.2317975996328714,-0.8802862415407751,4.7594413645631076e-08,3.160900571995742e-08,3.160900570523518e-08,3.160900574137583e-08,5.712471220906524e-08,68,9,random_strong,heterogeneous_cascade,9,693095426
28,True,-0.7008066625471822,-0.3993874716949663,6.235758444007766e-10,5.3527524900955327e-11,5.36228378329633e-10,3.622498260570416e-10,4.064842059981542e-09,28,9,small_world,independent,0,60228003
33,True,-0.5910762905468208,0.4991304059938602,1.691311980294808e-09,9.773286856710172e-10,1.0358128776727439e-09,9.867517730008987e-10,1.016665918637694e-08,33,9,small_world,independent,1,172943936
35,True,-0.5457750922953415,0.0694300194129887,1.5215862985330065e-09,8.26039733470971e-10,7.153792042606243e-10,1.1460131642849408e-09,9.985785580875265e-09,35,9,small_world,independent,2,794363511
27,True,-0.7682328404021065,0.47627430303403917,4.952928734247056e-10,4.6120766214234776e-10,1.1240569153755471e-10,3.2405853585073893e-10,3.5661724227558233e-09,27,9,small_world,independent,3,507292701
35,True,-0.5585568387173984,0.4656684781132785,1.4060217246629357e-09,1.2395804199089479e-09,8.067579717031668e-10,7.731293261451226e-10,8.760905359195034e-09,35,9,small_world,independent,4,121351922
25,True,-0.8280315729650342,0.08840898009377808,9.128545806741162e-10,1.0880395643345308e-09,3.514685635343429e-10,1.716241396927412e-10,4.059575446642915e-09,25,9,small_world,independent,5,991774475
28,True,-0.7399796602283661,0.47409802163091747,5.194657868027329e-10,2.523857625553968e-10,2.2446112996926108e-10,4.310600221434445e-10,3.418395430563324e-09,28,9,small_world,independent,6,264988156
30,True,-0.6528288386293797,0.1008977531710182,1.0888413598675562e-09,6.212686700760676e-10,7.539477303594302e-10,6.096062745373505e-10,6.5962339362211555e-09,30,9,small_world,independent,7,4007604
25,True,-0.8836557715438319,1.3958320416655827,3.8541810262640734e-10,3.730747167359118e-10,5.855584145548085e-11,2.3549895925696344e-10,2.919259873697031e-09,25,9,small_world,independent,8,924166026
35,True,-0.5621107914130972,0.3527184517292926,1.1462499385617079e-09,5.430008328938049e-10,2.0956429942081548e-10,1.1525172584074704e-09,7.052716437849014e-09,35,9,small_world,independent,9,16579801
30,True,-0.6550908002599608,0.02345322348957115,9.486427439216905e-10,2.9735327277250603e-10,4.392076261307743e-10,8.558045296705153e-10,6.206575475449233e-09,30,9,small_world,independent,10,553358357
32,True,-0.6123405369959481,0.11039680284974983,1.054726106547627e-09,5.646035863475577e-10,2.8110031410037325e-10,8.959513709776993e-10,6.4031445354518155e-09,32,9,small_world,independent,11,993084581
24,True,-0.8912659819562329,0.9526300810612183,4.484316098897974e-10,3.22030162399799e-10,1.8373727742181228e-10,2.830530976126756e-10,3.4196299585647427e-09,24,9,small_world,independent,12,577809356
32,True,-0.6159636346330243,0.4302133894505113,1.289196358435173e-09,5.237277814815475e-10,8.150753256057609e-10,9.74043685002892e-10,7.879158757079982e-09,32,9,small_world,independent,13,584638833
32,True,-0.632909864941629,0.8045933381000474,9.923891607435414e-10,5.389377267828123e-10,4.921515454694963e-10,7.324803953406185e-10,6.901830463124318e-09,32,9,small_world,independent,14,388174897
34,True,-0.5668115221929753,0.08542083647389062,1.1323186740983732e-09,7.470589122061679e-10,7.470589121157594e-10,7.470588804772115e-10,9.031886825904979e-09,34,9,small_world,cascade,0,126909975
35,True,-0.5805040770791486,1.0876805206042384,9.684906534662131e-10,6.84780092367255e-10,6.847800916370951e-10,6.847800745586395e-10,8.704314820751686e-09,35,9,small_world,cascade,1,572691823
34,True,-0.5161909744509908,-0.2239923938362519,1.1209505022292973e-11,7.392906834102184e-12,7.392954843833786e-12,7.392931741921826e-12,3.383368270388233e-08,34,9,small_world,cascade,2,897302199
34,True,-0.5112614765133305,-0.3363243592645376,1.1784919610408048e-13,8.53297302986294e-14,8.532181723543348e-14,8.53249472365964e-14,3.378574537448872e-08,34,9,small_world,cascade,3,91102851
34,True,-0.5271504414195466,-0.9783037534718748,1.6778432559826287e-12,1.26269459268636e-12,1.2626954514803175e-12,1.262695362483924e-12,1.2440029493042457e-08,34,9,small_world,cascade,4,880380300
33,True,-0.5476072268285306,-0.926621360753391,3.267211176723259e-11,2.209925258215086e-11,2.209924360159709e-11,2.20992494149258e-11,1.3728421522167115e-08,33,9,small_world,cascade,5,415046517
34,True,-0.5161639270635632,-1.1554016779626324,2.794492325267928e-13,1.81621626692054e-13,1.816340881773273e-13,1.8162378802599082e-13,1.335549266673109e-08,34,9,small_world,cascade,6,165404871
33,True,-0.5296316106436899,-1.4482782745361,2.4386728048632004e-13,1.6076503270463946e-13,1.6077040940682698e-13,1.6076548287757148e-13,1.2468311301846101e-08,33,9,small_world,cascade,7,621792029
35,True,-0.5126990596015257,-0.5238657356681052,9.96102327792422e-12,6.5522110469898205e-12,6.552212728348583e-12,6.552210527173988e-12,1.621601938503881e-08,35,9,small_world,cascade,8,182353086
33,True,-0.5777105929669547,-0.2554050524758908,4.735643831712656e-10,3.187709513181282e-10,3.187709513528361e-10,3.1877094008824707e-10,1.0944877855486278e-08,33,9,small_world,cascade,9,273187191
33,True,-0.5748849232743147,-0.5039008146505116,1.1160278400699487e-09,4.687201182181479e-10,4.687169642653872e-10,1.0901173782903344e-09,9.354786297858692e-09,33,9,small_world,heterogeneous_cascade,0,721612195
32,True,-0.5645807936850857,-1.277561641190293,6.210289633284896e-10,5.39308402219227e-13,5.384017552318342e-13,6.998051930329748e-10,1.0464136608313432e-08,32,9,small_world,heterogeneous_cascade,1,50519696
36,True,-0.4878445210711513,-0.8448178433396777,3.9191739729264264e-10,6.218756518940225e-14,6.217233380440715e-14,5.139143807231003e-10,1.683884270894752e-08,36,9,small_world,heterogeneous_cascade,2,447181556
38,True,-0.49057560575555303,0.11822954747616517,2.3752988692566616e-09,1.5127362277124509e-09,1.5127362280392906e-09,1.5056420370103968e-09,1.4704326205193963e-08,38,9,small_world,heterogeneous_cascade,3,594567608
32,True,-0.5664846850432284,-0.5991053085660322,4.859626358536064e-10,6.47308753795824e-14,6.497664035530071e-14,6.138700555944968e-10,1.3370360968165672e-08,32,9,small_world,heterogeneous_cascade,4,132028605
35,True,-0.4583367067308377,-2.0092788571015197,1.2562792226257051e-09,3.7007434154171886e-16,3.859256176596032e-16,1.6045756155196016e-09,2.3039579646644888e-08,35,9,small_world,heterogeneous_cascade,5,294755193
37,True,-0.4854241148014457,-0.08234273874643537,4.4500450441526044e-09,3.043165779172221e-09,3.0431657797516036e-09,2.9680119064323456e-09,2.5766487223513565e-08,37,9,small_world,heterogeneous_cascade,6,343501588
33,True,-0.5473530023729841,-0.7502926310106353,4.008152934810651e-10,6.847548195601898e-13,6.835236485973981e-13,5.065517910941767e-10,1.1719922581689803e-08,33,9,small_world,heterogeneous_cascade,7,663621046
35,True,-0.5081441051988709,-1.2743198349711073,8.236168209690334e-10,5.3676240761550035e-12,5.36873166941902e-12,9.993141383580076e-10,1.0457392015407971e-08,35,9,small_world,heterogeneous_cascade,8,976709003
34,True,-0.5380153932863542,0.08511011056042372,1.6061444120450971e-09,1.0173675139337414e-09,1.0173691121637907e-09,9.111328360659315e-10,2.2925779498885745e-08,34,9,small_world,heterogeneous_cascade,9,836245176
26,True,-0.7796093601133623,0.5358370197100609,1.9792621651212966e-09,4.4524364732880646e-10,1.9035417177841705e-09,9.867912374219543e-10,5.914284042171338e-09,26,9,scale_free,independent,0,189765759
33,True,-0.5463235117449119,-0.9170311892775508,3.922838997727076e-09,4.506822891861662e-09,9.709309351237495e-10,7.698125515938741e-10,1.021648583830646e-08,33,9,scale_free,independent,1,18160543
50,True,-0.34952677184330305,-0.5612823168090895,1.2994992685811564e-08,6.275591527236295e-09,5.847254808174045e-09,1.2628826583743887e-08,2.079380553639117e-08,50,9,scale_free,independent,2,51912090
29,True,-0.6765098276449849,0.267109048770242,2.253262800575628e-09,7.20353474753613e-10,1.771041150713462e-09,1.496732922902634e-09,8.452904148274112e-09,29,9,scale_free,independent,3,595713774
38,True,-0.5065096472052153,0.15813301693125656,2.947997872280536e-09,2.367919425689291e-09,1.3499321406186303e-09,1.6519458098236894e-09,9.462421096209677e-09,38,9,scale_free,independent,4,156260510
53,True,-0.3109763972583453,-0.7835316830109949,2.277816499572987e-08,1.0263543830170353e-08,1.8425303799745025e-08,1.513594880772193e-08,4.333407528059037e-08,53,9,scale_free,independent,5,231280539
27,True,-0.7140561802998716,-0.04441400083650216,2.2702274912359386e-09,1.207799868810502e-09,1.9875440200569204e-09,6.45405137331811e-10,8.434413514788624e-09,27,9,scale_free,independent,6,847391618
25,True,-0.8827600656297785,1.221576644095303,3.987682259132063e-10,3.235444240261533e-10,1.0387111192288329e-10,3.8794833657798274e-10,2.1744713274613142e-09,25,9,scale_free,independent,7,873888497
34,True,-0.5286459682730758,-0.7484324865393742,4.5259187195831156e-09,6.073216709672678e-11,4.768067451392889e-09,9.579564281734455e-10,1.2567088671113299e-08,34,9,scale_free,independent,8,839030765
36,True,-0.4952927857963402,-1.1332291812637068,4.373871071943838e-09,4.5584621556345445e-09,1.1995011163919753e-09,1.058578381561844e-09,9.533829953779781e-09,36,9,scale_free,independent,9,253664506
30,True,-0.6393452393595647,-0.13190824198149498,2.797791837909342e-09,1.280895957093393e-09,7.645338602695862e-10,3.213897966603443e-09,9.13813971293167e-09,30,9,scale_free,independent,10,619684647
26,True,-0.813967383011507,0.830528144005388,6.415619557019389e-10,3.8463314038984254e-10,1.6021949040073397e-10,6.533191266792326e-10,3.8593137127451426e-09,26,9,scale_free,independent,11,610770133
42,True,-0.40207708337817294,-1.1573135593832913,1.0979208834341974e-08,1.078942043948547e-08,1.371285539498688e-09,6.275759556740612e-09,2.0777529373240126e-08,42,9,scale_free,independent,12,185247415
26,True,-0.7621135510536333,0.03733681420982365,1.193034326583702e-09,5.359557780759014e-10,7.120672125485977e-10,9.073636496971246e-10,5.53350124845301e-09,26,9,scale_free,independent,13,525256559
27,True,-0.7372662744605301,-0.5772595663324009,8.262880008500538e-10,2.1855681741145187e-10,9.410221135123288e-10,3.2848438693528523e-10,3.1855367042584527e-09,27,9,scale_free,independent,14,396166499
23,True,-1.0212972687363229,1.8309994163234546,8.448251975661204e-11,6.352448966052195e-11,4.5234388032980126e-11,5.823861383381533e-11,1.1028227585650578e-09,23,9,scale_free,independent,15,751662978
32,True,-0.6772591447515472,1.5803385922920805,1.3598065792432405e-09,1.4600093618509863e-10,1.236663711244248e-09,1.0367210909943207e-09,6.091116676017733e-09,32,9,scale_free,independent,16,677620763
32,True,-0.5736404024199064,-0.22032829430776216,4.983618064026646e-09,4.178262742041527e-09,2.0931507479660346e-09,2.8340187487557637e-09,1.5775838233858583e-08,32,9,scale_free,independent,17,532654794
36,True,-0.49386510008766377,-1.0273955818946994,5.3648301407712386e-09,8.586457355503262e-12,5.6044980598801215e-09,3.1064990881650026e-09,1.2278407495708943e-08,36,9,scale_free,independent,18,725769634
40,True,-0.4529338844979321,-0.4131175405463246,7.102979147618454e-09,2.625328231340633e-09,2.2785696750288848e-10,7.768041617651563e-09,1.4098873454638575e-08,40,9,scale_free,independent,19,763108537
26,True,-0.7858377087584215,0.15561984790744515,5.414210470340739e-10,4.0784325246200183e-10,1.6050057775675286e-10,4.0136405024209394e-10,2.1890596224193373e-09,26,9,scale_free,independent,20,566937795
38,True,-0.475141159682724,-0.08620789083135627,8.233385357338169e-09,7.18246875520529e-09,5.1228826792609165e-09,3.520852269385546e-09,2.13926134999782e-08,38,9,scale_free,independent,21,267674191
30,True,-0.5884036992612556,-1.193736701803856,5.517683582501051e-09,1.8799560304861304e-09,1.1663700418494817e-09,6.2421532372939266e-09,1.4938300914279066e-08,30,9,scale_free,independent,22,758422237
40,True,-0.4502532412064377,-0.12428873400457599,8.308542076283923e-09,5.286466816215944e-09,6.819583139578457e-09,5.617305016132465e-10,2.0850277101565137e-08,40,9,scale_free,independent,23,717613902
38,True,-0.4842845446159408,0.06919045750176359,5.8124000653057624e-09,4.324377865758797e-09,5.216907080800401e-09,4.4973719514659973e-10,1.384639506806409e-08,38,9,scale_free,independent,24,983417075
35,True,-0.4957580814127914,-1.1899332249533625,6.679868362256716e-09,1.6766792225584238e-09,6.308854234493741e-09,3.6892247066963232e-09,1.4764422676027354e-08,35,9,scale_free,independent,25,149784514
37,True,-0.4774862286068574,-1.1841299461858745,4.649533272531242e-09,4.7374198598632705e-09,2.7728057882944976e-09,1.4460888351981213e-09,1.0768657416685927e-08,37,9,scale_free,independent,26,419272387
23,True,-0.9180164964051357,0.8286429389712795,4.031512661129718e-10,1.8309130785120002e-10,3.669621914408983e-10,1.694471635268368e-10,2.12406241832722e-09,23,9,scale_free,independent,27,924226681
30,True,-0.5964158780171253,-1.6509914687738017,1.8015603991235476e-09,1.8608534347884857e-09,9.466972871173055e-10,7.27994925520582e-10,6.1946188758424e-09,30,9,scale_free,independent,28,514583051
27,True,-0.728707751363097,-0.13393897543198496,1.545973001682115e-09,5.478775971927186e-10,8.612401718627668e-10,1.459451295688611e-09,5.608462315448741e-09,27,9,scale_free,independent,29,942622885
36,True,-0.5135195433423906,-0.28799343759263324,3.601531156290535e-13,3.393970847818323e-13,3.393878681585006e-13,3.3939069592101784e-13,1.209713569852429e-08,36,9,scale_free,cascade,0,12469877
38,True,-0.3879585871160673,-2.863193530033331,1.9304342621094772e-08,1.521742767238863e-08,1.5217427659763558e-08,1.521742761207799e-08,3.665734691156153e-08,38,9,scale_free,cascade,1,35169811
35,True,-0.521267650390384,-0.7001126327687947,5.111275603241159e-10,3.4081626123518446e-10,3.408162611825996e-10,3.4081624609925685e-10,1.0146212947359219e-08,35,9,scale_free,cascade,2,796028556
32,True,-0.5927450864929624,0.11158069288550028,6.80646951112272e-10,4.594135462977884e-10,4.5941353377946853e-10,4.594135307131698e-10,1.6059226345470147e-08,32,9,scale_free,cascade,3,358431131
33,True,-0.566270543717215,-0.5171604376642357,1.092399059938044e-10,7.053630965152169e-11,7.05363123424943e-11,7.053630823048712e-11,1.3102634279141884e-08,33,9,scale_free,cascade,4,520230066
37,True,-0.48626148109138995,-0.6080541757995712,6.281483732935803e-09,3.963205400122147e-09,3.963205402191131e-09,3.963205296117278e-09,1.518391945823157e-08,37,9,scale_free,cascade,5,428009492
34,True,-0.5182773788460845,-0.5192748760137076,3.689951858364448e-13,2.436871937025178e-13,2.436915366080976e-13,2.436927610658713e-13,2.4043237899435615e-08,34,9,scale_free,cascade,6,407961430
34,True,-0.5214059569311177,-0.8013019186865586,2.7454992926331153e-12,1.8679458606301323e-12,1.8679358270559334e-12,1.8679415588445555e-12,1.6957225266149018e-08,34,9,scale_free,cascade,7,939474292
34,True,-0.5478636938712135,-0.6712409549708548,1.343817926969239e-10,9.110517792071735e-11,9.110517802307926e-11,9.11051735558614e-11,1.0166037986694165e-08,34,9,scale_free,cascade,8,94071962
35,True,-0.5636744254626889,0.6102813779181862,2.1367615202200194e-09,1.3522760388253743e-09,1.3522760375620284e-09,1.352276002543803e-09,1.3437514957551705e-08,35,9,scale_free,cascade,9,772216971
41,True,-0.46474609771842956,-0.019515309689362437,5.337470868040282e-09,3.6981956675655502e-09,3.6981956661008834e-09,3.6986230026949788e-09,1.3324339313303059e-08,41,9,scale_free,heterogeneous_cascade,0,889656421
33,True,-0.5448794335151236,-0.8604719183310444,1.390511262980077e-09,7.726355969218809e-10,7.726361696794958e-10,1.104897673078645e-09,1.3430293526646905e-08,33,9,scale_free,heterogeneous_cascade,1,657411807
33,True,-0.5680070197622509,-0.5707378616306704,8.82832450972278e-10,4.793543261177517e-10,4.793547127495439e-10,8.862384250451049e-10,1.2766770431387214e-08,33,9,scale_free,heterogeneous_cascade,2,395007239
43,True,-0.4223338470676314,-0.29385820164127846,6.960373484087811e-09,4.453834421621924e-09,4.453834422670532e-09,4.453691778698537e-09,1.4672455478886149e-08,43,9,scale_free,heterogeneous_cascade,3,160013797
36,True,-0.5286213300349083,0.004372955451881921,3.859755465300144e-09,2.4884582823187214e-09,2.488458269086523e-09,2.543700842262038e-09,9.306829004390703e-09,36,9,scale_free,heterogeneous_cascade,4,682581598
35,True,-0.5215983949699976,-0.6695453054932702,9.855802192039393e-10,5.618765877152334e-10,5.61875705492176e-10,9.638389216583532e-10,1.1345872569493683e-08,35,9,scale_free,heterogeneous_cascade,5,468797828
35,True,-0.5143528937838822,-0.8751896804838503,5.799885216541329e-10,4.189416295800145e-12,4.1894332024031855e-12,7.016611865377123e-10,1.0704564267250628e-08,35,9,scale_free,heterogeneous_cascade,6,149374156
36,True,-0.4947020535191162,-0.7261614894877866,1.5720281212820205e-09,5.357856802887481e-10,5.357851459291221e-10,1.7463729694734837e-09,1.5192751670100406e-08,36,9,scale_free,heterogeneous_cascade,7,359650347
38,True,-0.4820467374388574,0.11031027874256491,8.425765369883998e-10,1.7748047751163433e-12,1.7747814845513122e-12,1.0355398141190918e-09,2.099123555143864e-08,38,9,scale_free,heterogeneous_cascade,8,961549629
34,True,-0.5502990603523162,-0.5290200807195801,4.584947271773128e-10,1.5271239630824589e-12,1.5255579904150332e-12,5.192124847663575e-10,8.066545371047818e-09,34,9,scale_free,heterogeneous_cascade,9,265385583
262,True,-0.05740801532926075,-1.1156989997929334,1.1881798471958901e-07,6.026707898289798e-08,9.737958478553459e-08,3.623019047714365e-08,1.0125934743524531e-07,262,10,cycle_baseline,independent,0,178441761
265,True,-0.05639672692349463,-1.1286477309121536,1.0363912816392714e-07,5.404329516732638e-08,4.295854835518095e-08,8.014861720444761e-08,1.0980299489215082e-07,265,10,cycle_baseline,independent,1,681975417
252,True,-0.05930951365633359,-1.4314658214475453,7.142385148576324e-08,2.9760794751153203e-08,7.117541102973396e-08,1.076394545291618e-08,8.013259732189474e-08,252,10,cycle_baseline,independent,2,199541992
275,True,-0.054284357861466,-1.1020416553138337,9.855595559175121e-08,1.021198521818724e-07,3.171616557629721e-08,3.0899841572516475e-08,1.1998237806606348e-07,275,10,cycle_baseline,independent,3,919909000
278,True,-0.05584946909583182,-0.8025329604028044,7.768864040384894e-08,5.8420197688779515e-08,3.696320689511458e-08,3.734116797452065e-08,8.483795556351746e-08,278,10,cycle_baseline,independent,4,858982860
269,True,-0.05770940160391269,-0.8049423674832564,1.0947473943009911e-07,5.816078560383008e-08,9.446904414232705e-08,3.6063713939597248e-09,8.533242313352468e-08,269,10,cycle_baseline,independent,5,983530177
255,True,-0.06091070414592738,-0.8440094543574793,7.78144700491439e-08,2.2294622009795894e-08,4.78130723088512e-08,6.001784892164108e-08,7.921139097421357e-08,255,10,cycle_baseline,independent,6,912582743
261,True,-0.05844771329726776,-1.1352401538911805,9.927277133168232e-08,4.233381326365209e-08,4.190869962482405e-08,8.49533989358372e-08,7.897077839407627e-08,261,10,cycle_baseline,independent,7,243764255
259,True,-0.05885200618884521,-1.093708452998122,7.923902770635317e-08,4.518196204779004e-08,6.296557843191252e-08,2.0256365792172364e-08,8.468097485089376e-08,259,10,cycle_baseline,independent,8,212147407
266,True,-0.057214916632344064,-0.8852384243956145,1.2932693748347583e-07,6.678834792361548e-08,1.0456164804681288e-07,5.347836410841056e-08,1.0229071571566999e-07,266,10,cycle_baseline,independent,9,342639443
225,True,-0.0676594678117048,-1.1810195581222451,8.437216015910715e-08,5.233215095335578e-08,5.233215095335578e-08,5.233215095335578e-08,8.462873220685137e-08,225,10,cycle_baseline,cascade,0,469800888
232,True,-0.06704559680633526,-0.7249573858679973,7.30358154109895e-08,4.9448140617286714e-08,4.9448140617286714e-08,4.9448140617286714e-08,1.0025880307554652e-07,232,10,cycle_baseline,cascade,1,879995691
273,True,-0.057647601802345703,-0.2900830920431349,1.1090605017835705e-07,7.11622994141608e-08,7.11622994141608e-08,7.11622994141608e-08,1.1888192322011127e-07,273,10,cycle_baseline,cascade,2,733494904
242,True,-0.06222533846218607,-0.871024220133156,1.3177686725618503e-07,8.269929491668163e-08,8.269929491668163e-08,8.269929491668163e-08,1.2095820416546173e-07,242,10,cycle_baseline,cascade,3,644434704
228,True,-0.06631921757669093,-1.2528838316394304,7.794598840536571e-08,5.16390565665318e-08,5.16390565665318e-08,5.16390565665318e-08,8.336626953871165e-08,228,10,cycle_baseline,cascade,4,878365733
272,True,-0.058039543187992634,-0.4866544303975579,8.325069175770406e-08,5.445731436483866e-08,5.445731436483866e-08,5.445731436483866e-08,9.349755237726833e-08,272,10,cycle_baseline,cascade,5,645887385
256,True,-0.06141894463947179,-0.543909776304303,7.409448524977305e-08,4.757419980518746e-08,4.757419980518746e-08,4.757419980518746e-08,9.967774151706994e-08,256,10,cycle_baseline,cascade,6,379052694
266,True,-0.057541027584450025,-1.0554483995396726,7.480690424228001e-08,4.7650029872919524e-08,4.7650029872919524e-08,4.7650029872919524e-08,8.128414600348886e-08,266,10,cycle_baseline,cascade,7,517019486
261,True,-0.0542176104595969,-2.2064850821587325,8.050461039308731e-08,5.212461021492234e-08,5.212461021492234e-08,5.212461021492234e-08,7.86892141529274e-08,261,10,cycle_baseline,cascade,8,88772199
287,True,-0.05280952834291789,-1.1093928661170491,7.878315479354324e-08,4.945692484078773e-08,4.945692484078773e-08,4.945692484078773e-08,8.758770966081293e-08,287,10,cycle_baseline,cascade,9,741716410
289,True,-0.05392259102976925,-0.6745819152420207,8.731602592626676e-08,5.594669974212647e-08,5.5946699738652115e-08,5.594669975266117e-08,9.40172750510014e-08,289,10,cycle_baseline,heterogeneous_cascade,0,652775882
204,True,-0.06304241670213234,-2.8984118686031684,1.2587986683660145e-07,8.141103851653761e-08,8.141103854329011e-08,8.141103850746245e-08,1.5391704333555238e-07,204,10,cycle_baseline,heterogeneous_cascade,1,731135976
304,True,-0.04930633555596672,-1.2698956807434705,1.1353862924409386e-07,7.204477637179578e-08,7.20447763715463e-08,7.204477636947727e-08,8.996075867986114e-08,304,10,cycle_baseline,heterogeneous_cascade,2,533942489
245,True,-0.06405582533232324,-0.6870909396039834,8.323783951319952e-08,5.218746979964718e-08,5.218746979284779e-08,5.218746978127878e-08,7.93046655714883e-08,245,10,cycle_baseline,heterogeneous_cascade,3,782960129
269,True,-0.056311635129654425,-1.027287295297247,8.911254168212604e-08,5.69087385043229e-08,5.6908738513373725e-08,5.6908738499769476e-08,9.729843947434503e-08,269,10,cycle_baseline,heterogeneous_cascade,4,949750956
279,True,-0.054356726160125005,-1.1387655722637045,7.137993962871186e-08,4.651066257500295e-08,4.6510662572942936e-08,4.6510662572816794e-08,8.902963881538009e-08,279,10,cycle_baseline,heterogeneous_cascade,5,569933818
242,True,-0.05654467156048229,-2.636197559104162,7.814156540568944e-08,4.90647685659347e-08,4.906476856514548e-08,4.9064768565553247e-08,8.813820932298488e-08,242,10,cycle_baseline,heterogeneous_cascade,6,444383823
263,True,-0.0551438204086454,-1.777545082242316,7.638379653000056e-08,5.0199246764626936e-08,5.019924676777856e-08,5.0199246788830664e-08,9.244163213067081e-08,263,10,cycle_baseline,heterogeneous_cascade,7,104615096
263,True,-0.0592063417632,-0.5857763801038194,8.143601680658254e-08,5.437390380101526e-08,5.4373903799445326e-08,5.43739038091503e-08,1.0395055669744753e-07,263,10,cycle_baseline,heterogeneous_cascade,8,903973290
284,True,-0.055681880058349655,-0.4466447615134376,7.345730643754213e-08,4.79406276248432e-08,4.79406276248432e-08,4.7940627623323866e-08,9.701663625629056e-08,284,10,cycle_baseline,heterogeneous_cascade,9,699490137
74,True,-0.22052886532466986,-0.7469856307050492,5.308170701514334e-08,4.8329778420243563e-08,4.357141425555105e-08,5.755889663282229e-09,5.797488254992577e-08,74,10,random_strong,independent,0,865572539
51,True,-0.3460232340398425,0.48471407715585124,2.3991370185428368e-08,1.7496304374975415e-08,2.0617484798849753e-08,8.436274645797488e-09,2.213767294959008e-08,51,10,random_strong,independent,1,861199489
36,True,-0.5567064615962862,1.015624200977151,2.913963043990768e-09,2.8571223451114673e-09,7.333216624278584e-10,1.758980615799444e-09,8.712903204181728e-09,36,10,random_strong,independent,2,798097435
49,True,-0.389898032622201,0.7603406145182143,5.4336796545068444e-09,3.897555669466721e-09,3.6763639728929203e-09,1.6355693213904367e-09,1.6477640212825046e-08,49,10,random_strong,independent,3,502880514
47,True,-0.39992067193582115,0.5094933171364933,6.7114138217358895e-09,4.2490375440259065e-09,5.7646734152098166e-09,4.1312268514473934e-09,1.0542471145464162e-08,47,10,random_strong,independent,4,3245760
93,True,-0.18490633575102886,0.07197630152105522,2.398040134514983e-08,2.3518146144377222e-08,6.58003165145974e-09,1.1567523085220602e-08,4.547437842055302e-08,93,10,random_strong,independent,5,204397367
71,True,-0.24224649329321485,0.37030232148251735,5.4571277064172525e-08,5.13218447319459e-08,3.644373115196237e-08,2.8151040931713317e-08,4.1081267698590785e-08,71,10,random_strong,independent,6,431024593
69,True,-0.24510378691629525,-0.27641686922290726,2.2275820268253706e-08,2.4165950447059963e-08,5.761769200522498e-09,1.2917479267643492e-08,4.6781717719089865e-08,69,10,random_strong,independent,7,455807069
71,True,-0.21777208012289087,-1.1046474046469703,8.508743406339871e-08,8.847036397903859e-08,6.743266631959578e-09,4.708270052530085e-09,8.669637906274147e-08,71,10,random_strong,independent,8,23140094
64,True,-0.2682072132819864,-0.042825411334520974,3.1989680174775224e-08,2.4321890857642878e-08,2.7382119786628078e-08,1.733802972808667e-08,2.9616870179664e-08,64,10,random_strong,independent,9,210345556
69,True,-0.2584026469699245,0.4799259429413962,2.5243233898952257e-08,1.462254525803505e-08,1.7469409454540115e-08,2.041459653417033e-08,3.568316752707664e-08,69,10,random_strong,independent,10,979224633
71,True,-0.2480382188748483,0.0917955824492976,1.932845228727279e-08,1.7434036905812518e-08,3.3094870606219174e-09,1.3282059337354883e-08,2.8987324189441834e-08,71,10,random_strong,independent,11,988022373
63,True,-0.26679598897383905,-0.34477458480381856,2.4909561286882752e-08,9.970684626202009e-09,1.3838737576944428e-08,2.0164794624573104e-08,4.985131301792417e-08,63,10,random_strong,independent,12,377144680
50,True,-0.3677092682418341,0.35538388404351745,2.8401303478308426e-08,2.031578654152465e-08,2.6411619051288827e-08,8.465475883391121e-09,3.7621593976416803e-08,50,10,random_strong,independent,13,804985574
69,True,-0.23711106336121823,-0.6891041305106923,2.7753716657257816e-08,1.899013931024278e-08,2.0796539213908115e-08,2.814250122669627e-08,5.3746366923390825e-08,69,10,random_strong,independent,14,719312533
48,True,-0.37653961659293933,0.37225390763905636,1.1617119292763907e-08,2.0612731667191863e-09,5.92499711662581e-09,1.1937723687546515e-08,2.8327654229972085e-08,48,10,random_strong,independent,15,931268523
92,True,-0.17665386968231123,-0.6537083933957303,4.526182604484485e-08,1.9671270476935223e-08,2.341048648700342e-08,4.2529511780535736e-08,4.83700592621319e-08,92,10,random_strong,independent,16,887571088
58,True,-0.30537448983214543,-0.06261317823616722,1.4364292618937201e-08,1.0868726426095037e-08,9.139895596897104e-09,1.0185841524671259e-08,1.2570299943057556e-08,58,10,random_strong,independent,17,628741629
93,True,-0.16770803331146686,-0.7117769240236943,9.596571555629914e-08,9.53279663983495e-08,3.394334006616186e-08,5.272956828534974e-08,1.0216690040724006e-07,93,10,random_strong,independent,18,626658801
61,True,-0.2955599173953007,0.5272187884319715,1.876501917313819e-08,9.109269965477318e-09,1.728423667981725e-08,7.73737455171142e-09,1.8749870509968432e-08,61,10,random_strong,independent,19,319132488
56,True,-0.3101343750137678,-0.3298489143009948,1.6319223941504888e-08,1.4868282354889264e-08,9.610718002923306e-09,7.19020485919192e-09,2.8590652933581092e-08,56,10,random_strong,independent,20,348090588
500,False,-0.022375640511535413,-3.560452643990793,4.663526438436203e-06,5.0950256227293e-07,1.4504098389445487e-06,4.7434707524931165e-06,4.0236843437723645e-07,500,10,random_strong,independent,21,608741128
66,True,-0.2503177250704188,-0.7930004551680532,2.9673301622512317e-08,1.084902407247354e-08,1.2494782109341804e-08,3.361027249356613e-08,2.347656982958357e-08,66,10,random_strong,independent,22,571398757
171,True,-0.08903740792089847,-0.8156558249168852,1.420893386036751e-07,1.456123997770658e-07,1.8790353182713816e-08,1.1837550617600209e-08,1.0223398600164175e-07,171,10,random_strong,independent,23,580989373
64,True,-0.28546964357479665,1.4546721530085005,8.361754248253308e-08,6.520344341578772e-08,2.0277215867279846e-08,7.246335608850421e-08,7.504118908664958e-08,64,10,random_strong,independent,24,384675736
120,True,-0.1322887164997939,-0.8772265117223401,4.811478105536105e-08,2.8246115669235124e-08,2.9597710217442763e-08,2.8242078459606987e-08,6.342463231340889e-08,120,10,random_strong,independent,25,409139977
63,True,-0.2700497524965593,0.35319220109292393,1.7828499356616074e-08,8.609302075726463e-09,1.7398364904266446e-08,8.208151753279655e-09,3.0418321194104715e-08,63,10,random_strong,independent,26,10192054
88,True,-0.20038686511581882,-0.06340212586276066,4.710718354545043e-08,3.226651483050281e-08,1.0247847416062835e-08,4.2577216417540697e-08,4.932360923949547e-08,88,10,random_strong,independent,27,601774755
76,True,-0.22110269710201547,-0.49009507894347026,1.91468502171981e-08,9.411480847788517e-09,1.712261440536277e-08,5.951720567672246e-09,3.498492364186144e-08,76,10,random_strong,independent,28,575785106
69,True,-0.22609989200515226,-1.732227428976343,4.6000651347659466e-08,4.459935955443979e-08,2.0690682426358115e-08,9.343529037279334e-09,3.9610589409799094e-08,69,10,random_strong,independent,29,935381369
39,True,-0.44213564883277273,0.3081768144970479,3.6724557908273516e-08,2.915845821158942e-08,2.9158458193944326e-08,2.915845823104773e-08,9.898842912190842e-08,39,10,random_strong,cascade,0,504279558
46,True,-0.42589281231359205,1.7499758402593772,2.6467331101895262e-08,1.7386802157432143e-08,1.7386802157432143e-08,1.7386802158596992e-08,4.0486317015326804e-08,46,10,random_strong,cascade,1,467640256
173,True,-0.09110025624402024,-0.7921736004575891,7.43609347165867e-08,5.006919443931441e-08,5.006919443931441e-08,5.006919443931441e-08,6.347715496843001e-08,173,10,random_strong,cascade,2,67682416
53,True,-0.3434571415454907,0.4687369893691277,7.586342005437956e-09,5.498902272475105e-09,5.4989022749655455e-09,5.498902270348849e-09,2.8157437727606502e-08,53,10,random_strong,cascade,3,196742180
226,True,-0.06797609508356718,-0.8948513199109033,6.428197881372889e-08,4.180060943285244e-08,4.1800609431637345e-08,4.1800609431637345e-08,9.673576248251388e-08,226,10,random_strong,cascade,4,338037528
57,True,-0.29219554187836577,-0.6388274701717693,3.1044323278036014e-08,2.4958728075254442e-08,2.4958728075254442e-08,2.4958728075218198e-08,4.751204019500012e-08,57,10,random_strong,cascade,5,377205982
41,True,-0.47985624916631436,0.4059260897163743,4.4709630587051e-09,2.9866690642158694e-09,2.98666904943599e-09,2.986669038094776e-09,1.442927613206894e-08,41,10,random_strong,cascade,6,362685838
116,True,-0.12911996756851157,-1.0506562357888247,1.5952851535563312e-07,9.965745216833266e-08,9.965745216833266e-08,9.965745216833266e-08,9.49150030049088e-08,116,10,random_strong,cascade,7,394106982
88,True,-0.1651622578811952,-2.396528908708685,6.539897837083522e-08,4.683337825433245e-08,4.683337825433245e-08,4.683337825433245e-08,5.57351127932962e-08,88,10,random_strong,cascade,8,768917799
100,True,-0.1474104167653791,-1.8987188238097705,4.437196311788432e-08,2.7975767100308617e-08,2.7975767100308617e-08,2.7975767100308617e-08,7.18282297641997e-08,100,10,random_strong,cascade,9,131108692
37,True,-0.5435585003974294,0.9202900740355544,9.241403603711715e-10,6.105929644204413e-10,6.105929650312395e-10,6.105929624444167e-10,9.119255973380947e-09,37,10,random_strong,cascade,10,332259551
132,True,-0.12478438206921899,-0.33523177609839994,4.6083724599212517e-08,2.8510932841435758e-08,2.8510932841435758e-08,2.8510932841435758e-08,5.4041173794776626e-08,132,10,random_strong,cascade,11,162871500
47,True,-0.36776909539187697,-0.2653759485504262,7.92911333005573e-09,6.234388130334656e-09,6.234388130334656e-09,6.234388146689524e-09,3.194397350974391e-08,47,10,random_strong,cascade,12,307795533
52,True,-0.3343261811720927,-0.42377326984201297,1.7401888625057812e-08,1.1187596575230091e-08,1.1187596575230091e-08,1.11875965742298e-08,2.3696993356282464e-08,52,10,random_strong,cascade,13,684562073
69,True,-0.24816841584796206,0.2753591345044889,3.391678135298962e-08,2.494014745088431e-08,2.494014745088431e-08,2.4940147472035875e-08,5.632146790545373e-08,69,10,random_strong,cascade,14,339477754
83,True,-0.18661561024338444,-0.7451251795848419,7.449239250568285e-08,4.989886126737641e-08,4.989886126737641e-08,4.9898861272435516e-08,1.1614410790480053e-07,83,10,random_strong,cascade,15,23686422
191,True,-0.0846277676126163,-0.28989441273023214,5.280959151362388e-08,3.417425982227802e-08,3.417425982227802e-08,3.417425982227802e-08,7.827893164404342e-08,191,10,random_strong,cascade,16,954898391
114,True,-0.14205619176249645,-0.7556376726050911,4.073218247231558e-08,2.504355671517642e-08,2.504355671517642e-08,2.504355671517642e-08,4.126100780477764e-08,114,10,random_strong,cascade,17,727258993
68,True,-0.25508844830181715,-0.17777151153820722,1.4543010486555327e-08,9.747054605013105e-09,9.747054605013105e-09,9.74705460599334e-09,3.1039773158700896e-08,68,10,random_strong,cascade,18,243596745
48,True,-0.36065818943023087,-0.7629524675795256,6.641878343390807e-09,4.595482459906751e-09,4.595482459906751e-09,4.595482458573936e-09,1.8128176111195258e-08,48,10,random_strong,cascade,19,198197225
44,True,-0.3880043339770426,-0.5703411583697872,9.568735154848953e-09,6.664046600782814e-09,6.664046588705037e-09,6.6640465867291395e-09,3.426986365267369e-08,44,10,random_strong,cascade,20,472879873
59,True,-0.3123465853918064,1.1067342384484433,2.4004746411327296e-08,1.4946025024183907e-08,1.4946025024183907e-08,1.4946025027753427e-08,2.4458375215072892e-08,59,10,random_strong,cascade,21,753504562
48,True,-0.33093697857090315,-1.603085329997213,1.4614079160439705e-08,1.1189994470694688e-08,1.1189994470694688e-08,1.1189994484459167e-08,3.211568431571163e-08,48,10,random_strong,cascade,22,584210193
70,True,-0.24357022067614753,-0.05562183682742524,3.142529096014026e-08,1.999730531995401e-08,1.999730531995401e-08,1.9997305316639784e-08,4.454115099740467e-08,70,10,random_strong,cascade,23,881036051
79,True,-0.19810783000674045,-0.7418897098990592,8.955949772773921e-08,6.954691434886374e-08,6.954691434886374e-08,6.954691434886374e-08,9.138421811018275e-08,79,10,random_strong,cascade,24,343817709
118,True,-0.13597065375374043,-0.770766980750885,1.1134154729012327e-07,6.927173787189471e-08,6.927173787189471e-08,6.927173787189471e-08,5.702663974282753e-08,118,10,random_strong,cascade,25,278113356
78,True,-0.19479648848921724,-2.0758958474935945,5.1682564402881554e-08,4.225231059079975e-08,4.225231059079975e-08,4.225231059065884e-08,5.1002051921981746e-08,78,10,random_strong,cascade,26,478051685
43,True,-0.3949114426520707,-0.31114825144143127,1.2049428738779609e-08,7.95214210207541e-09,7.952142107519655e-09,7.952142092512493e-09,5.3363944198399875e-08,43,10,random_strong,cascade,27,202088101
66,True,-0.24911342826975771,-0.8509212998325936,2.595440795232756e-08,2.0937961772192126e-08,2.0937961772192126e-08,2.0937961771022192e-08,4.008564093838028e-08,66,10,random_strong,cascade,28,975644823
61,True,-0.2764025043915315,0.1427347429120443,2.4457932870466555e-08,1.62094122228496e-08,1.62094122228496e-08,1.6209412245406983e-08,8.200383053588403e-08,61,10,random_strong,cascade,29,185766134
83,True,-0.1981843963110093,-0.7581152452155293,4.709707323794701e-08,3.416605843972007e-08,3.41660584347457e-08,3.4166058444036345e-08,4.1019838092615086e-08,83,10,random_strong,heterogeneous_cascade,0,478866687
104,True,-0.16610911063794379,0.3045092232464759,2.468364198709359e-08,1.726035243227875e-08,1.7260352432341627e-08,1.7260352433376467e-08,4.576757552649764e-08,104,10,random_strong,heterogeneous_cascade,1,522012301
75,True,-0.227737581150107,-0.14379329291268794,1.552373439895113e-08,1.1684613491151852e-08,1.1684613493531717e-08,1.1684613317391953e-08,4.126941928639104e-08,75,10,random_strong,heterogeneous_cascade,2,57046360
65,True,-0.25833730814568445,-0.4931553416955104,2.091636683340989e-08,1.3699803778270565e-08,1.3699803776534706e-08,1.3699803854632964e-08,4.2920542874734416e-08,65,10,random_strong,heterogeneous_cascade,3,468416641
78,True,-0.2227131847780668,0.10797233170005646,2.06539029679662e-08,1.4263208957745335e-08,1.426320895795419e-08,1.4263208953955162e-08,3.869009881855167e-08,78,10,random_strong,heterogeneous_cascade,4,454702321
45,True,-0.40834786406682666,0.2210306434595265,8.386896897592925e-09,6.006302780861097e-09,6.006302772170842e-09,5.999496033282597e-09,2.341068963025743e-08,45,10,random_strong,heterogeneous_cascade,5,259439839
73,True,-0.22494392832149143,-0.06694241616845303,3.924659987397804e-08,2.893994469917442e-08,2.8939944709414563e-08,2.8939944703015537e-08,8.878077172516355e-08,73,10,random_strong,heterogeneous_cascade,6,127968317
76,True,-0.227205976652118,-0.30762837960901557,1.6181311481160746e-08,1.1417453622457827e-08,1.141745363255501e-08,1.141745363324056e-08,2.6805675907597938e-08,76,10,random_strong,heterogeneous_cascade,7,45173116
36,True,-0.49472743357118254,-0.04277700681927783,1.7507667495109842e-08,1.309567863312828e-08,1.309567838576569e-08,1.2715577827592357e-08,4.506107950797259e-08,36,10,random_strong,heterogeneous_cascade,8,8581715
58,True,-0.2792306580896641,-1.3231936396399766,2.6236277656122163e-08,1.772669085036585e-08,1.77266908600584e-08,1.772669059821573e-08,3.301614108920464e-08,58,10,random_strong,heterogeneous_cascade,9,481491340
52,True,-0.34860252514324186,0.9845599883829856,2.3982243027454817e-08,1.638340931890286e-08,1.6383409347430826e-08,1.6383263880126107e-08,6.263422613201207e-08,52,10,random_strong,heterogeneous_cascade,10,89841141
109,True,-0.13692129685112056,-1.0358533771730056,1.4478127513148177e-07,1.0096467705360213e-07,1.0096467702320145e-07,1.00964677038604e-07,1.2728115554153688e-07,109,10,random_strong,heterogeneous_cascade,11,959332347
53,True,-0.34486694278733454,1.1455213422131942,5.3457068236052874e-09,3.828642303031728e-09,3.828642306054918e-09,3.82868963562017e-09,1.2300252055757898e-08,53,10,random_strong,heterogeneous_cascade,12,244747162
58,True,-0.2966120350888289,-0.280985483763351,1.5308962812450262e-08,9.77287336973187e-09,9.772873369774594e-09,9.77287328666928e-09,3.217157412086513e-08,58,10,random_strong,heterogeneous_cascade,13,652519200
72,True,-0.1796654334948615,-3.4684566608684992,1.3820661575778058e-07,8.41413186259464e-08,8.414131862971116e-08,8.414131862055554e-08,9.057037541500788e-08,72,10,random_strong,heterogeneous_cascade,14,673488242
164,True,-0.09659417923117612,-0.6930044055871515,7.258702605121041e-08,4.737748541972688e-08,4.737748541972688e-08,4.737748541685377e-08,7.66144346683767e-08,164,10,random_strong,heterogeneous_cascade,15,495506556
80,True,-0.19840398848365956,-0.7757043157757609,6.133733486843925e-08,3.940481851277499e-08,3.9404818520771516e-08,3.940481850668862e-08,7.805380161650153e-08,80,10,random_strong,heterogeneous_cascade,16,110692073
113,True,-0.1217563547029561,-2.6958017102567173,1.5677693406614565e-07,1.0886802429598606e-07,1.0886802430578504e-07,1.0886802429996139e-07,8.099085380595803e-08,113,10,random_strong,heterogeneous_cascade,17,234031621
73,True,-0.2170072261780101,-1.3508567393076572,3.52587717029098e-08,2.2931266437724638e-08,2.2931266439107347e-08,2.2931266438102772e-08,3.981003885203253e-08,73,10,random_strong,heterogeneous_cascade,18,252436290
145,True,-0.11100925721727344,-0.6286316552549188,5.4365831246191404e-08,3.54425360482122e-08,3.5442536061707084e-08,3.54425360482122e-08,5.742351977909251e-08,145,10,random_strong,heterogeneous_cascade,19,294773949
61,True,-0.2639744381296251,-0.9935830753576612,4.920089782256973e-08,3.1807933483881744e-08,3.1807933478678864e-08,3.1807950822258306e-08,5.0746504968643795e-08,61,10,random_strong,heterogeneous_cascade,20,312687226
61,True,-0.2893132210280068,-0.1023194108163952,1.140113823389226e-08,9.107540335790054e-09,9.107540329339473e-09,9.107540334755413e-09,2.570726339105373e-08,61,10,random_strong,heterogeneous_cascade,21,764803552
85,True,-0.20452240547256467,0.21481760128653926,2.5324448417754283e-08,1.832349131407347e-08,1.8323491313864292e-08,1.8323491310183994e-08,3.8185030878977515e-08,85,10,random_strong,heterogeneous_cascade,22,301626548
107,True,-0.15764077364960957,-0.11097175557556535,4.384955059334628e-08,2.9677238639897685e-08,2.9677238648290786e-08,2.9677238658915964e-08,5.1131159166874144e-08,107,10,random_strong,heterogeneous_cascade,23,876710797
72,True,-0.22824945543974487,-0.7605242779328979,1.8354193708492254e-08,1.3698669057766872e-08,1.3698669056619068e-08,1.3698669060923238e-08,4.54041422634363e-08,72,10,random_strong,heterogeneous_cascade,24,772674097
49,True,-0.38503670669667556,0.8246955644346418,1.0661117811510327e-08,6.999076115827992e-09,6.9990761157455995e-09,6.999078297935343e-09,2.2759894576040203e-08,49,10,random_strong,heterogeneous_cascade,25,901641853
79,True,-0.19792135036805672,-1.569282663430976,1.6807705626980778e-08,1.1419587284500695e-08,1.141958728351407e-08,1.1419587282551156e-08,3.9858801528138806e-08,79,10,random_strong,heterogeneous_cascade,26,105224623
64,True,-0.2532656351335087,-0.9793545023412747,3.33188826397532e-08,2.554966607352303e-08,2.5549666074832495e-08,2.5549666085542317e-08,3.2592987969618565e-08,64,10,random_strong,heterogeneous_cascade,27,984568608
51,True,-0.33602198014213086,0.8325723776899323,7.605211555054946e-08,5.4711023138400694e-08,5.4711023133967575e-08,5.4711020975180204e-08,6.743811218366621e-08,51,10,random_strong,heterogeneous_cascade,28,613962850
54,True,-0.3184244233718806,0.45908712503257953,5.0440124080938796e-08,3.8441489142256993e-08,3.844148914027405e-08,3.844148883470808e-08,7.548953415428364e-08,54,10,random_strong,heterogeneous_cascade,29,982366682
29,True,-0.7155617071842705,0.5144370769558656,7.468367947903167e-10,1.4972946850676702e-10,4.455457837304997e-10,7.437791150697516e-10,3.062891054774393e-09,29,10,small_world,independent,0,354842286
32,True,-0.6123176588845569,0.20736877567459816,1.3832090752661585e-09,9.350545530937018e-10,1.016765448163308e-09,6.373801598902264e-10,6.994148522546216e-09,32,10,small_world,independent,1,952999132
28,True,-0.7426548046591201,0.7872526796119464,5.918108949327714e-10,3.209039428081766e-10,5.72163228027076e-10,1.7521915690966564e-10,4.510553963859205e-09,28,10,small_world,independent,2,588605624
23,True,-0.9751385663479792,1.1527947908752354,2.580770176946997e-10,2.5453958581977724e-10,1.4964010060096242e-10,4.1120764069611634e-11,2.2884946799639424e-09,23,10,small_world,independent,3,71822140
36,True,-0.5426897593914418,0.5067088457519084,1.510154197087373e-09,1.4597698838256838e-09,4.697217716113695e-10,5.350298339318089e-10,9.666700558173555e-09,36,10,small_world,independent,4,410124477
33,True,-0.6097523554500064,0.8488036727693651,1.1462681347814983e-09,1.9840360207034298e-10,2.1649335557230473e-10,1.2784380668208563e-09,7.660741314593063e-09,33,10,small_world,independent,5,137793535
37,True,-0.5039848799904137,0.13498194122942667,3.103543832631392e-09,2.1461518196354945e-09,4.94836297663766e-10,2.3996369082195288e-09,1.533422875467648e-08,37,10,small_world,independent,6,941279706
42,True,-0.4427225455131345,0.22893885961242233,4.004500620201233e-09,1.4783395180927198e-09,2.8455598325601076e-09,2.7314017885923427e-09,1.611440937869784e-08,42,10,small_world,independent,7,304466526
32,True,-0.6158079149049351,0.43924766659677933,1.4571406172633441e-09,1.245629725856688e-09,1.0098321360075824e-09,2.1130572009121042e-10,7.555796505103729e-09,32,10,small_world,independent,8,222361159
37,True,-0.5276239032141724,0.5506612448691567,1.6095608464204646e-09,1.4556348203474233e-09,2.37457301350607e-10,8.951555915215041e-10,9.721347398909013e-09,37,10,small_world,independent,9,425161479
35,True,-0.5604916693896836,0.740462429923018,2.1413822185989954e-09,8.934916137287866e-10,1.2035128144991987e-09,1.6111565846418507e-09,1.1085473038199927e-08,35,10,small_world,independent,10,96977888
39,True,-0.5045567729831282,0.9142310336722502,2.0789602577894698e-09,8.886929289244429e-10,9.831391450664263e-10,1.8097372659571205e-09,1.1431950796405568e-08,39,10,small_world,independent,11,816494096
34,True,-0.5703822270798473,0.11581489792016514,1.3576206509634908e-09,4.1240471496826657e-10,7.763516000455507e-10,1.1025879030194667e-09,7.161387625140133e-09,34,10,small_world,independent,12,845796957
35,True,-0.5648592322530183,0.3786467931799924,1.2515292834888987e-09,3.705238906238825e-10,9.511717436604591e-10,8.238184849307371e-10,6.759150182907473e-09,35,10,small_world,independent,13,742962190
28,True,-0.7301559810665443,0.7131263838132431,1.0990184358320986e-09,8.30023364317852e-10,7.903659083744715e-10,3.0282664200618963e-10,5.643267714309832e-09,28,10,small_world,independent,14,616756178
27,True,-0.7409328632725205,0.06392289069135867,6.17951012938454e-10,3.901313590823301e-11,3.5110475523482845e-10,6.272091073828339e-10,4.796833338449682e-09,27,10,small_world,independent,15,402557704
39,True,-0.4952879956797081,0.5178074112799713,2.4034637514268744e-09,1.1435605297637984e-09,2.183353672975216e-09,6.909449696950614e-10,1.1246856717759972e-08,39,10,small_world,independent,16,542364402
31,True,-0.6405133017170878,0.35521493349722677,1.116155741132649e-09,3.891506262976583e-10,9.690790808941036e-10,6.881945910982308e-10,5.6885376163400526e-09,31,10,small_world,independent,17,520996412
36,True,-0.5334993217246429,0.11907405005442655,1.5704770981084928e-09,3.851654018433566e-10,1.2155795890175986e-09,1.1622263328673087e-09,8.658257743572242e-09,36,10,small_world,independent,18,165311323
31,True,-0.6158419642599485,0.12145918950872547,1.986695932533459e-09,1.093270654967778e-09,1.22099882942561e-09,1.2927471490278914e-09,1.0618549666363572e-08,31,10,small_world,independent,19,81813244
35,True,-0.5516923263124135,0.4104654590449275,1.2108622618906506e-09,7.810252501393065e-10,7.810252503342317e-10,7.8102522850537e-10,1.195755889638629e-08,35,10,small_world,cascade,0,253255474
35,True,-0.5570723671205474,0.3895751353795314,1.0668079947463718e-09,7.624652791906502e-10,7.624652791906502e-10,7.624652489734545e-10,9.454089773352463e-09,35,10,small_world,cascade,1,454333499
35,True,-0.5109632491377722,-0.1180747051877709,7.60252271922316e-12,4.947876654613977e-12,4.947862048050336e-12,4.947853064488443e-12,2.5373963636033855e-08,35,10,small_world,cascade,2,160312024
35,True,-0.5136191773471424,-0.9819100852386929,2.1680282637970004e-13,1.4809450052956404e-13,1.480945684467844e-13,1.4809658306089977e-13,1.005473529871604e-08,35,10,small_world,cascade,3,106667539
37,True,-0.5061557049557784,-0.01270602812568177,2.184217295940691e-09,1.376774929884307e-09,1.376774930357424e-09,1.376774929068596e-09,1.210919897197988e-08,37,10,small_world,cascade,4,851933157
35,True,-0.5360339073163944,0.32436970877515026,1.888008544941878e-09,1.2471501249393836e-09,1.2471501126695658e-09,1.2471501267386634e-09,1.828502387680518e-08,35,10,small_world,cascade,5,374996733
36,True,-0.5352986932153228,0.48428865347957883,2.0343791604573173e-09,1.2935038528495476e-09,1.2935038535857315e-09,1.2935038380865065e-09,1.1596487129266406e-08,36,10,small_world,cascade,6,584227859
42,True,-0.4578916744575844,0.8871986140708074,2.645776587005313e-09,1.9069244388684093e-09,1.9069244388684093e-09,1.9069244400617306e-09,1.7347200305973527e-08,42,10,small_world,cascade,7,735129427
31,True,-0.6348420113344858,-0.34928137516964536,3.3295851333291606e-11,2.0929879794226765e-11,2.0929884618576842e-11,2.0929879393873038e-11,1.0661232143544197e-08,31,10,small_world,cascade,8,739812157
33,True,-0.574273268299575,-0.4719168581104768,3.589786598718648e-10,2.2582188213834235e-10,2.258218800030732e-10,2.2582186951539387e-10,9.794708243109413e-09,33,10,small_world,cascade,9,296032862
37,True,-0.5184101315629909,0.45850454502747995,2.4532053110500996e-09,1.559590357569859e-09,1.5595903564222858e-09,1.556301775630241e-09,1.198296808566388e-08,37,10,small_world,heterogeneous_cascade,0,847907395
36,True,-0.5021196216329282,-0.5251857972820233,5.412482977300703e-10,1.9145413180464605e-10,1.9145413034425671e-10,5.148548134512409e-10,1.4695219279101996e-08,36,10,small_world,heterogeneous_cascade,1,371252636
38,True,-0.4939825710789863,0.1315924722236099,2.9723705279486684e-09,1.8495086804475466e-09,1.8495086784732656e-09,1.8994522339162013e-09,1.263280679210507e-08,38,10,small_world,heterogeneous_cascade,2,835206303
34,True,-0.5606296564312695,0.028359864826497008,6.303530203415553e-10,2.570996096580487e-10,2.570996048483275e-10,5.840308078829277e-10,1.3923448339906843e-08,34,10,small_world,heterogeneous_cascade,3,404854964
31,True,-0.6273679490531489,0.1795223270623314,1.2996695124581374e-09,8.9639926576987e-10,8.963994173019127e-10,9.040344487493084e-10,7.79232958519922e-09,31,10,small_world,heterogeneous_cascade,4,110994121
41,True,-0.45209210304725783,0.4568237629533957,3.7239663949346495e-09,2.4281848023705835e-09,2.4281848145440976e-09,2.4294984001089346e-09,2.23294401399206e-08,41,10,small_world,heterogeneous_cascade,5,760014971
37,True,-0.49027626044901634,-0.662023639255874,4.4168532279847934e-10,1.587488657884715e-11,1.587488469409123e-11,5.959721025814746e-10,1.2707949145371815e-08,37,10,small_world,heterogeneous_cascade,6,30161328
35,True,-0.5614817423682428,0.5529771526317914,1.5617031362467056e-09,9.991878153701478e-10,9.99187814061926e-10,1.001305342742842e-09,8.593509948822559e-09,35,10,small_world,heterogeneous_cascade,7,772352987
38,True,-0.5230762807340843,0.7868181573305357,1.267876666860561e-09,8.600741445935644e-10,8.60074146380607e-10,8.724128004657582e-10,9.386621424440342e-09,38,10,small_world,heterogeneous_cascade,8,43162636
36,True,-0.5395872719922022,0.6856941813924842,2.1705034703487777e-09,1.327741597548398e-09,1.327741598890205e-09,1.4298577619864583e-09,1.3603704426343524e-08,36,10,small_world,heterogeneous_cascade,9,206813527
27,True,-0.7336269454060778,0.11899581884045599,1.1976849236094786e-09,1.1984832918262903e-09,1.349947508084919e-10,8.679813029391867e-10,5.316026120778024e-09,27,10,scale_free,independent,0,603364663
29,True,-0.7328453826688157,1.4420094032383182,1.0884498931804354e-09,8.366687048548945e-10,8.829917797693434e-10,3.051608456926773e-10,4.335542971969671e-09,29,10,scale_free,independent,1,941538856
48,True,-0.3438164163022362,-1.3352351093727521,1.7736547691418254e-08,1.4952887382532194e-08,1.1553346928604322e-08,4.155452841152904e-09,2.524401382837858e-08,48,10,scale_free,independent,2,408477711
43,True,-0.3975016530594793,-0.6980208443434117,1.2357759278476168e-08,8.913644685261698e-09,8.908232821519007e-09,5.619904248582441e-09,2.794780490811252e-08,43,10,scale_free,independent,3,120655337
54,True,-0.3031554387946681,-1.1488830535746932,2.1131419416157164e-08,7.24342379818291e-09,2.274331826318613e-08,8.221817900101474e-09,3.3342645941417186e-08,54,10,scale_free,independent,4,232909046
31,True,-0.6261366674706048,-0.01908805326097973,2.0320932621326253e-09,2.883142892467683e-10,1.6958623447759368e-09,1.3160763869091579e-09,7.830306605153006e-09,31,10,scale_free,independent,5,896122082
31,True,-0.6382733163981725,0.1205199191060263,1.7768255756958407e-09,1.4790316766492914e-09,6.016413433033669e-10,9.398140247827436e-10,5.504744858850582e-09,31,10,scale_free,independent,6,726735802
43,True,-0.4023660718898805,-0.9939006567607972,9.557970484635296e-09,8.948147131586471e-09,5.06258866270036e-09,2.825673343872995e-09,1.682633840984255e-08,43,10,scale_free,independent,7,100395645
55,True,-0.29126649077205674,-1.0263760522354923,3.3332473777523166e-08,1.5325956139476687e-08,1.2496776886850099e-08,3.5084811269394463e-08,5.290494772248374e-08,55,10,scale_free,independent,8,384897235
38,True,-0.4712894995945318,-0.4145847307400029,7.761099850325355e-09,1.0129213068100364e-09,8.688230527510448e-09,1.6130433839850576e-09,1.7641698353136393e-08,38,10,scale_free,independent,9,177831972
24,True,-0.9177700809444533,1.476961766854776,1.1969208201006178e-09,9.32994249367018e-10,3.237310561518734e-10,1.0099200658530796e-09,5.912063901710766e-09,24,10,scale_free,independent,10,617711639
31,True,-0.6000234788896301,-0.9547636287143187,1.8137165676477912e-09,1.6483228797069874e-09,8.731142544551001e-10,1.2476422418537975e-09,5.865143914288364e-09,31,10,scale_free,independent,11,179492072
49,True,-0.33927895997951,-0.4490632935956581,2.424171244544811e-08,2.5611297389619205e-09,2.769842344534883e-08,9.930424563612024e-09,5.3986140466169634e-08,49,10,scale_free,independent,12,650695106
33,True,-0.5908417432122679,0.5412111920473704,2.9953649417931803e-09,3.3690556707334957e-09,4.97724937840491e-10,1.726649178676307e-10,1.0028269303416438e-08,33,10,scale_free,independent,13,413567931
62,True,-0.24498537150153496,-1.5437826409832915,5.8683833762048134e-08,4.10788030124603e-08,5.1378572630723155e-08,1.1200034350139373e-08,6.915100034566435e-08,62,10,scale_free,independent,14,61476717
25,True,-0.8599596087504989,0.6246277420924797,3.273174864247698e-10,2.577154655109654e-10,2.613358046484588e-10,1.2568085611503903e-10,1.9697520083010283e-09,25,10,scale_free,independent,15,449859299
33,True,-0.568030263913938,-0.3892966206938058,2.3745746293581477e-09,2.616575348797744e-09,9.73237663653841e-10,5.703826014105755e-10,7.839818488335997e-09,33,10,scale_free,independent,16,185231868
36,True,-0.5167638576832401,-0.31087227722059935,3.880420667562209e-09,6.288068209788072e-10,2.6213040892462576e-09,3.816496469055103e-09,1.0343532448090974e-08,36,10,scale_free,independent,17,245258972
46,True,-0.3650082075813027,-1.0584416749120875,1.2294001644976523e-08,8.573917208071544e-09,1.2735090633571283e-08,3.708746193921706e-09,2.5645348466169364e-08,46,10,scale_free,independent,18,878997948
33,True,-0.6085726331585392,1.1565873415981522,1.7276421532778993e-09,1.231162806970503e-09,1.5378235204019282e-09,8.282654457101343e-10,7.017209983194491e-09,33,10,scale_free,independent,19,710245201
33,True,-0.5905444884328008,0.3190621033902759,2.7650760489451467e-09,1.5687900685404452e-09,2.270887375083752e-09,2.3686831338884985e-09,9.446960034847202e-09,33,10,scale_free,independent,20,134091403
39,True,-0.4660012714577207,-0.459509752885755,4.452984016505092e-09,3.425693424465814e-09,3.760072093201589e-09,2.7651340720567896e-09,1.2101395530243984e-08,39,10,scale_free,independent,21,851334649
35,True,-0.5227824446045649,-0.6818212648062207,3.4712114960124093e-09,1.0527836018562613e-11,3.285600589992922e-09,2.0777163790401815e-09,9.42491205618251e-09,35,10,scale_free,independent,22,874575139
41,True,-0.4237849014918364,-0.40665441614395514,1.6192151947852436e-08,3.4300107278098503e-09,1.66052429648048e-08,3.159951430421489e-09,3.0483446172375134e-08,41,10,scale_free,independent,23,747075402
40,True,-0.4655244140677835,-0.10883051301323886,4.137052817721676e-09,3.746384573417013e-09,3.2885485838125582e-09,1.945487512068587e-09,1.1735017282620443e-08,40,10,scale_free,independent,24,339322145
36,True,-0.5025769916367723,-0.5775863112655777,6.017909305127263e-09,1.237584512033161e-09,6.42800199206851e-09,3.881339166668812e-09,1.5089169641480168e-08,36,10,scale_free,independent,25,530850394
37,True,-0.4895374898764157,-0.48838814997584784,5.203378062784659e-09,2.043050418301653e-09,5.988700206151038e-09,1.409509023578309e-09,1.3505697186624041e-08,37,10,scale_free,independent,26,719941521
27,True,-0.8142536038453403,1.4353152456659128,4.02149232208788e-10,3.741016623278047e-10,3.529443165430389e-11,3.2017151285384704e-10,2.745135181115646e-09,27,10,scale_free,independent,27,248406403
29,True,-0.6772309234745066,-0.3992751998081166,7.180201619484193e-10,3.310570260938811e-10,5.03159413359104e-10,7.092353729137428e-10,3.2530164710339044e-09,29,10,scale_free,independent,28,333088381
39,True,-0.4682723431448416,-0.29971241735448556,5.964823537623885e-09,9.903613730488914e-10,5.579186709951531e-09,3.6673799112425043e-09,1.3905523092789823e-08,39,10,scale_free,independent,29,244796501
39,True,-0.44000638872635384,-1.4384494138940205,1.0172643440564236e-08,6.690944874514037e-09,6.690944863279611e-09,6.690944653257038e-09,2.0547846272980386e-08,39,10,scale_free,cascade,0,161254062
38,True,-0.5084890304227591,0.6923081017944382,2.7530058797371717e-09,1.7627481400943082e-09,1.7627481403039553e-09,1.7627481389910571e-09,1.1602993390624254e-08,38,10,scale_free,cascade,1,36546443
31,True,-0.5763582070174553,-1.3146855375292243,2.0075105483045853e-11,1.3897774602460138e-11,1.3897780214880057e-11,1.3897775380250212e-11,1.5114477033062044e-08,31,10,scale_free,cascade,2,940019010
37,True,-0.5060831573275566,-0.3013226118428481,3.170146993229033e-09,2.004358905230215e-09,2.0043589070013232e-09,2.0043588727328112e-09,9.12733198113384e-09,37,10,scale_free,cascade,3,74315445
36,True,-0.5122492443066827,-0.5368433623157273,3.436596087869286e-10,2.1888198645027222e-10,2.18881986507241e-10,2.1888198985228873e-10,9.626365824956317e-09,36,10,scale_free,cascade,4,887988828
38,True,-0.5032511682091961,-0.14946882054097432,2.301262998702015e-09,1.5985625038548104e-09,1.598562504059223e-09,1.5985624918708646e-09,8.754263821911195e-09,38,10,scale_free,cascade,5,3077859
35,True,-0.5269507780543597,-0.3693563081925229,3.9296781869598635e-09,2.6327353656542602e-09,2.6327353652962887e-09,2.6327352991730844e-09,1.2310272077412015e-08,35,10,scale_free,cascade,6,777358713
34,True,-0.572620283579525,0.3626254611460224,1.0081929624436338e-09,7.77802703749609e-10,7.778026976244359e-10,7.778026513947072e-10,3.787298084112701e-09,34,10,scale_free,cascade,7,517661521
38,True,-0.5009897274382695,0.5008809250029951,5.7869998225351866e-09,4.086688618219525e-09,4.086688616090351e-09,4.086688591825863e-09,1.4622908222811102e-08,38,10,scale_free,cascade,8,282220885
34,True,-0.5119574265459184,-1.1806969985025844,1.2394133898915129e-11,8.311952884517904e-12,8.311959656505065e-12,8.311952525336414e-12,1.4239500826697807e-08,34,10,scale_free,cascade,9,490607915
35,True,-0.528691162707228,-0.22859996322963122,3.718882976133271e-10,8.480042446518725e-11,8.480041789499165e-11,4.5113114461280147e-10,1.2491385880679203e-08,35,10,scale_free,heterogeneous_cascade,0,451561992
37,True,-0.4798742704848196,-0.7654592229457409,4.61673489314328e-09,4.114581496770353e-09,4.114581487740043e-09,4.1061919541774685e-09,1.4717169767888389e-08,37,10,scale_free,heterogeneous_cascade,1,529745666
37,True,-0.48502822649122196,-0.9617022894846514,4.58736205444391e-10,3.837757999708254e-13,3.837893386237114e-13,5.578269354196284e-10,1.0583608452672595e-08,37,10,scale_free,heterogeneous_cascade,2,393282796
37,True,-0.4741146692394187,-0.9359140210305024,3.3374006692242315e-09,2.259614236294483e-09,2.25961415678192e-09,2.1201254419908204e-09,1.590255895478693e-08,37,10,scale_free,heterogeneous_cascade,3,536568013
35,True,-0.5375431180765988,-0.24329776756616514,6.637328357955548e-10,3.0087671579880237e-10,3.0087649977774445e-10,5.426360317102796e-10,1.308349995297093e-08,35,10,scale_free,heterogeneous_cascade,4,825458349
36,True,-0.48445459083824205,-0.7790878523854481,7.659922585332446e-09,5.260729869501874e-09,5.260729272286045e-09,5.2988153581869125e-09,2.0180054975418535e-08,36,10,scale_free,heterogeneous_cascade,5,434563084
35,True,-0.5514259005008438,0.20110688208508798,2.305770666837391e-09,1.3887934532074414e-09,1.3887939613876314e-09,1.6874795891238121e-09,1.0145129178533759e-08,35,10,scale_free,heterogeneous_cascade,6,361375237
32,True,-0.6197117088954491,-0.04243215607152889,3.011696786029999e-10,3.558892779698959e-11,3.513989959602858e-11,3.3932613892073426e-10,7.797853541940265e-09,32,10,scale_free,heterogeneous_cascade,7,131754832
45,True,-0.39797471483885033,0.2581129430946282,1.1984206382676426e-08,8.31390877501246e-09,8.313908756100856e-09,6.988932040200793e-09,3.217787643343839e-08,45,10,scale_free,heterogeneous_cascade,8,359717861
40,True,-0.45300045351220214,-0.5985660561784906,6.454201916297219e-10,1.665071802726803e-12,1.6650711341773057e-12,8.744260765343392e-10,1.1741397260407996e-08,40,10,scale_free,heterogeneous_cascade,9,125663852
303,True,-0.05045155022644996,-1.097287997244174,9.426944107651e-08,2.8721153531074364e-08,7.733705374427143e-08,5.657916260709181e-08,7.648192917866563e-08,303,11,cycle_baseline,independent,0,182502751
349,True,-0.045265303944935234,-0.4787794751269659,7.616112158381515e-08,5.6501545004205376e-08,1.680689252317724e-08,4.889449861982781e-08,9.040366212796659e-08,349,11,cycle_baseline,independent,1,952249715
336,True,-0.04610248328293507,-0.7546120348130877,9.700649549847919e-08,5.3214654423162995e-08,7.648535895721546e-08,3.2705208741916695e-08,9.164870548862864e-08,336,11,cycle_baseline,independent,2,89414501
307,True,-0.05036208935551514,-0.8603486021634504,1.11806343671796e-07,8.350520634504771e-08,5.683301874933034e-08,4.943849620276407e-08,8.478668146334876e-08,307,11,cycle_baseline,independent,3,482030759
299,True,-0.05045393624408921,-0.8213872333483271,1.4287622889363317e-07,1.352942419335554e-07,3.5042060827848865e-08,5.003195039430877e-08,1.2751051323518022e-07,299,11,cycle_baseline,independent,4,834300334
273,True,-0.05684189001901884,-0.8119846597622314,9.102220868580703e-08,7.777400194108895e-08,2.784187131329906e-08,4.629237083315757e-08,8.739780924167639e-08,273,11,cycle_baseline,independent,5,953205524
324,True,-0.04730610551200623,-0.9599491497629892,8.810110955662969e-08,8.080695686009826e-08,4.23499244140348e-08,2.1660824088743e-08,8.859450537885944e-08,324,11,cycle_baseline,independent,6,146713864
247,True,-0.05879618325843074,-1.3352133522953908,1.2553920376734294e-07,7.24952170936508e-08,8.159483074889663e-08,7.081117670852011e-08,1.4538728901678964e-07,247,11,cycle_baseline,independent,7,163576877
343,True,-0.04530318384732893,-0.7808629744172304,8.768220578391476e-08,4.443225819825812e-08,4.1249034897426364e-08,7.306065947880357e-08,8.2870205456939e-08,343,11,cycle_baseline,independent,8,372596883
330,True,-0.04404714068715629,-1.6252899873354714,9.761470242002516e-08,6.407212265683023e-08,2.695992619505557e-08,6.935788073986645e-08,1.0158056254666061e-07,330,11,cycle_baseline,independent,9,554416551
333,True,-0.045215042932791535,-1.2370344643630333,8.826198389036782e-08,5.7449533330482367e-08,5.7449533330482367e-08,5.7449533330482367e-08,8.91560973821092e-08,333,11,cycle_baseline,cascade,0,959807611
315,True,-0.048246425673268666,-1.1264309941342767,7.45854613509042e-08,4.812865837655777e-08,4.812865837655777e-08,4.812865837655777e-08,8.265976037792662e-08,315,11,cycle_baseline,cascade,1,207717253
342,True,-0.04486324774422101,-0.8988043445985503,7.48867619721978e-08,4.9266150896662216e-08,4.9266150896662216e-08,4.9266150896662216e-08,9.408287071778945e-08,342,11,cycle_baseline,cascade,2,164395093
348,True,-0.04524531388406151,-0.5410343188281392,7.823651424334795e-08,5.1449125947084006e-08,5.1449125947084006e-08,5.1449125947084006e-08,8.665359712003853e-08,348,11,cycle_baseline,cascade,3,253184606
281,True,-0.0506426582835789,-1.7086424244601761,1.342490183835789e-07,8.494321909666518e-08,8.494321909666518e-08,8.494321909666518e-08,1.2093988385415736e-07,281,11,cycle_baseline,cascade,4,874319434
267,True,-0.053509747448673914,-2.0465938344077874,7.621167344945082e-08,4.793406317990281e-08,4.793406317990281e-08,4.793406317990281e-08,8.433988634750627e-08,267,11,cycle_baseline,cascade,5,30054578
305,True,-0.05020882216489252,-0.9708813081673902,1.01614030740797e-07,6.274937531294576e-08,6.274937531294576e-08,6.274937531294576e-08,8.424311186802025e-08,305,11,cycle_baseline,cascade,6,380133519
350,True,-0.04565798738663901,-0.33853055221629186,8.732713069212389e-08,5.532557025820812e-08,5.532557025820812e-08,5.532557025820812e-08,8.240153566405162e-08,350,11,cycle_baseline,cascade,7,118953310
334,True,-0.045906970530139195,-0.9173229871074797,9.653408062997085e-08,6.14656955464861e-08,6.14656955464861e-08,6.14656955464861e-08,9.386051771860613e-08,334,11,cycle_baseline,cascade,8,157072905
319,True,-0.0475364527994919,-1.0934338246110946,9.057764966367639e-08,5.814219419068927e-08,5.814219419068927e-08,5.814219419068927e-08,8.988946855137546e-08,319,11,cycle_baseline,cascade,9,916848407
288,True,-0.05175266058408429,-1.4086214686168226,8.189926074181352e-08,5.305867736744816e-08,5.305867736729324e-08,5.3058677365240294e-08,8.386269700221972e-08,288,11,cycle_baseline,heterogeneous_cascade,0,1661569
321,True,-0.044097048018463994,-1.7411858404523333,1.1411833876035388e-07,7.436494658933264e-08,7.436494658562155e-08,7.436494658554384e-08,1.327873015379235e-07,321,11,cycle_baseline,heterogeneous_cascade,1,321532991
302,True,-0.05012257503611691,-0.8055100197161392,1.0715520175237921e-07,6.920730430863485e-08,6.920730430894346e-08,6.920730431118229e-08,1.262386807875206e-07,302,11,cycle_baseline,heterogeneous_cascade,2,915424468
295,True,-0.04805005738354368,-1.3859383970637886,1.634125035808516e-07,1.073976416403808e-07,1.0739764164975939e-07,1.0739764164280007e-07,1.9557256525482794e-07,295,11,cycle_baseline,heterogeneous_cascade,3,608129211
298,True,-0.0522803958605818,-0.7641241239989127,8.327892814015395e-08,5.521007425764238e-08,5.5210074261999017e-08,5.521007424707666e-08,8.021719764707227e-08,298,11,cycle_baseline,heterogeneous_cascade,4,465014131
345,True,-0.04486841773980592,-0.816229141929566,7.878480367927151e-08,4.936537453826081e-08,4.9365374536928586e-08,4.936537453879517e-08,8.5969323591975e-08,345,11,cycle_baseline,heterogeneous_cascade,5,970945980
354,True,-0.04432709063055039,-0.6089517350237047,8.353223158001766e-08,5.421969557240767e-08,5.4219695569966224e-08,5.4219695574204426e-08,8.386330647256947e-08,354,11,cycle_baseline,heterogeneous_cascade,6,528631294
275,True,-0.053094479013302644,-1.328922071692013,1.6110156248024622e-07,1.0204791995008898e-07,1.0204791996287264e-07,1.0204791991196911e-07,1.2149362427603645e-07,275,11,cycle_baseline,heterogeneous_cascade,7,531886091
292,True,-0.0482588799851642,-1.7426777392619959,1.5781670263720086e-07,1.012712587700179e-07,1.0127125877099934e-07,1.0127125876905186e-07,1.3441616108030852e-07,292,11,cycle_baseline,heterogeneous_cascade,8,660447125
307,True,-0.047060912609581014,-1.511804386911833,1.131264141353679e-07,7.227500919756159e-08,7.22750092218218e-08,7.227500923610019e-08,1.1662259997803872e-07,307,11,cycle_baseline,heterogeneous_cascade,9,187238944
54,True,-0.3472193210507018,0.9918129463624688,1.3913006296841804e-08,1.0683569821234004e-08,1.3027720715239203e-08,6.345222228842534e-09,3.004501720929207e-08,54,11,random_strong,independent,0,839684485
90,True,-0.1781917843455377,-0.602595818414946,7.72224554571919e-08,8.897189893556693e-08,2.997316509539427e-08,3.537056713464815e-08,6.67971099010301e-08,90,11,random_strong,independent,1,988603898
80,True,-0.2033030396639246,-0.551815966381779,2.9346558997584338e-08,1.9357118184287003e-08,2.1030339238122616e-08,1.595838503542866e-08,6.807448987223382e-08,80,11,random_strong,independent,2,142553453
39,True,-0.4454625482448497,-0.4960942218384226,9.312187219836039e-09,4.934135701093912e-09,7.347877428993437e-09,5.8747919870564006e-09,2.6168985181390967e-08,39,11,random_strong,independent,3,818307868
40,True,-0.4438380444585302,-0.2742510534916291,9.16576039365203e-09,3.5649981880054893e-09,7.68526997481198e-09,4.762909411332724e-09,2.1592816301426214e-08,40,11,random_strong,independent,4,816909611
87,True,-0.190758868773519,-0.5918085700257055,3.408212143653756e-08,2.16740679364471e-08,2.8100202812296184e-08,7.784184222732329e-09,4.4308674983372123e-08,87,11,random_strong,independent,5,741614632
48,True,-0.38867667099767395,0.6181780066370836,7.023583290327416e-09,6.528329436767192e-09,2.0230300604665452e-10,4.560422450694535e-09,1.9636676126234394e-08,48,11,random_strong,independent,6,370876660
105,True,-0.15243009224750875,-0.7327615743809142,4.679751975238017e-08,2.61915375976231e-08,3.1558576901716185e-08,3.264462808757607e-08,7.041424904939007e-08,105,11,random_strong,independent,7,468759296
56,True,-0.27845733731973626,-2.063034945664994,1.818873505372863e-08,1.93116870969381e-09,1.0515976825995094e-08,1.76805212753935e-08,3.175374614288076e-08,56,11,random_strong,independent,8,839211389
52,True,-0.3342129308874987,-0.07748786897532273,1.534504655404157e-08,1.897864388141544e-08,5.8531208087407414e-09,9.018732210320453e-09,3.445482897907951e-08,52,11,random_strong,independent,9,152877121
38,True,-0.5083128487857594,0.7332246729222359,2.4905400483885678e-09,1.6382963209115867e-09,1.8226665891689246e-09,1.0764406770358895e-09,1.4112796026948527e-08,38,11,random_strong,independent,10,828745029
59,True,-0.2831793463944817,-0.3937402585454083,2.756752209330306e-08,1.148865611723867e-08,2.8829640239084805e-08,1.2118510682507071e-08,6.401232344347494e-08,59,11,random_strong,independent,11,920665858
73,True,-0.2236683569248927,0.23624092363783222,6.429328216970184e-08,6.113502094609077e-08,5.0115594408168706e-08,1.684865925300601e-08,8.93056008079098e-08,73,11,random_strong,independent,12,681868763
91,True,-0.18338445634855918,-0.07187148747063989,9.954040925944064e-08,3.358179460304412e-08,1.0715152360810377e-07,4.6527455398208e-08,1.1258907170376756e-07,91,11,random_strong,independent,13,341387067
93,True,-0.167557761116243,-1.4112701476676692,6.865185176055865e-08,3.5104471809876665e-08,3.717269359653617e-08,6.562368536649084e-08,6.372856138614519e-08,93,11,random_strong,independent,14,559151031
163,True,-0.09646672977352548,-0.9230994028362578,1.07014811255524e-07,5.123534447781303e-08,3.8330338417398733e-08,9.035907359801999e-08,5.905600592187604e-08,163,11,random_strong,independent,15,50106689
79,True,-0.21870324169632857,0.21975222012312606,1.6961713502880104e-08,9.117900259901405e-09,7.689491772095631e-09,1.2724448848025295e-08,4.9068157362931694e-08,79,11,random_strong,independent,16,931803743
56,True,-0.3113085095946947,0.4202414825259772,2.8384217940170666e-08,1.7752414837670674e-08,1.3813690573988083e-08,2.117557227746277e-08,5.771690004679693e-08,56,11,random_strong,independent,17,342403676
134,True,-0.10782913954926515,-1.650708841733013,2.5873329418852473e-07,1.2997336460605813e-07,2.5384459334579356e-07,3.5201071390249484e-08,1.134416526670499e-07,134,11,random_strong,independent,18,57098352
46,True,-0.39098205311299317,0.15347347001128922,1.239084936371943e-08,1.0075122349722194e-08,8.701226588574959e-09,4.440872969532431e-09,2.5272205743451732e-08,46,11,random_strong,independent,19,794457030
65,True,-0.2516024793663485,-1.0319152093101494,2.2284020838990174e-08,2.3264971341776422e-08,3.0091790410685805e-08,2.223286846066869e-09,3.617807797488728e-08,65,11,random_strong,independent,20,622708744
116,True,-0.14247324112112178,-0.2642822637022933,4.280900359740327e-08,1.9867217982169515e-08,2.5560311660140913e-08,3.062555646039718e-08,6.490698568104436e-08,116,11,random_strong,independent,21,54096758
46,True,-0.3886149730017488,0.3133773225472789,1.4712035673587448e-08,1.063106851689431e-08,1.2779574542129795e-08,7.18914768124245e-09,3.755564020787382e-08,46,11,random_strong,independent,22,750838584
116,True,-0.1404368533023635,-0.4458061578716274,3.898689214749049e-08,1.0682665152374103e-08,3.280817434786606e-08,2.1187053077170052e-08,6.335091345403326e-08,116,11,random_strong,independent,23,637317436
50,True,-0.36943531855685174,0.395948044977336,7.655921183711529e-09,5.8485824975049495e-09,5.227987981623049e-09,3.279631438266889e-09,2.199558016252747e-08,50,11,random_strong,independent,24,793635383
51,True,-0.3438294999104296,0.5781923696908485,3.5417180956405425e-08,1.7885822118372456e-08,6.532124736231863e-09,4.2950997468482125e-08,4.0572010269332956e-08,51,11,random_strong,independent,25,827330044
93,True,-0.16365375288884618,-0.8631629810076182,1.6166977696900625e-07,1.0973405402406082e-07,6.446957273603024e-08,1.3544228926719354e-07,1.2326174921150087e-07,93,11,random_strong,independent,26,211954610
42,True,-0.4375337482008175,0.005229499900242595,6.807291155777763e-09,5.499343005943532e-09,5.309139592632989e-09,4.354554754649379e-09,1.8669756791516435e-08,42,11,random_strong,independent,27,210639715
57,True,-0.33619315577827263,0.604385472340681,7.136872685302895e-09,3.2630474015690845e-09,7.384057818674765e-09,2.429255623135142e-09,1.6914868613212576e-08,57,11,random_strong,independent,28,531026705
82,True,-0.2201564255675603,0.16202956187380785,3.488521364832608e-08,4.156295010148864e-08,3.3670690150969703e-09,2.4048920834227147e-09,4.0432338553714526e-08,82,11,random_strong,independent,29,437989602
42,True,-0.4432814587415875,1.1230493699557056,2.2781926206736183e-08,1.803172829342945e-08,1.8031728298937017e-08,1.803172829491587e-08,6.577789822474662e-08,42,11,random_strong,cascade,0,639013649
89,True,-0.15364848373716777,-3.853495142654112,1.6432814893779647e-07,1.012648881758816e-07,1.0126488818184829e-07,1.0126488819011607e-07,8.941134990187116e-08,89,11,random_strong,cascade,1,753958565
76,True,-0.21744882433554366,-0.5896280363166202,2.6915700738102017e-08,1.743714810720105e-08,1.743714810720105e-08,1.743714811411214e-08,4.063445747933687e-08,76,11,random_strong,cascade,2,2308772
61,True,-0.28382637234822133,-0.3239993386290324,9.33490305578222e-09,6.331741463981535e-09,6.331741463981535e-09,6.331741466700465e-09,3.0004210248953e-08,61,11,random_strong,cascade,3,552638020
63,True,-0.2658059785185738,-0.6862988585313834,2.605541199499769e-08,1.7891010686537324e-08,1.789101068714838e-08,1.7891010684057725e-08,4.2942277564469566e-08,63,11,random_strong,cascade,4,993368498
93,True,-0.1603399910576295,-1.9313615137074571,4.990066024098164e-08,3.404803487840219e-08,3.404803487840219e-08,3.404803487840219e-08,5.049263245165207e-08,93,11,random_strong,cascade,5,280640078
121,True,-0.1294680005693995,-0.627563319796041,7.0249372081378e-08,5.0278955477836814e-08,5.0278955477836814e-08,5.0278955477836814e-08,8.385820021359493e-08,121,11,random_strong,cascade,6,280896385
113,True,-0.13085431289312416,-1.9086795092167776,8.22884119178049e-08,6.036086879882869e-08,6.036086879882869e-08,6.036086879882869e-08,6.410558245918303e-08,113,11,random_strong,cascade,7,878130523
39,True,-0.48877424395767133,0.5364273515179643,2.9085831214861418e-09,1.881962065223225e-09,1.881962064960673e-09,1.881962062324989e-09,1.691216507684955e-08,39,11,random_strong,cascade,8,62063106
87,True,-0.1802131864847333,-1.2028093170474894,3.203048990446744e-08,2.3227211354562924e-08,2.3227211354562924e-08,2.3227211354562924e-08,5.711845502351189e-08,87,11,random_strong,cascade,9,397521162
93,True,-0.17265362420460112,-0.8157549383730084,5.6027827118712255e-08,3.9360978434682165e-08,3.9360978434682165e-08,3.9360978434682165e-08,5.241432893933912e-08,93,11,random_strong,cascade,10,458262041
78,True,-0.21675989806642437,-0.44816782850778253,2.5482200756067575e-08,1.7461217923975762e-08,1.746121792413524e-08,1.746121792413524e-08,3.429226554421751e-08,78,11,random_strong,cascade,11,797879352
103,True,-0.16027376273355468,-0.280533635690845,2.8130667843514e-08,2.023996267240449e-08,2.023996267271326e-08,2.023996267271326e-08,6.421600977609474e-08,103,11,random_strong,cascade,12,129030056
48,True,-0.38740494214677146,0.25476827363924825,6.1201914595116715e-09,4.394398850405573e-09,4.394398854143065e-09,4.3943988499635975e-09,1.735090054190117e-08,48,11,random_strong,cascade,13,434058866
71,True,-0.19903997086318947,-2.333779539155039,7.582854748297552e-08,6.125264710078338e-08,6.125264710078338e-08,6.125264711683494e-08,8.661500818035799e-08,71,11,random_strong,cascade,14,787635425
58,True,-0.3031579056911058,-0.2837378147413281,9.707668097664401e-09,6.478472671161641e-09,6.478472671161641e-09,6.478472670834141e-09,2.6755271911989258e-08,58,11,random_strong,cascade,15,632282812
37,True,-0.49281890288348373,0.2315625015306243,7.874594452287297e-09,6.378106473302718e-09,6.3781064747603796e-09,6.378106362422526e-09,2.317591899174292e-08,37,11,random_strong,cascade,16,496738106
107,True,-0.1404168865735711,-1.7517360542424283,6.068580034021354e-08,4.137888446325713e-08,4.1378884463148304e-08,4.1378884463148304e-08,5.373095906553275e-08,107,11,random_strong,cascade,17,392927391
108,True,-0.12917518812810205,-2.745207025241465,9.002858328490775e-08,6.515273671330322e-08,6.515273671330322e-08,6.515273671330322e-08,6.38375917233092e-08,108,11,random_strong,cascade,18,153174314
94,True,-0.15493763961225548,-2.3292198250495573,8.492677667188492e-08,5.332837203132544e-08,5.332837203132544e-08,5.332837203132544e-08,5.569772382335417e-08,94,11,random_strong,cascade,19,921852450
62,True,-0.2701824137691713,-0.4590412295073717,2.746949261848726e-08,1.903303403085457e-08,1.903303403085457e-08,1.903303403357342e-08,4.500345927003949e-08,62,11,random_strong,cascade,20,647661426
64,True,-0.24600951607948232,-0.8308527518857471,6.796728773094312e-08,4.289286570352078e-08,4.289286570352078e-08,4.289286569197624e-08,7.96212185730912e-08,64,11,random_strong,cascade,21,319156494
61,True,-0.28288708499167636,0.36870877643180844,1.8505626447672203e-08,1.4002165771121459e-08,1.4002165771121459e-08,1.4002165745653976e-08,6.161748760308179e-08,61,11,random_strong,cascade,22,413937053
68,True,-0.2417309377611591,-0.5044361089287296,4.165200038026153e-08,2.997692696724189e-08,2.997692696724189e-08,2.997692696662492e-08,4.3277300992659504e-08,68,11,random_strong,cascade,23,726180128
63,True,-0.27119178551944384,-0.2708983981044059,2.4063519860355404e-08,1.7302728028031092e-08,1.7302728028031092e-08,1.7302728027922235e-08,3.3678039517668204e-08,63,11,random_strong,cascade,24,719564708
57,True,-0.3018835564976452,-0.08220440674347373,2.2353828512840268e-08,1.629219914058939e-08,1.629219914058939e-08,1.6292199143320908e-08,4.204623144720808e-08,57,11,random_strong,cascade,25,461099429
62,True,-0.267489545083845,-0.4161067813948374,4.343305336473496e-08,3.165415945306553e-08,3.165415945306553e-08,3.165415944840681e-08,5.6563040407206505e-08,62,11,random_strong,cascade,26,302900401
70,True,-0.22662617695678106,-1.3335470317159661,3.0927050761989727e-08,2.267693230293479e-08,2.267693230293479e-08,2.2676932315262427e-08,3.0907478822426535e-08,70,11,random_strong,cascade,27,658232905
109,True,-0.1391499967294415,-1.6346790443560597,4.515452084032176e-08,2.9686342074887763e-08,2.9686342074887763e-08,2.9686342074887763e-08,5.9237321592154966e-08,109,11,random_strong,cascade,28,599695356
98,True,-0.1587626139962864,-0.552984314143179,6.846536443560114e-08,4.747212034437867e-08,4.747212034437867e-08,4.747212034437867e-08,1.3068133792814462e-07,98,11,random_strong,cascade,29,72852137
59,True,-0.3212341042271588,0.781298408955927,7.5554419209441e-09,5.185568653027861e-09,5.185568654150134e-09,5.185569253420446e-09,1.962800934069377e-08,59,11,random_strong,heterogeneous_cascade,0,472783972
123,True,-0.1159714288120904,-2.335072635804799,1.4668123490660037e-07,8.979884090117681e-08,8.979884090317708e-08,8.979884090430644e-08,6.909036773191021e-08,123,11,random_strong,heterogeneous_cascade,1,613919145
94,True,-0.18117170170858743,-0.2439538628845571,4.2537173628453387e-08,2.926558475521913e-08,2.9265584750991754e-08,2.926558476903126e-08,4.379341537750496e-08,94,11,random_strong,heterogeneous_cascade,2,950061094
54,True,-0.3116582024864598,-0.4790097530496557,2.2394446818822927e-08,1.8852814784592577e-08,1.8852814792266348e-08,1.8852837917950514e-08,4.215998200896379e-08,54,11,random_strong,heterogeneous_cascade,3,525563106
66,True,-0.2701567855812717,0.0580146158472839,1.213643962715868e-08,8.159142758846896e-09,8.159142763670146e-09,8.159142439108503e-09,2.0163348722309445e-08,66,11,random_strong,heterogeneous_cascade,4,342713642
89,True,-0.17368770836358133,-1.1349075415639311,6.427593122063576e-08,4.770935076894857e-08,4.770935077353067e-08,4.770935078837241e-08,7.359331461068692e-08,89,11,random_strong,heterogeneous_cascade,5,555793049
87,True,-0.18232013220574367,-1.0948678326844676,3.193122015489355e-08,2.4498709615888882e-08,2.449870960880561e-08,2.4498709608690624e-08,5.96130466772988e-08,87,11,random_strong,heterogeneous_cascade,6,177235501
133,True,-0.10500619013442725,-2.676652412400726,1.4567134770196645e-07,9.261426803616446e-08,9.261426803795951e-08,9.26142680403183e-08,6.574648260477554e-08,133,11,random_strong,heterogeneous_cascade,7,90695417
62,True,-0.25419712651448123,-0.9823642007964184,5.7908352999200105e-08,4.0263566784834295e-08,4.026356678220446e-08,4.026356241038428e-08,7.041300298249667e-08,62,11,random_strong,heterogeneous_cascade,8,678094060
69,True,-0.2599014708558492,0.417527413110132,1.912380344619201e-08,1.3613293443575569e-08,1.3613293437992215e-08,1.36132934432328e-08,3.30937831742924e-08,69,11,random_strong,heterogeneous_cascade,9,986183525
65,True,-0.2635666600832575,-0.42377023422036064,2.0843599746290993e-08,1.439610777581446e-08,1.4396107763973773e-08,1.4396107252582801e-08,3.70399128684717e-08,65,11,random_strong,heterogeneous_cascade,10,846007561
93,True,-0.1707093672501628,-0.870322774198805,7.04706829368185e-08,4.865914056056409e-08,4.865914055989286e-08,4.865914055481756e-08,4.2567109718369e-08,93,11,random_strong,heterogeneous_cascade,11,583661837
86,True,-0.19677499107136792,-0.3947305867710599,3.13411421220515e-08,2.084003920886972e-08,2.0840039208891016e-08,2.0840039208856923e-08,3.2927208970574074e-08,86,11,random_strong,heterogeneous_cascade,12,40253739
97,True,-0.1783865912117582,0.5139561690845179,4.400888758732023e-08,3.4698112386182325e-08,3.469811238843011e-08,3.469811239259804e-08,6.824560096740008e-08,97,11,random_strong,heterogeneous_cascade,13,987971059
80,True,-0.19424979624655667,-1.4605596973394817,4.178316200272992e-08,2.7399459809099172e-08,2.7399459799276247e-08,2.7399459792901017e-08,5.263009392814665e-08,80,11,random_strong,heterogeneous_cascade,14,449632688
44,True,-0.3905280061724714,0.21058621266047672,1.8809693895363048e-08,1.2856062898017785e-08,1.285606290571027e-08,1.2857324827769947e-08,5.303159987946749e-08,44,11,random_strong,heterogeneous_cascade,15,289663247
62,True,-0.24250360913624158,-2.1910225487955333,2.738377100856363e-08,1.6966509639421292e-08,1.696650963882213e-08,1.6966521860345746e-08,2.811031281844799e-08,62,11,random_strong,heterogeneous_cascade,16,892487689
72,True,-0.22240285341918326,-0.17768185034901637,1.1088689549342812e-07,7.644322003308306e-08,7.644322003308306e-08,7.644322029539882e-08,1.5826405253042794e-07,72,11,random_strong,heterogeneous_cascade,17,749618618
43,True,-0.42694647635148,0.010528160150435284,1.822676011965556e-08,1.3840868868332084e-08,1.3840868879460612e-08,1.3838640186754724e-08,3.600935008820205e-08,43,11,random_strong,heterogeneous_cascade,18,277753118
113,True,-0.140570545519654,-0.8591230687165169,7.657196258530333e-08,5.2341550727756833e-08,5.2341550729621014e-08,5.2341550729212764e-08,5.2700114158181655e-08,113,11,random_strong,heterogeneous_cascade,19,991807716
56,True,-0.32150353043798935,-0.08244438210631778,6.780322373035713e-09,5.090111639857683e-09,5.090111629867469e-09,5.090110388700911e-09,2.105516372625411e-08,56,11,random_strong,heterogeneous_cascade,20,452867585
84,True,-0.1992350177918823,0.16753652483405437,3.350688630224106e-08,2.1577015464973184e-08,2.1577015452312474e-08,2.1577015468015005e-08,7.806692170047668e-08,84,11,random_strong,heterogeneous_cascade,21,531413811
59,True,-0.302086974202238,0.35629436606861464,2.3418138120896595e-08,1.7360582333121572e-08,1.7360582335040267e-08,1.73605821782601e-08,2.8292219017869963e-08,59,11,random_strong,heterogeneous_cascade,22,750957465
106,True,-0.14701845078944809,-1.2033678604263374,9.926944892596843e-08,6.507484927381903e-08,6.507484927696346e-08,6.507484927947124e-08,5.9317737077657054e-08,106,11,random_strong,heterogeneous_cascade,23,659995718
51,True,-0.3275239284301413,-0.08208796755551281,4.738777264716554e-08,3.2043060292080343e-08,3.204306027768877e-08,3.2043260068881223e-08,1.0076737801689356e-07,51,11,random_strong,heterogeneous_cascade,24,172287033
51,True,-0.3611092142748355,0.8330423002539057,1.6258784785899265e-08,1.1788236428320434e-08,1.1788236449995988e-08,1.1788101673905461e-08,3.955354008561003e-08,51,11,random_strong,heterogeneous_cascade,25,302480281
44,True,-0.41355362562271447,0.23199718774483968,1.080711281694176e-08,8.301956250443952e-09,8.301956250443952e-09,8.283366170284056e-09,2.979583585740647e-08,44,11,random_strong,heterogeneous_cascade,26,361185604
70,True,-0.25485901614172085,0.44023263357169434,1.5094825894321143e-08,9.605534739719798e-09,9.605534753090838e-09,9.605534736851107e-09,3.426302600984008e-08,70,11,random_strong,heterogeneous_cascade,27,947535599
75,True,-0.22540765571669544,-0.2091219345559495,1.911813737690819e-08,1.2904546116959988e-08,1.2904546121294474e-08,1.2904546120857554e-08,4.216235994139498e-08,75,11,random_strong,heterogeneous_cascade,28,366335488
50,True,-0.3687371316805067,0.28226859140982774,6.284054933634204e-09,4.018648471091193e-09,4.018648470045012e-09,4.01861807514183e-09,1.588363889174542e-08,50,11,random_strong,heterogeneous_cascade,29,734722402
35,True,-0.5435781869707805,0.07568077355835753,1.7554797661919988e-09,1.5988336955284533e-10,1.363566795988222e-09,1.1744957703278057e-09,1.0283958114562468e-08,35,11,small_world,independent,0,738510712
32,True,-0.6240350650437708,0.6153144046231878,1.2390454848466947e-09,8.938146227022597e-10,5.857682602585086e-10,7.463424222798494e-10,7.45094262783463e-09,32,11,small_world,independent,1,394221605
43,True,-0.4423895589470651,0.4445542711795866,2.8589913045029048e-09,2.7176838388606946e-09,9.279778480461291e-10,1.21167295865892e-09,1.3032003393376743e-08,43,11,small_world,independent,2,561818929
38,True,-0.5154589104038435,0.7444245114502857,1.9793067956689614e-09,2.170630784398531e-09,1.7364538168742194e-10,4.3658105660221747e-10,1.114586352836642e-08,38,11,small_world,independent,3,149515641
32,True,-0.6237112191978379,0.7895095231358792,1.4784948000480143e-09,7.512260300483484e-10,1.0979475879539102e-09,8.306817672199831e-10,8.862107013467426e-09,32,11,small_world,independent,4,719782534
31,True,-0.6688944507679385,1.0337108580849466,7.626363382403822e-10,3.8653331841801213e-10,4.425490179832547e-10,6.589070998576805e-10,5.257643236087584e-09,31,11,small_world,independent,5,589568054
42,True,-0.4453341162709371,0.3457748192177559,3.0888889087806973e-09,2.4007978262269375e-09,1.142399588553805e-09,1.9109318527009713e-09,1.569519771828836e-08,42,11,small_world,independent,6,508934151
37,True,-0.4805776295143098,-0.35615287854557964,4.131130100722063e-09,2.8725099065987064e-09,2.694930250414303e-09,2.0623842223093884e-09,2.1003104501064844e-08,37,11,small_world,independent,7,725104214
45,True,-0.4170143844409989,0.5292691420248371,3.659920479173248e-09,2.2475209821320464e-09,1.778486977373866e-09,3.013957180210573e-09,1.8179852104337794e-08,45,11,small_world,independent,8,907086326
39,True,-0.5007462278882701,0.5345959137564352,1.5362792779960362e-09,1.6765328752719612e-09,3.066367299953298e-10,4.5260243666327897e-10,9.296284424155155e-09,39,11,small_world,independent,9,330436161
36,True,-0.516927816005114,-0.46620071548018843,1.789056851859278e-09,6.465403031318191e-10,1.3536117050391044e-09,1.26899083127049e-09,8.662645581872981e-09,36,11,small_world,independent,10,419300987
62,True,-0.28864694108820926,0.2526653562054653,6.0866209342514375e-09,1.4900823150493245e-09,1.245317521576989e-09,6.4276480641178795e-09,3.066895315515292e-08,62,11,small_world,independent,11,189495146
44,True,-0.42491377181288825,0.6188085229902356,4.5568639621083405e-09,1.69548400025826e-09,4.347368847561484e-09,1.3886937108037417e-09,2.0716231901161803e-08,44,11,small_world,independent,12,647071798
46,True,-0.4151375843784574,0.7272876683296349,3.353482881797731e-09,1.3183519606375475e-09,2.2149147665007676e-09,2.206833138767977e-09,1.5893536330174943e-08,46,11,small_world,independent,13,402713846
36,True,-0.5161833117908358,0.06084289710793271,2.987247799119944e-09,1.0993151492093562e-09,1.479122192059701e-09,2.576222501287352e-09,1.5708717184625834e-08,36,11,small_world,independent,14,342362433
51,True,-0.36400926390800015,0.4825776335664612,4.156157640035362e-09,2.8701518854946078e-09,2.8701518854946078e-09,2.870151886584264e-09,2.0330070572013704e-08,51,11,small_world,cascade,0,696523279
46,True,-0.41460105123723684,0.8221163840819956,3.2230017113004045e-09,2.099784212470271e-09,2.099784212470271e-09,2.099784215817495e-09,1.8406668210516993e-08,46,11,small_world,cascade,1,408156668
39,True,-0.47937042848916933,0.25516332203013714,2.7155313863638507e-09,1.74235749290444e-09,1.7423574877211333e-09,1.7423574950948229e-09,1.5595606137181866e-08,39,11,small_world,cascade,2,464367885
46,True,-0.37914423616235127,-0.8117144168331629,3.877512438594336e-09,2.4223539967804104e-09,2.422353997634185e-09,2.4223539998684543e-09,1.716062027888578e-08,46,11,small_world,cascade,3,440050108
32,True,-0.5893380713463657,0.01854495846651202,6.0439930447676e-10,3.934932421599536e-10,3.9349323771676935e-10,3.9349321150496505e-10,1.9908551743912373e-08,32,11,small_world,cascade,4,258538247
39,True,-0.4457881131485828,-0.4297058690041794,5.477242619665908e-09,3.5469997087929834e-09,3.5469996920239678e-09,3.5469996934812937e-09,2.8094325711455356e-08,39,11,small_world,cascade,5,125807018
35,True,-0.5228148757689056,0.09329552669354547,6.069723887980546e-10,4.41529637304517e-10,4.41529632514864e-10,4.415296085142021e-10,2.2360980900349543e-08,35,11,small_world,cascade,6,827233792
34,True,-0.5258134075374004,-0.9207705037664786,1.9528807080098505e-11,1.3740824219515385e-11,1.3740829897637997e-11,1.3740827362918414e-11,1.3485810191349423e-08,34,11,small_world,cascade,7,91723678
41,True,-0.454537674354201,0.16382131023649196,3.1800419031660353e-09,2.1984395074777578e-09,2.198439507738147e-09,2.1984395038782363e-09,1.4829325094154491e-08,41,11,small_world,cascade,8,324878855
39,True,-0.4860375492677199,0.2599891883984352,2.205794230765679e-09,1.429574966242986e-09,1.4295749591311014e-09,1.4295749607635343e-09,1.3236489701963547e-08,39,11,small_world,cascade,9,667489923
37,True,-0.48282725560660816,-0.7213422666215439,2.307099718519551e-09,1.4657325646531584e-09,1.465732627664627e-09,1.3669383321942803e-09,1.4578032590600825e-08,37,11,small_world,heterogeneous_cascade,0,131294935
37,True,-0.5005736400758891,-0.1223638837039139,2.839293442393472e-09,1.8466904599764307e-09,1.8466905008999654e-09,1.840033992408872e-09,1.3248140187716474e-08,37,11,small_world,heterogeneous_cascade,1,655517738
35,True,-0.5688516514061954,0.5571760990459869,1.0697716711679237e-09,7.730383622118017e-10,7.730383342842584e-10,7.608718147375572e-10,7.226260653657439e-09,35,11,small_world,heterogeneous_cascade,2,733066016
34,True,-0.5477378487823711,-0.6250164081037866,1.1672911937312822e-09,7.501358075643741e-10,7.501355091642567e-10,7.530716566982251e-10,7.731584911597636e-09,34,11,small_world,heterogeneous_cascade,3,19766445
38,True,-0.4932581079381064,-0.18403622786900073,1.67212557751273e-09,1.1712016687601866e-09,1.1712017565727242e-09,1.0830204897308656e-09,9.277069085634415e-09,38,11,small_world,heterogeneous_cascade,4,326546842
40,True,-0.4735587845229179,0.7163818242894772,3.5376878528347374e-09,2.2552531946430756e-09,2.2552531997054292e-09,2.1522356746621975e-09,1.978768438974253e-08,40,11,small_world,heterogeneous_cascade,5,805006199
36,True,-0.5473214652622986,0.8284336725461842,1.722525075892497e-09,1.1548062084199981e-09,1.1548062034497943e-09,1.1987409294593896e-09,1.1519779640406143e-08,36,11,small_world,heterogeneous_cascade,6,197809847
39,True,-0.48872194190823776,0.8615986529705371,3.829748457082168e-09,2.7787362658436374e-09,2.778736277197937e-09,2.778987237632178e-09,2.0343422925276432e-08,39,11,small_world,heterogeneous_cascade,7,162410487
36,True,-0.5232302138641947,-0.061121227676028414,1.2788967998310184e-09,6.896237088171059e-10,6.896237290165821e-10,9.21166745955421e-10,1.2249860474773606e-08,36,11,small_world,heterogeneous_cascade,8,778151422
47,True,-0.39729742531096734,0.5557206564210094,4.0060256711280204e-09,2.6204463743146148e-09,2.6204463664632228e-09,2.6204209272090204e-09,2.0446876324065877e-08,47,11,small_world,heterogeneous_cascade,9,939731936
58,True,-0.27053223651047137,-1.8708517738553574,1.6372757289244393e-08,7.61489399356417e-09,1.7612514955108737e-08,6.672592565876306e-09,3.0948875201575165e-08,58,11,scale_free,independent,0,860630401
45,True,-0.37841693724524406,-0.5741374780355873,1.5035863410606728e-08,9.05328287396578e-09,5.468123049537132e-09,1.4396925186613926e-08,3.155909785519813e-08,45,11,scale_free,independent,1,751246168
36,True,-0.5063995298500547,-0.2362153375051399,5.785908424943786e-09,2.235741908338906e-09,6.667105402564964e-09,1.7201108448053176e-09,1.618122600477194e-08,36,11,scale_free,independent,2,913210509
66,True,-0.23747875580142874,-1.2537155399540558,3.917804915718588e-08,2.8869986485551015e-08,2.2872932064866502e-08,2.7696084607311343e-08,5.64539324506482e-08,66,11,scale_free,independent,3,667849158
36,True,-0.5083005457736497,-0.23553508858376304,5.4262001209718775e-09,6.295473453124053e-10,3.993229292963135e-09,4.8209819157621315e-09,1.4940694298664303e-08,36,11,scale_free,independent,4,172164468
34,True,-0.5405896320174106,-0.6874360037805629,2.4495183118082066e-09,1.8016039311486081e-09,1.786261632118881e-09,1.3266874273745749e-09,7.628889331791995e-09,34,11,scale_free,independent,5,129362803
36,True,-0.48616521316562167,-1.1836249945693424,4.836920269275128e-09,2.1520684633976007e-09,4.2323707658250026e-09,3.573093416055723e-09,1.2473471639115326e-08,36,11,scale_free,independent,6,871161782
48,True,-0.3577737442440467,-0.8110265736907201,1.262900595636208e-08,1.1400683247233183e-08,5.7416779554111345e-09,7.4382951511138044e-09,2.2095059104931288e-08,48,11,scale_free,independent,7,275152525
34,True,-0.554232302263074,-0.22747276112824197,3.3622790340725593e-09,8.227958603753008e-10,2.2447711278604177e-09,3.177477366191997e-09,9.55907652049464e-09,34,11,scale_free,independent,8,280538967
26,True,-0.8502539200748126,1.0854284147588702,1.9568432106640973e-10,7.188147163915123e-11,8.456089968192917e-11,1.853419288218194e-10,2.193437392163283e-09,26,11,scale_free,independent,9,283520766
29,True,-0.6512141190599603,-0.6200459340480655,1.862981897594048e-09,9.258057999160009e-10,1.5015924066736158e-09,1.162328370001571e-09,6.940943007716743e-09,29,11,scale_free,independent,10,281104215
30,True,-0.6120853012970524,-0.5570637986583428,3.3631956730921766e-09,1.1731458090699506e-09,1.1108526191518252e-09,4.058350419352196e-09,1.258540968570734e-08,30,11,scale_free,independent,11,674736547
29,True,-0.6813447309496321,0.16753890524276693,1.2814898544047277e-09,2.337108482222609e-10,5.968739773960248e-10,1.5549860080230785e-09,5.936620901399088e-09,29,11,scale_free,independent,12,914388910
52,True,-0.32800790332912005,-0.00476146920829438,2.7630774685843863e-08,3.184844638372218e-08,8.54276815311585e-09,4.0279758490377345e-09,5.389038975803635e-08,52,11,scale_free,independent,13,910326909
31,True,-0.6604610636587507,0.8325467843736492,2.21283183354047e-09,8.517375339068445e-10,2.0518690954666565e-09,1.3205216187502332e-09,6.2930161675567305e-09,31,11,scale_free,independent,14,741550330
30,True,-0.7059860377880348,1.1496200282328337,6.496776265091913e-10,7.466985789495261e-10,8.374198246787875e-11,2.3229051575295452e-10,3.744088244991563e-09,30,11,scale_free,independent,15,202522407
33,True,-0.5800659581641517,-0.019018202319701197,3.662510050152682e-09,3.0607916101702723e-09,2.7547724184781763e-09,1.9630535306834026e-10,1.0304646401177973e-08,33,11,scale_free,independent,16,960580030
36,True,-0.49114363599815397,-0.40721963644200726,6.8880309028600466e-09,3.3784336723272668e-09,3.605669496254714e-09,5.872867204582413e-09,1.77399204722949e-08,36,11,scale_free,independent,17,542079034
48,True,-0.3571368952532533,-0.4366723673604373,1.7761748184578842e-08,1.3035425181770498e-08,1.3366083478222067e-08,7.092829671542246e-10,3.318201735322557e-08,48,11,scale_free,independent,18,545966982
26,True,-0.7721388010263038,0.4490332060045075,6.133861987255176e-10,4.72325574846446e-10,3.581665381300576e-10,4.70683219632641e-10,3.847256490409006e-09,26,11,scale_free,independent,19,701391101
38,True,-0.4784971677573195,-0.3985177554576689,5.08767008693592e-09,7.158308232986852e-10,3.303850613390083e-09,5.2283020640746e-09,1.4028970723499452e-08,38,11,scale_free,independent,20,769095483
31,True,-0.6414944409331157,0.2764368629032227,1.0102026088762186e-09,8.232897095231762e-10,3.695859019872936e-10,6.008102692547355e-10,3.439586698937025e-09,31,11,scale_free,independent,21,952922468
44,True,-0.3960105051809979,-0.631499186101078,9.804091378781794e-09,1.2502784089620324e-09,9.509319762234844e-09,6.984134092077193e-09,2.134097000302379e-08,44,11,scale_free,independent,22,582379573
32,True,-0.5599432587599985,-1.0194266180948472,3.5552575038963524e-09,9.776955822401495e-11,2.782329480667707e-09,3.284287038342314e-09,1.0694793912133487e-08,32,11,scale_free,independent,23,610060482
39,True,-0.45293807688079507,-0.5850374362880393,8.136713880716656e-09,6.494923719405281e-09,1.2308338554590107e-09,6.558021854998037e-09,1.860967736135268e-08,39,11,scale_free,independent,24,745527872
32,True,-0.601852530758974,0.07800837629989588,2.2917937194297355e-09,1.2513369929952011e-09,1.2554922573767461e-09,2.1163332885678462e-09,8.707424278445191e-09,32,11,scale_free,independent,25,255106930
33,True,-0.5586645601291176,-0.583706441506228,1.2930085458917204e-09,1.474918654263435e-10,4.5848886101247856e-10,1.7070136093521565e-09,6.159403174271511e-09,33,11,scale_free,independent,26,307712871
31,True,-0.5911313083682533,-0.5935935922581287,3.782419615033892e-09,1.4965035830151054e-09,1.0417904515663828e-10,4.2299326464918796e-09,1.1884471677160884e-08,31,11,scale_free,independent,27,625478156
36,True,-0.5162101771646936,0.0910958478260973,4.83005314607371e-09,1.7883164208299768e-09,3.0301533351972594e-09,4.0515669287775405e-09,1.5434173471332536e-08,36,11,scale_free,independent,28,64128319
27,True,-0.75556286979257,0.6490107422141717,7.867710228634898e-10,8.555461215731477e-10,3.0521925669395613e-10,1.6495957822962562e-10,4.284678456744379e-09,27,11,scale_free,independent,29,320491161
35,True,-0.5182410265075266,-0.6475212963806125,3.0433393614128175e-10,1.8874429666165199e-10,1.8874429312211815e-10,1.8874428556789503e-10,1.3037170098723527e-08,35,11,scale_free,cascade,0,717995790
39,True,-0.47754824513685157,-0.16928520018952842,3.764518078945062e-09,2.656419280127214e-09,2.656419280127214e-09,2.6564192765647358e-09,1.0947958561861211e-08,39,11,scale_free,cascade,1,976128390
35,True,-0.514939386370391,-0.6236702220769962,2.4095343781284616e-10,1.567467030694573e-10,1.5674670723031967e-10,1.5674670324249807e-10,1.3992259694051665e-08,35,11,scale_free,cascade,2,519496334
69,True,-0.22309944717391778,-1.278115172265941,6.386802924058817e-08,4.67253297141007e-08,4.67253297141007e-08,4.672532971111492e-08,7.191038003155469e-08,69,11,scale_free,cascade,3,440376473
49,True,-0.3438215090665322,-0.6724031636157853,1.6766644209839108e-08,1.281853756024782e-08,1.281853756024782e-08,1.2818537548132285e-08,3.25879309566801e-08,49,11,scale_free,cascade,4,685427720
47,True,-0.36445683408322793,-1.0073650051489544,1.1195603644034512e-08,7.464288965729855e-09,7.464288965729855e-09,7.464288967510845e-09,2.0306194074282403e-08,47,11,scale_free,cascade,5,544475014
34,True,-0.5448348863749016,-0.5263189232941923,2.3271075076384303e-10,1.9084174637801616e-10,1.908417484545324e-10,1.9084175632244438e-10,1.220686136404664e-08,34,11,scale_free,cascade,6,23227582
44,True,-0.38307963831660974,-1.245858907775579,1.0707422414311264e-08,7.29708171626039e-09,7.29708171626039e-09,7.2970817154824515e-09,2.1931235273520983e-08,44,11,scale_free,cascade,7,539239998
34,True,-0.531580454365351,-0.32064547411435207,1.3935727574392096e-09,9.177364201704544e-10,9.17736423905247e-10,9.17736357754727e-10,1.9295954232509602e-08,34,11,scale_free,cascade,8,700801703
34,True,-0.5290552098620289,-0.2589587239511688,2.2895230489700795e-10,1.567910694537613e-10,1.5679105983342793e-10,1.5679106291322088e-10,2.3517843239776345e-08,34,11,scale_free,cascade,9,875107613
35,True,-0.5200264383417953,-0.9479953016053979,4.623514668418804e-12,3.2316902202761865e-12,3.2316689093779924e-12,3.231680509311231e-12,8.941681009441363e-09,35,11,scale_free,cascade,10,962448493
38,True,-0.45894801279456376,-1.1842234592021543,5.616240560550402e-09,3.849196107322608e-09,3.849196104998848e-09,3.84919603312861e-09,1.5033348855552677e-08,38,11,scale_free,cascade,11,610227444
35,True,-0.5209857750684763,-0.3674648471528493,3.4399360398765546e-09,2.7568906352295393e-09,2.7568906336639193e-09,2.7568906152615495e-09,1.2142762721071962e-08,35,11,scale_free,cascade,12,362562132
31,True,-0.6364875983610809,0.7706084196121731,3.4124415732878775e-09,2.296780259972286e-09,2.296780254412793e-09,2.2967799183650366e-09,9.588845923947778e-09,31,11,scale_free,cascade,13,443942886
36,True,-0.5192088165474971,0.18884993160904812,3.001193256487064e-10,2.1204853033843583e-10,2.1204853030743974e-10,2.1204851119807422e-10,1.6307791909695124e-08,36,11,scale_free,cascade,14,176461611
39,True,-0.5021071483742456,0.6473683543861658,3.321668788343704e-09,2.157828149396469e-09,2.1578281482263358e-09,2.157828144598747e-09,8.543023657010972e-09,39,11,scale_free,cascade,15,935937499
44,True,-0.38957096140231634,-0.7792643705408417,1.103349611228868e-08,7.453461070550298e-09,7.453461069987845e-09,7.453461072344444e-09,2.420302771646913e-08,44,11,scale_free,cascade,16,847311623
34,True,-0.528009869483383,-1.0168253136963752,4.930111321890579e-10,3.422914175184103e-10,3.422914157907884e-10,3.4229140985190116e-10,1.1459614079697734e-08,34,11,scale_free,cascade,17,853984375
34,True,-0.5320838938328937,-0.6310342542233258,2.068710962704645e-09,1.4593368554539406e-09,1.4593368715858744e-09,1.4593367993182883e-09,1.0240371955414876e-08,34,11,scale_free,cascade,18,328123424
37,True,-0.5031985824350044,-0.15238589658853313,3.0871360508295945e-09,2.0870456030328027e-09,2.087045602483768e-09,2.087045592358948e-09,9.169034843969621e-09,37,11,scale_free,cascade,19,322215673
49,True,-0.3421072304356431,-1.0986986268454426,1.6758268422558502e-08,1.0316179447607926e-08,1.0316179447458717e-08,1.0316166744250758e-08,2.4540558181998683e-08,49,11,scale_free,heterogeneous_cascade,0,856613334
39,True,-0.44064349590387275,-1.1277967568707814,8.330200363687617e-09,6.417273137994528e-09,6.417273108298139e-09,6.615433417558484e-09,1.9924922713990633e-08,39,11,scale_free,heterogeneous_cascade,1,544548401
35,True,-0.5154262746894236,0.1346770276567579,1.523187962698409e-09,1.1768075192199947e-10,1.1767970954089253e-10,1.716501073179193e-09,2.767558246700476e-08,35,11,scale_free,heterogeneous_cascade,2,704656130
47,True,-0.36734879350508515,-0.776668849123953,1.3406685562312834e-08,9.257443469602971e-09,9.25744347127046e-09,9.238865140076344e-09,2.3989431181462177e-08,47,11,scale_free,heterogeneous_cascade,3,489824255
53,True,-0.2993525857874871,-1.5121186587205342,1.893407575459757e-08,1.6419026939290838e-08,1.641902692325508e-08,1.6419046434699113e-08,3.774406532260965e-08,53,11,scale_free,heterogeneous_cascade,4,442770160
39,True,-0.4535033760523215,-0.8187264634151284,6.904135476962941e-09,4.630086974360527e-09,4.630086975708901e-09,4.6302953373533735e-09,1.5927248505922245e-08,39,11,scale_free,heterogeneous_cascade,5,812981085
34,True,-0.5171820284108236,-0.3656698105487029,1.2287517890732248e-09,2.7030872324079754e-10,2.702987643176841e-10,1.3740677534331824e-09,2.759446977066492e-08,34,11,scale_free,heterogeneous_cascade,6,334111266
40,True,-0.46764390726661664,0.1634634426916099,5.216396782151872e-09,4.109246304078982e-09,4.109246303638604e-09,4.10656044902522e-09,1.4090666633888072e-08,40,11,scale_free,heterogeneous_cascade,7,809145161
38,True,-0.4607134275391308,-1.0167237160863185,6.225478598419921e-10,3.72850462075265e-11,3.728501839499404e-11,8.206954291058264e-10,1.5356689382597655e-08,38,11,scale_free,heterogeneous_cascade,8,244205000
36,True,-0.5164236803777689,-0.43263239673825493,1.9193444533490933e-10,7.004152652393211e-12,7.004145355867721e-12,2.1142732676889817e-10,9.855370083423825e-09,36,11,scale_free,heterogeneous_cascade,9,402827598
37,True,-0.5012449374732686,-0.042468509948582825,4.84583136983049e-09,3.150065834439803e-09,3.1500658336379427e-09,3.04093810552761e-09,1.31719809951973e-08,37,11,scale_free,heterogeneous_cascade,10,912671835
38,True,-0.4677333439437513,-0.04228874965979731,2.3127856458428013e-09,3.4353262553676454e-10,3.435326895676065e-10,2.817675180270791e-09,2.9965786540184174e-08,38,11,scale_free,heterogeneous_cascade,11,954453135
36,True,-0.492553935784404,-0.485537928429504,1.6819271968248612e-09,8.250464117812608e-10,8.250464345703358e-10,1.4894434439850938e-09,2.189948720183551e-08,36,11,scale_free,heterogeneous_cascade,12,923874499
41,True,-0.4427173016955837,0.0019780705368327538,5.506198702127545e-09,4.406570785017778e-09,4.406570784823823e-09,4.206075269981438e-09,1.7114988702442594e-08,41,11,scale_free,heterogeneous_cascade,13,316044053
36,True,-0.5071643036767626,-0.5622587111811839,6.938094793330458e-09,4.8050438223510155e-09,4.805043807450394e-09,4.453030028759063e-09,1.565936653096248e-08,36,11,scale_free,heterogeneous_cascade,14,843322885
406,True,-0.0383602275537394,-0.6610289198482016,9.830663865763985e-08,1.597557620188638e-08,6.081896472534302e-08,7.93766747872763e-08,9.359575775681791e-08,406,12,cycle_baseline,independent,0,978204430
384,True,-0.03806395120756437,-1.4800329675602406,1.0079788615468363e-07,5.834923680351277e-08,4.8619649773437456e-08,8.426772838768876e-08,1.1121189167514579e-07,384,12,cycle_baseline,independent,1,20903429
442,True,-0.03580934662451081,-0.37497582937123236,9.097033292687221e-08,5.004495165317124e-08,7.841170403504323e-09,7.707628613144423e-08,9.536552726564017e-08,442,12,cycle_baseline,independent,2,744991525
374,True,-0.040066870779499664,-1.2485721868455577,9.118148294296394e-08,7.631865654645086e-08,6.365081009705573e-08,4.7618854494344365e-09,9.432385219840258e-08,374,12,cycle_baseline,independent,3,996745682
393,True,-0.039010136617273074,-0.8953365796986927,1.0602457908056543e-07,4.603294052382199e-08,7.196617676842334e-08,6.402070791571018e-08,9.318852709715855e-08,393,12,cycle_baseline,independent,4,764667228
404,True,-0.03827392973031692,-0.7933468317436612,1.1355242270003834e-07,4.116178174627291e-08,9.102609067604723e-08,6.501508467483436e-08,8.836347802891491e-08,404,12,cycle_baseline,independent,5,233174457
378,True,-0.04054876278818388,-0.8679490337416164,1.1928772892562487e-07,7.841184827909493e-08,8.726935768760776e-08,4.359878917859002e-08,9.851050753506079e-08,378,12,cycle_baseline,independent,6,762590091
401,True,-0.03832034517016152,-0.8021397690612777,1.1230453294302053e-07,6.166426613479927e-08,7.267070137428762e-08,6.156703292728335e-08,9.972179979835274e-08,401,12,cycle_baseline,independent,7,105244216
370,True,-0.03999648687066561,-1.4059795567859916,1.1471326096637479e-07,3.0404640984303276e-08,5.5054601339144376e-08,1.105799023417093e-07,9.153909457946925e-08,370,12,cycle_baseline,independent,8,480607630
360,True,-0.04229720921598271,-0.9244621448502356,1.0415777806461718e-07,7.859668152565147e-08,4.978878629901799e-08,5.201261935488759e-08,9.96531939440439e-08,360,12,cycle_baseline,independent,9,626227604
357,True,-0.03888648250215253,-2.342758090976798,1.049482289752954e-07,6.58611700083939e-08,6.58611700083939e-08,6.58611700083939e-08,8.956246097832072e-08,357,12,cycle_baseline,cascade,0,456452194
417,True,-0.037242368977841424,-0.6883785209087917,8.210592603218301e-08,5.2904847009120305e-08,5.2904847009120305e-08,5.2904847009120305e-08,9.477235942313914e-08,417,12,cycle_baseline,cascade,1,699833544
348,True,-0.04226298496479675,-0.7386052083156646,1.9156324215292329e-07,1.2187758593808156e-07,1.2187758593808156e-07,1.2187758593808156e-07,2.026681676455922e-07,348,12,cycle_baseline,cascade,2,240226275
383,True,-0.03680308072929596,-1.9018615394836016,1.3452313982792573e-07,8.789038960970962e-08,8.789038960796529e-08,8.789038960796529e-08,1.1606601920561647e-07,383,12,cycle_baseline,cascade,3,606220613
353,True,-0.04265229249683555,-0.8292869113010206,1.2566881416939664e-07,8.2580343810955e-08,8.258034381907047e-08,8.2580343810955e-08,1.3607107509688787e-07,353,12,cycle_baseline,cascade,4,644819194
427,True,-0.037078884772698176,-0.423217704833703,9.525586323847951e-08,6.006654595835949e-08,6.006654595835949e-08,6.006654595844963e-08,8.744606402759401e-08,427,12,cycle_baseline,cascade,5,633796117
405,True,-0.03842512159156905,-0.6018932813384511,9.040135224646529e-08,5.8373143035032825e-08,5.8373143035032825e-08,5.8373143035032825e-08,1.047426243280729e-07,405,12,cycle_baseline,cascade,6,289320135
329,True,-0.04484102043551813,-1.580707132742762,9.797436290044416e-08,6.340017343750132e-08,6.340017343750132e-08,6.340017343750132e-08,7.606967197066845e-08,329,12,cycle_baseline,cascade,7,305381696
378,True,-0.03829830584898344,-1.793357544842613,1.1618231747659558e-07,7.358060713556011e-08,7.358060713556011e-08,7.358060713556011e-08,8.799176852382692e-08,378,12,cycle_baseline,cascade,8,257808409
386,True,-0.039364446199329974,-1.0461964717986907,9.433269947970547e-08,6.042004171503175e-08,6.042004171503175e-08,6.042004171503175e-08,9.210835871846313e-08,386,12,cycle_baseline,cascade,9,461777094
331,True,-0.047965538374631536,-0.3731747866832906,9.083846924390399e-08,5.961844775990562e-08,5.961844775984449e-08,5.961844775962805e-08,9.158470237399398e-08,331,12,cycle_baseline,heterogeneous_cascade,0,585961373
385,True,-0.040763653580587214,-0.5830099705331767,1.097710897598258e-07,6.869232267958244e-08,6.869232268321564e-08,6.869232267627396e-08,8.507699703352876e-08,385,12,cycle_baseline,heterogeneous_cascade,1,362536015
384,True,-0.03979157000796228,-0.9200561284207447,8.194976462310508e-08,5.2648603825737116e-08,5.264860382614408e-08,5.264860381433746e-08,9.932090606137553e-08,384,12,cycle_baseline,heterogeneous_cascade,2,409982388
386,True,-0.03956049436184327,-0.8703776307232329,1.2316328591898236e-07,7.722204791080627e-08,7.722204790896778e-08,7.722204791133882e-08,1.0005544132909456e-07,386,12,cycle_baseline,heterogeneous_cascade,3,286411446
410,True,-0.038190908908169195,-0.5564842829920437,9.028980648469948e-08,5.6942211288871526e-08,5.694221128981359e-08,5.694221128805559e-08,9.409354455376792e-08,410,12,cycle_baseline,heterogeneous_cascade,4,218856608
407,True,-0.03841821822595864,-0.6062569360432598,8.18045099761996e-08,5.3162886914124827e-08,5.3162886913815335e-08,5.316288691503353e-08,8.94925056946719e-08,407,12,cycle_baseline,heterogeneous_cascade,5,657438226
347,True,-0.04174859539080884,-1.7920515203719067,8.433435811406665e-08,5.4520631196974396e-08,5.452063119592543e-08,5.452063119792839e-08,8.786633730660223e-08,347,12,cycle_baseline,heterogeneous_cascade,6,816056016
352,True,-0.042061206011089945,-1.3927360903499644,1.0815522542899557e-07,7.091565378411219e-08,7.091565378168979e-08,7.091565378280658e-08,9.592039686158366e-08,352,12,cycle_baseline,heterogeneous_cascade,7,290704390
430,True,-0.03632246678084206,-0.5746643706100869,9.086077228260459e-08,5.925392482653284e-08,5.925392482512938e-08,5.925392482777189e-08,9.548745162756795e-08,430,12,cycle_baseline,heterogeneous_cascade,8,860569919
354,True,-0.041806998991821505,-1.0844351266252807,1.34152033090732e-07,8.620711212822502e-08,8.620711214245819e-08,8.620711214305851e-08,1.340351713412493e-07,354,12,cycle_baseline,heterogeneous_cascade,9,167699519
50,True,-0.36780858138322103,0.0058639832636867475,6.645423109292364e-09,4.150468417292428e-09,5.918709671818419e-09,3.7888935574012275e-09,1.5641457604645017e-08,50,12,random_strong,independent,0,365999055
62,True,-0.2771273367059515,0.14471106902553074,2.0468507900127535e-08,6.234777688536161e-09,1.587068142584283e-08,1.6221843642239327e-08,6.147023891635943e-08,62,12,random_strong,independent,1,7507032
86,True,-0.17247802856414896,-1.497079160461656,8.678032124661458e-08,4.473921615007679e-08,2.6584828268766265e-08,8.964977302728444e-08,1.0773699474144668e-07,86,12,random_strong,independent,2,39169520
168,True,-0.07926543214065625,-3.1237855315084135,2.0276290876247734e-07,7.330783384762701e-08,1.5153117361536843e-07,1.5217971474065233e-07,7.843474032051315e-08,168,12,random_strong,independent,3,336129968
47,True,-0.3958691705094551,0.3871072221687733,4.158386663642343e-09,2.994622280926738e-09,1.4602388339555507e-09,3.279039479808512e-09,1.8277510955268894e-08,47,12,random_strong,independent,4,454462427
90,True,-0.1838036969119628,-0.1286813971194582,4.2835897427927256e-08,1.326072656329736e-08,3.514842248995321e-08,2.7310852652249163e-08,7.165978003842793e-08,90,12,random_strong,independent,5,797510835
79,True,-0.20829772978403893,-0.5606737852858794,2.6100016719947794e-08,1.7315568645466537e-08,1.8781765249116162e-08,1.701386650246908e-08,4.9649456578890854e-08,79,12,random_strong,independent,6,134302422
51,True,-0.36447054682861085,0.30502882164558487,1.0192134605479861e-08,1.0130822187821436e-09,6.987750267064785e-10,1.2174125232221354e-08,1.9029313728031384e-08,51,12,random_strong,independent,7,839173866
50,True,-0.3734298157563504,0.32628206066354365,6.2629467054234915e-09,1.2167430100510687e-09,3.993511655445699e-09,5.605970869912539e-09,1.1863449772025181e-08,50,12,random_strong,independent,8,234522765
85,True,-0.18608707963331847,-0.5347056757030249,5.601530339947065e-08,4.9303811065446734e-08,3.137913489258726e-08,1.2422395291896777e-08,1.0083914333713406e-07,85,12,random_strong,independent,9,604912239
72,True,-0.23087892515608208,-0.323503666007929,3.640834034297401e-08,2.193755739792988e-08,4.164297422922006e-08,1.3878343067582117e-08,5.145822276354344e-08,72,12,random_strong,independent,10,115704167
62,True,-0.2921543737366386,0.0860493996785392,1.752229536110256e-08,5.070629009883371e-09,1.7498072488706147e-09,2.063734737063868e-08,2.7397893448904967e-08,62,12,random_strong,independent,11,115344744
56,True,-0.3204813144694361,-0.0397977718733307,1.0697343233535783e-08,9.465687628528027e-09,4.184013389268702e-09,3.799799405496777e-09,1.8513158435194046e-08,56,12,random_strong,independent,12,390062590
53,True,-0.3308601805889609,0.3516461822421523,2.992076230048766e-08,8.857839966619167e-09,2.137083214429268e-09,3.4908418116326084e-08,5.8178419081378655e-08,53,12,random_strong,independent,13,998609514
187,True,-0.07613582170358543,-2.197983498362557,2.5658866423601167e-07,2.307968055838558e-07,3.821877788074875e-08,1.637430289077569e-07,7.857207846750585e-08,187,12,random_strong,independent,14,286475037
73,True,-0.22590535021979705,-0.2931160378273688,3.571772830572294e-08,1.4116312156078098e-08,2.6032519754234722e-08,3.0087871831105995e-08,6.279181025502194e-08,73,12,random_strong,independent,15,192590823
46,True,-0.41014405209224575,0.4379685784499987,6.131801607955769e-09,2.2163523983618826e-09,5.976504457832285e-09,2.6074924064171477e-09,1.7779743059104333e-08,46,12,random_strong,independent,16,945901286
124,True,-0.11643235624349818,-1.951516345498737,1.294938680587761e-07,1.0941787893204456e-07,8.109395048119753e-08,1.1171285097777693e-07,8.486133112779974e-08,124,12,random_strong,independent,17,153963582
49,True,-0.37221049175203663,0.4083639690429934,1.8165055469739017e-08,1.4851978489748429e-08,1.0024170082749743e-08,9.932385361822225e-09,3.062013314799346e-08,49,12,random_strong,independent,18,26402532
47,True,-0.429889733701541,1.8462851150207424,6.271863283818688e-09,2.5079083593042675e-09,6.320722622008658e-09,1.924099556685714e-09,1.4190503283704188e-08,47,12,random_strong,independent,19,422800332
42,True,-0.4584890826843237,0.3341900409518768,3.854743162093154e-09,2.2951744275024143e-09,4.5150949846131675e-09,1.7190186761546737e-09,1.1670485778756973e-08,42,12,random_strong,independent,20,401081738
47,True,-0.37569237380129494,-0.4274066972030523,1.0503846063365473e-08,8.596234427751082e-10,7.913128884099017e-09,9.79706941559711e-09,2.2484855905120918e-08,47,12,random_strong,independent,21,619668525
86,True,-0.18351649303434506,-1.1298349695386183,5.310040295449145e-08,5.546949066292514e-08,2.556036059944663e-08,1.963975383447173e-08,5.926466071347222e-08,86,12,random_strong,independent,22,877734741
67,True,-0.2621684128120467,0.12349677704970416,2.9675821639950547e-08,2.7828441456829268e-08,6.9552638159134675e-09,2.2781482401028757e-08,5.863233601471143e-08,67,12,random_strong,independent,23,932900782
60,True,-0.30503063566177513,0.5617840769195321,9.015466779269835e-09,4.718247324223981e-09,1.8992470592337273e-09,8.561864300638978e-09,2.6351319891249925e-08,60,12,random_strong,independent,24,289638912
85,True,-0.1919706412705353,-0.6272847584311029,4.6794748222673814e-08,1.9560733883912897e-08,2.6472876146015932e-08,4.283381762569689e-08,5.0202086843579815e-08,85,12,random_strong,independent,25,980821145
119,True,-0.1350256479633149,-0.6774937556192094,3.9827838716364476e-08,2.4127525826159078e-08,1.7228358132025813e-08,2.89321882805853e-08,6.460512902976599e-08,119,12,random_strong,independent,26,632661105
63,True,-0.27294421427813176,-0.2959675616614083,2.1347315228797036e-08,2.1247448780494134e-08,9.46870744049014e-09,7.475361254435787e-09,2.9367160830378667e-08,63,12,random_strong,independent,27,69640636
47,True,-0.4177513369020507,1.3125567405794636,6.0684519328737245e-09,3.970422025548511e-09,3.369388594885759e-09,4.520710087708961e-09,1.7295061893343038e-08,47,12,random_strong,independent,28,938446489
44,True,-0.4162102860469019,-0.07475650319161353,9.03055300910047e-09,7.65747138472728e-09,8.189044302424485e-10,7.206654401989541e-09,1.838042175701449e-08,44,12,random_strong,independent,29,137997517
66,True,-0.2728783114989584,0.13912333547359257,1.187103850848045e-08,7.92360681936465e-09,7.92360681936465e-09,7.92360682273444e-09,2.7029920918024746e-08,66,12,random_strong,cascade,0,588595651
53,True,-0.31713833787399565,-0.2534155084223774,1.9335214359937072e-08,1.6657017479497712e-08,1.665701746871484e-08,1.6657017462915553e-08,4.355931823152783e-08,53,12,random_strong,cascade,1,790737973
63,True,-0.2640653243360193,-0.5851279156817716,2.3477484691957498e-08,1.5297894321309473e-08,1.5297894321309473e-08,1.529789432320396e-08,1.979364436682376e-08,63,12,random_strong,cascade,2,249438167
78,True,-0.2201744249167526,-0.12154723482559883,1.4850794527469517e-08,1.0541782897335553e-08,1.0541782897335553e-08,1.0541782897335553e-08,3.496915512325411e-08,78,12,random_strong,cascade,3,270632152
62,True,-0.2825686923854179,-0.2093846295840908,2.1799457290202447e-08,1.388740201590343e-08,1.388740201590343e-08,1.388740201638737e-08,2.7102458681660508e-08,62,12,random_strong,cascade,4,476177121
64,True,-0.2717125835870846,0.0955438827047174,1.945290278513342e-08,1.3187887831780482e-08,1.3187887829888278e-08,1.3187887839901458e-08,3.969031677545471e-08,64,12,random_strong,cascade,5,884849059
58,True,-0.31315943822689324,0.45327141777045726,8.235789245001384e-09,5.343264976152676e-09,5.343264976152676e-09,5.343264976252156e-09,2.658503424590138e-08,58,12,random_strong,cascade,6,223603330
66,True,-0.24935646696863564,-0.10822409104443874,5.6578147620724355e-08,3.65142844963419e-08,3.65142844963419e-08,3.651428448575923e-08,8.07123035757398e-08,66,12,random_strong,cascade,7,663453257
62,True,-0.29155134918627823,0.8818608880037682,4.1481176051131577e-08,3.219517623182925e-08,3.219517623182925e-08,3.219517624116348e-08,9.126369361914397e-08,62,12,random_strong,cascade,8,452591628
72,True,-0.22782265325742307,0.11951771242905891,7.115015628203235e-08,4.8677411824892454e-08,4.867741182116736e-08,4.867741178201341e-08,1.0481391565342735e-07,72,12,random_strong,cascade,9,111844802
136,True,-0.10963170969429359,-1.5705509396625141,7.980281392231013e-08,5.227372468761091e-08,5.2273724679450066e-08,5.2273724692028783e-08,6.806923981239803e-08,136,12,random_strong,heterogeneous_cascade,0,710876814
59,True,-0.27844526617161924,-0.7036835725243424,4.065014032933902e-08,2.724896310971542e-08,2.724896310730029e-08,2.7248977642400485e-08,5.7836299544349405e-08,59,12,random_strong,heterogeneous_cascade,1,832529284
53,True,-0.34327267207459794,0.26661727529000867,1.1166253593846806e-08,7.411338481992138e-09,7.411338485285634e-09,7.41133594598285e-09,1.9413256173409712e-08,53,12,random_strong,heterogeneous_cascade,2,575634034
48,True,-0.38971753200471515,0.47696081209641245,9.604448074687406e-09,6.446403701108451e-09,6.44640372019996e-09,6.446720713782473e-09,1.8919615893170765e-08,48,12,random_strong,heterogeneous_cascade,3,176356379
83,True,-0.19845662933011218,-0.5556116065264504,4.625214615579129e-08,3.5120348364463756e-08,3.512034836302662e-08,3.512034836468217e-08,4.7959530575157615e-08,83,12,random_strong,heterogeneous_cascade,4,423495394
55,True,-0.29135481966420035,-0.9353801514991046,2.9151581403371857e-08,1.8980366135200894e-08,1.8980366157279466e-08,1.8980423216705678e-08,6.055649715035734e-08,55,12,random_strong,heterogeneous_cascade,5,506418790
58,True,-0.3166499379357935,0.47177874261848546,9.259315726417854e-09,6.686546418862473e-09,6.686546417759992e-09,6.6871825641558976e-09,2.0851064562769305e-08,58,12,random_strong,heterogeneous_cascade,6,552184928
114,True,-0.1263875797290774,-2.3170467755731154,9.163113621240667e-08,6.076095101706571e-08,6.076095101706571e-08,6.076095101342644e-08,6.188406026712828e-08,114,12,random_strong,heterogeneous_cascade,7,243655944
40,True,-0.43435841584794505,0.006683394714354096,2.396851983606786e-08,1.637053107401763e-08,1.6370531082385297e-08,1.645741833192295e-08,5.657383029493648e-08,40,12,random_strong,heterogeneous_cascade,8,295079025
47,True,-0.4080700216643207,1.5807704195678989,4.195561850257492e-09,3.680112554914958e-09,3.6801125483801897e-09,3.67972841326649e-09,9.804151331134942e-09,47,12,random_strong,heterogeneous_cascade,9,686162915
56,True,-0.29593205923891086,-0.6586452129478486,2.1549519896230044e-08,1.509096371576711e-08,1.5090963707218216e-08,1.5090960650974697e-08,3.35455251504178e-08,56,12,random_strong,heterogeneous_cascade,10,796474106
128,True,-0.12646226652892817,-0.5114636071383794,3.9915556016274066e-08,2.5377986223896447e-08,2.5377986222721185e-08,2.5377986225135388e-08,6.299075064114583e-08,128,12,random_strong,heterogeneous_cascade,11,652686734
57,True,-0.2997589803171458,-0.16600017741916526,2.848753765369827e-08,2.036365836885596e-08,2.03636583390253e-08,2.03636405956799e-08,4.388154169569661e-08,57,12,random_strong,heterogeneous_cascade,12,1247351
84,True,-0.2016014337739453,-0.27235468943868124,2.8375887911844864e-08,1.83877129734327e-08,1.8387712965159977e-08,1.8387713010827755e-08,2.8458725753808437e-08,84,12,random_strong,heterogeneous_cascade,13,992042005
82,True,-0.21187312070635472,0.4190838212915935,2.752423516029472e-08,1.8680685865460353e-08,1.8680685865637956e-08,1.8680685865436785e-08,5.951123658222463e-08,82,12,random_strong,heterogeneous_cascade,14,23767609
35,True,-0.5513998648788396,0.3237691278903937,1.8642798989190644e-09,1.2502325013817952e-09,1.2502265835564558e-09,1.3081365564442671e-09,1.0932656575202779e-08,35,12,random_strong,heterogeneous_cascade,15,999421909
96,True,-0.1758331381716861,-0.08769184431616554,2.6806011860625462e-08,1.95756018460674e-08,1.9575601842530333e-08,1.9575601841865204e-08,4.8292723319669515e-08,96,12,random_strong,heterogeneous_cascade,16,31774463
75,True,-0.23322394739597313,0.13203319946068814,1.1626476006527235e-08,8.573646546744963e-09,8.573646541617843e-09,8.573646543402082e-09,4.031059705654949e-08,75,12,random_strong,heterogeneous_cascade,17,516459402
65,True,-0.27771045742386286,0.806214390901902,3.964985740499486e-08,3.005621288223409e-08,3.005621289218902e-08,3.005621236877805e-08,6.797540384904385e-08,65,12,random_strong,heterogeneous_cascade,18,105970905
44,True,-0.4378646484580914,0.8553424710285206,4.346331840978283e-09,3.001199021566967e-09,3.0011990017324574e-09,3.00079476379267e-09,1.2195667553328606e-08,44,12,random_strong,heterogeneous_cascade,19,95199086
110,True,-0.13607464392468258,-1.7941871513270204,1.011449923499213e-07,6.628085483790574e-08,6.628085483185405e-08,6.62808548253141e-08,6.009026019403056e-08,110,12,random_strong,heterogeneous_cascade,20,683395865
89,True,-0.17568430833504162,-1.2768290619419782,6.053920877252206e-08,5.214669826785291e-08,5.2146698258525546e-08,5.214669827701937e-08,5.8986372280297426e-08,89,12,random_strong,heterogeneous_cascade,21,727843298
67,True,-0.25190536746688946,-0.46188331813937633,1.4749419441379497e-08,1.1114677549009983e-08,1.1114677548672194e-08,1.11146775451428e-08,4.107306683975528e-08,67,12,random_strong,heterogeneous_cascade,22,118236679
70,True,-0.212831229890724,-1.7961080899555324,4.9359521676504856e-08,3.2111138185825674e-08,3.2111138188229885e-08,3.211113823147337e-08,4.9720111671469405e-08,70,12,random_strong,heterogeneous_cascade,23,976664078
60,True,-0.3058797003765832,0.4998146127026682,1.2396855071315878e-08,8.794707479540945e-09,8.794707477237252e-09,8.794708370412926e-09,3.759007169066377e-08,60,12,random_strong,heterogeneous_cascade,24,320461442
48,True,-0.37657444914182414,0.6629508816651102,1.6797808137936405e-08,1.4335685320453107e-08,1.4335685327784705e-08,1.4335042857200937e-08,7.347616615275042e-08,48,12,random_strong,heterogeneous_cascade,25,318326387
55,True,-0.29351669170464456,-1.442448480477621,1.6551072779100826e-08,1.1555841133065734e-08,1.1555841121417334e-08,1.1556014888737113e-08,2.3937498469306265e-08,55,12,random_strong,heterogeneous_cascade,26,296977314
45,True,-0.38703907809214255,-0.1228752290091781,9.868432173478603e-09,7.509081151974846e-09,7.509081151063661e-09,7.508813058798644e-09,2.9526982376501772e-08,45,12,random_strong,heterogeneous_cascade,27,461208885
57,True,-0.3139649863278022,-0.27984924967687924,7.197757973178412e-09,4.92137440065748e-09,4.921374401097614e-09,4.921374259297114e-09,2.0511191500379756e-08,57,12,random_strong,heterogeneous_cascade,28,177834183
48,True,-0.3719883552870445,0.10400766547179106,1.7118720757554917e-08,1.4010157717999645e-08,1.4010157720524442e-08,1.4010380076115658e-08,3.874307409700893e-08,48,12,random_strong,heterogeneous_cascade,29,424776924
39,True,-0.49084485428586005,0.540928384955647,2.560793809442511e-09,1.438775327167308e-09,1.1274525908276017e-09,1.9725384294981137e-09,1.3946948247340793e-08,39,12,small_world,independent,0,209981349
39,True,-0.4955019038133586,0.530023723090047,2.1145472508916815e-09,1.4611347295497626e-09,6.801540158896844e-10,1.6918217706462988e-09,1.1187821658822266e-08,39,12,small_world,independent,1,51419154
51,True,-0.36125002359294156,0.506663284803417,4.9146844205350325e-09,2.5795083791383348e-09,2.0177423400431563e-09,4.037974575584324e-09,2.4635636756070975e-08,51,12,small_world,independent,2,368736768
28,True,-0.7197996147735152,0.6522737384477848,1.0281929770570409e-09,6.224891531604394e-10,5.887937344740765e-10,6.232510941475793e-10,7.2156244415553215e-09,28,12,small_world,independent,3,672264431
55,True,-0.3331889966267009,0.3697101891848503,5.190467033151469e-09,8.524289630210968e-10,5.550333275021762e-09,7.208147995162313e-10,2.1928092516376708e-08,55,12,small_world,independent,4,763089858
40,True,-0.4914215520316889,0.8786924539812895,2.0356022741409905e-09,8.308528143058496e-10,9.325577390472908e-10,1.871312476819602e-09,1.1627795979896065e-08,40,12,small_world,independent,5,353337694
45,True,-0.4157410821972661,0.22641301874389927,2.9260009388482594e-09,8.654900832058814e-10,1.971436882106299e-09,2.326524916793607e-09,1.4588875355997814e-08,45,12,small_world,independent,6,323746255
28,True,-0.7103293041855709,-0.021991987980882463,6.506576265515779e-10,2.978167004484191e-10,6.066105712546785e-10,2.039911263351065e-10,4.812472242452533e-09,28,12,small_world,independent,7,787463874
50,True,-0.36827799933574124,0.2811187092212415,4.846328317462615e-09,2.8507572294465893e-09,1.5521089052005333e-09,3.893503596648646e-09,2.007606320923543e-08,50,12,small_world,independent,8,681188330
39,True,-0.4821214780741194,0.32603898900898853,2.5832519321270807e-09,1.1210197328101598e-09,1.8788398317200265e-09,1.786309935178704e-09,1.5451306001266088e-08,39,12,small_world,independent,9,832120075
35,True,-0.5685451552633979,0.5273823996079223,1.211308895449233e-09,1.0366831550786633e-09,5.745767179264445e-10,5.73395848365768e-10,6.685594196742987e-09,35,12,small_world,independent,10,906101430
39,True,-0.48784907180702247,0.4565693934709113,3.168362909598009e-09,2.0027617983749896e-09,1.9025912681915208e-09,1.882151139442515e-09,1.3369501809269553e-08,39,12,small_world,independent,11,821230786
50,True,-0.3685400131773827,0.18883769478048967,3.76393672342495e-09,1.029919364612326e-09,3.6610270779373936e-09,1.39160577714264e-09,1.6712591433517634e-08,50,12,small_world,independent,12,936485648
29,True,-0.7011109934590584,0.3505393974681589,7.076255374588508e-10,8.194847682046823e-10,1.0885942057764336e-10,2.0676949738823294e-10,5.063567536123778e-09,29,12,small_world,independent,13,416665997
43,True,-0.433555794355596,0.3098481763292956,3.8932727668979415e-09,2.379519315850348e-09,1.452338039514407e-09,2.879161085551262e-09,1.7314257410412167e-08,43,12,small_world,independent,14,394671825
40,True,-0.4578811591857986,-0.15097960424702345,2.9581911986753303e-09,2.36519835247802e-09,1.4073938113942806e-09,1.6058945766676051e-09,1.518057002809896e-08,40,12,small_world,independent,15,321545682
50,True,-0.37140395942397286,0.5182959671447013,4.790031044941637e-09,2.0132961259287254e-09,3.901059064944239e-09,2.637402513491038e-09,1.932526164963872e-08,50,12,small_world,independent,16,235222606
47,True,-0.40834698912021017,0.730291040388924,2.6490216864940875e-09,1.0611808890696231e-09,2.6730587377027445e-09,3.901473080926326e-10,1.4463540668591648e-08,47,12,small_world,independent,17,748820779
50,True,-0.3535004400203752,-0.1657749352981393,6.381748045592146e-09,2.182252942638396e-09,4.861653700098638e-09,4.3248854672055335e-09,2.3333096016292416e-08,50,12,small_world,independent,18,714451257
39,True,-0.47754434740934865,0.008572339106610276,2.6655754541301757e-09,4.1935955272203617e-10,1.750227398156554e-09,2.2115354135896297e-09,1.3375941819881678e-08,39,12,small_world,independent,19,801389433
37,True,-0.5135188867840251,0.685620921048808,3.68142250304365e-09,2.516943136588076e-10,2.612771179501114e-09,2.9665668134455184e-09,1.8231853669184325e-08,37,12,small_world,independent,20,167390902
38,True,-0.5215825682938043,0.8449081376178269,1.746146170124296e-09,1.39726257274896e-09,1.3407676210437493e-11,1.2369363898041763e-09,9.468613112869083e-09,38,12,small_world,independent,21,491257446
39,True,-0.4876219495997756,0.4642333703547666,2.6948807578106326e-09,2.156724863787339e-09,1.005781917463521e-09,1.6043521043403436e-09,1.4710973346584565e-08,39,12,small_world,independent,22,221958969
40,True,-0.45659204198995534,-0.31146645275996554,2.6452660968526405e-09,3.3173656093377003e-10,2.8429138142670115e-09,6.479547186268798e-10,1.3290181193126515e-08,40,12,small_world,independent,23,893031019
41,True,-0.4506597614441638,0.16645011195411769,3.891694496021793e-09,1.7607349301902993e-09,3.5649509945205456e-09,1.4402637486425165e-09,1.8199079606386233e-08,41,12,small_world,independent,24,267411236
35,True,-0.5326891989167767,-0.11136227266269151,1.0540688396774085e-09,7.649691945147561e-10,7.649691911596772e-10,7.649691920569455e-10,1.3225835122645594e-08,35,12,small_world,cascade,0,569864206
41,True,-0.41979536807016055,-1.3263415150725693,2.98162333928119e-09,1.9273805411262556e-09,1.927380541778745e-09,1.9273805315289558e-09,1.3627507167304346e-08,41,12,small_world,cascade,1,879068779
56,True,-0.3230794632845973,0.16457313406445703,5.2584357634489755e-09,3.553979159410476e-09,3.553979159410476e-09,3.553979159845246e-09,2.237011211650345e-08,56,12,small_world,cascade,2,915731100
41,True,-0.45259779960137964,0.14871879716090405,3.950136879564413e-09,2.5827433964826506e-09,2.582743396884215e-09,2.5827433945244816e-09,1.575626321437377e-08,41,12,small_world,cascade,3,96095232
43,True,-0.4142989563673909,-0.5542334614629985,2.9764993027373148e-09,1.943508404670693e-09,1.943508404670693e-09,1.9435084046343405e-09,1.6395311982343223e-08,43,12,small_world,cascade,4,325893493
40,True,-0.46141517298105444,0.15099573415311052,4.260085488470154e-09,2.6609259053013205e-09,2.6609259066836096e-09,2.660925904886581e-09,1.6606375318582396e-08,40,12,small_world,cascade,5,153525521
43,True,-0.4236293983447611,-0.01507762084011163,3.7768474104824346e-09,2.3659071488463784e-09,2.3659071488463784e-09,2.3659071377721783e-09,1.7551841249874084e-08,43,12,small_world,cascade,6,307865760
34,True,-0.5130106810831533,-1.0719833835383727,3.340662386591536e-10,2.178126874558755e-10,2.1781267836614752e-10,2.1781267136172923e-10,1.553032429204963e-08,34,12,small_world,cascade,7,533840013
37,True,-0.5186705922863666,0.2655859659383394,1.8054833005851363e-09,1.170430583713725e-09,1.1704305832226396e-09,1.1704305760742078e-09,9.620595367283944e-09,37,12,small_world,cascade,8,280571798
36,True,-0.5410388132972135,0.693029882121369,2.224541668969445e-09,1.4271833772017822e-09,1.427183379017835e-09,1.4271833535051219e-09,1.1830679260928925e-08,36,12,small_world,cascade,9,67518480
53,True,-0.3420605100712746,0.10093909136156398,4.855405341553989e-09,3.2520746394688623e-09,3.25207464683557e-09,3.2520746057298604e-09,2.018602944292256e-08,53,12,small_world,heterogeneous_cascade,0,510029806
50,True,-0.36667657049601016,0.3369244578953349,3.9387077516797615e-09,2.701148299652396e-09,2.7011482866742678e-09,2.701127604764967e-09,2.187155097248261e-08,50,12,small_world,heterogeneous_cascade,1,52807101
39,True,-0.4512798687305536,-0.39022785096416973,4.296638574064455e-09,2.913945516315848e-09,2.9139455199014147e-09,2.898469083840946e-09,2.3805987534301687e-08,39,12,small_world,heterogeneous_cascade,2,226696020
39,True,-0.4672867130070255,0.23979713506800737,4.2005722997893e-09,2.8139207599546236e-09,2.8139207462485647e-09,3.0010374615203787e-09,2.2939061094330655e-08,39,12,small_world,heterogeneous_cascade,3,518744
38,True,-0.4920618407196523,-0.042680863476843536,2.022724479259215e-09,1.3345735794387696e-09,1.3345735813407641e-09,1.3302266741254662e-09,1.2453544108812988e-08,38,12,small_world,heterogeneous_cascade,4,86821645
44,True,-0.4330733123542411,0.645564327470754,3.0296402763301387e-09,1.9859012481880554e-09,1.9859012478374148e-09,1.983292037563926e-09,1.622462458991449e-08,44,12,small_world,heterogeneous_cascade,5,436316659
49,True,-0.3298205069573831,-1.7696874730368617,4.383303895127361e-09,2.995504830655026e-09,2.995504825723746e-09,2.995494049923501e-09,2.3203833246645142e-08,49,12,small_world,heterogeneous_cascade,6,850713569
48,True,-0.3971861566927079,0.7902065291299143,3.1665611962343585e-09,2.1490837143840738e-09,2.149083713419549e-09,2.1494087929559884e-09,1.7592192104059312e-08,48,12,small_world,heterogeneous_cascade,7,774623881
53,True,-0.33651867891853415,0.06495299864089916,5.77604247354136e-09,3.6944860966927823e-09,3.6944860956346e-09,3.6944862044562024e-09,2.7019134559132403e-08,53,12,small_world,heterogeneous_cascade,8,98830644
41,True,-0.4570467124374317,-0.030745382278868156,2.1474608401581023e-09,1.3414357318893774e-09,1.3414357304530494e-09,1.5980973816923782e-09,1.1590237454131399e-08,41,12,small_world,heterogeneous_cascade,9,34838350
35,True,-0.5481836174311616,-0.054108475872036425,2.1783152025296404e-09,1.0027605234600072e-09,2.3235462414316186e-09,1.418755378869817e-10,7.776868598321719e-09,35,12,scale_free,independent,0,338087280
37,True,-0.5136201075713578,0.19641924906283273,3.769690955977486e-09,1.6690372180274386e-09,3.6857342721920903e-09,1.5630646997099473e-09,1.0305432312342857e-08,37,12,scale_free,independent,1,652257606
28,True,-0.7031586487025765,0.6077031232147038,2.9256109131772643e-09,1.0155365416447995e-09,2.790802988856939e-09,2.5901105154148155e-09,1.3245505498234482e-08,28,12,scale_free,independent,2,746732531
41,True,-0.40671657016845236,-1.422789251587505,8.374706699703714e-09,8.398989693915211e-10,6.740848547280611e-09,8.66183720146869e-09,2.082347782188454e-08,41,12,scale_free,independent,3,823127317
39,True,-0.45348851553173686,-0.8481796608915626,5.07129465648348e-09,2.061448363169082e-09,4.743655222780906e-09,4.178565088831638e-09,1.4186201673491252e-08,39,12,scale_free,independent,4,168000848
33,True,-0.5947684940234973,0.04491821172779875,1.6086278132461678e-09,6.600454287286549e-10,1.7193628817705211e-09,7.679198829856716e-10,5.809476802885963e-09,33,12,scale_free,independent,5,26347960
29,True,-0.6886072869389503,0.529253978911403,1.4909603436015399e-09,1.8474570471122468e-09,2.6644620745720923e-10,7.733588530703663e-10,7.58439975164969e-09,29,12,scale_free,independent,6,146863734
39,True,-0.4335747189398758,-1.281723452830069,9.476257742965215e-09,2.4166165121039387e-09,2.735872505368344e-09,1.0732061955321763e-08,2.0947437357553848e-08,39,12,scale_free,independent,7,65161697
29,True,-0.6841871182858812,0.21526767942128522,1.3796959908905036e-09,1.4273499018305606e-09,4.032308114050971e-10,8.247814245296033e-10,5.993309947758601e-09,29,12,scale_free,independent,8,860800973
45,True,-0.38127216768497985,-0.38938819525202023,1.7918055123151956e-08,1.604225399860136e-08,7.267550127941015e-09,9.079438435424746e-09,3.508421109267304e-08,45,12,scale_free,independent,9,268413275
44,True,-0.3781068079233352,-1.480507445359862,9.346380769959082e-09,6.174017619739237e-09,5.200218730503672e-09,7.927936748869008e-09,1.9744143484325297e-08,44,12,scale_free,independent,10,823124609
31,True,-0.5831666749956643,-0.9035849540955221,2.7136214432341023e-09,1.2196320778743516e-09,1.876802547409449e-09,1.8475500797335507e-09,8.940574655268111e-09,31,12,scale_free,independent,11,553158946
51,True,-0.3442009033652197,-0.36321628404770095,1.2779360607282509e-08,6.620594021739101e-09,7.091489684800629e-09,1.0599921306782014e-08,2.108013223135201e-08,51,12,scale_free,independent,12,538941766
35,True,-0.5268606222257349,-0.30621530496356913,2.830259703485065e-09,3.126533863363732e-09,8.395661100598335e-10,1.4188811860744286e-09,1.0832042857249158e-08,35,12,scale_free,independent,13,454793293
34,True,-0.5651367273300756,-0.1720408337234696,1.7195833808893452e-09,1.1475729780878689e-09,1.3213211664997534e-09,1.1497620458677175e-09,7.028058487255253e-09,34,12,scale_free,independent,14,819199879
35,True,-0.5117127407879078,-0.5899768795677878,5.691203505315017e-09,3.912751789632087e-09,5.089704384867933e-09,2.826419981529406e-10,1.5590392397247436e-08,35,12,scale_free,independent,15,43449084
28,True,-0.7265788343526695,0.6711620886872509,1.6750758692148238e-09,1.5093341041754988e-09,6.515648535166449e-10,1.1023493956885901e-09,7.81189155504984e-09,28,12,scale_free,independent,16,92756077
38,True,-0.4374759830811912,-1.4387122952748905,9.356598135989067e-09,8.70964945524244e-09,7.042170740087242e-09,1.8862089888269567e-09,2.212905281189546e-08,38,12,scale_free,independent,17,423387958
69,True,-0.21605753936320052,-2.1978573619102013,4.959514409420555e-08,2.0696299050945466e-08,8.636894079493805e-09,4.9222457785123255e-08,4.622371873980604e-08,69,12,scale_free,independent,18,394481517
29,True,-0.6203781729357738,-0.7668495217765616,5.181712963897776e-09,1.8402538880682084e-10,2.1695942475530383e-09,5.941706331061666e-09,1.7482075403586422e-08,29,12,scale_free,independent,19,545596864
27,True,-0.7454285135516434,0.3899758119423127,1.1298701256886587e-09,6.984157349178805e-10,8.152662201880664e-10,6.458072314710599e-10,5.009842121601171e-09,27,12,scale_free,independent,20,737797555
33,True,-0.5833809463348834,0.17538540421607837,3.2206301989187942e-09,2.4996061738090045e-09,7.669423875012191e-10,2.3971706763514726e-09,1.0519471198365173e-08,33,12,scale_free,independent,21,587545169
26,True,-0.8375669227832873,1.3588717381952078,6.236441476957998e-10,1.6042210007114986e-10,6.36584234551742e-10,3.469327850718934e-10,3.7761915325560886e-09,26,12,scale_free,independent,22,257451959
32,True,-0.6213957134279806,0.6633116791874255,1.1061829185689651e-09,6.703523008201491e-10,7.634444311654552e-10,7.112338157298404e-10,5.872412343971176e-09,32,12,scale_free,independent,23,327291532
30,True,-0.6643527801671044,0.46856636361854825,2.611358451008696e-09,3.2980378701244295e-10,1.5173524729764833e-09,2.741855788530462e-09,9.35412034772877e-09,30,12,scale_free,independent,24,752328914
41,True,-0.431882981586297,-0.16518108220257507,9.680153271937045e-09,6.044057095702881e-09,6.86589719254281e-09,7.972477896733335e-09,2.5237201720102212e-08,41,12,scale_free,independent,25,201467748
57,True,-0.285132742474383,-0.7216811136523523,4.303379790229913e-08,1.941531359046818e-08,2.8237842617751088e-08,3.016687745235829e-08,5.650119191524036e-08,57,12,scale_free,independent,26,504178604
34,True,-0.5709732982412351,0.32760734176467166,3.1302644720326605e-09,4.6043107620558427e-10,1.5303840539859188e-09,3.4018237127394976e-09,9.960462563582414e-09,34,12,scale_free,independent,27,750265987
41,True,-0.4046631179746391,-1.0371222315201571,1.3077250883011628e-08,2.515805584350177e-09,8.645664858988037e-09,1.1585948096626227e-08,2.7587845095183397e-08,41,12,scale_free,independent,28,464679637
42,True,-0.4248733071308767,-0.39275072673591255,7.003042545957402e-09,8.03662842770334e-09,1.7704240388061937e-09,2.9881815373592753e-09,1.6843317125365024e-08,42,12,scale_free,independent,29,309164517
45,True,-0.3519573424497179,-1.266607252456492,2.951757196860783e-08,2.0201252210953527e-08,2.0201252210953527e-08,2.0201252202992572e-08,5.183985075616117e-08,45,12,scale_free,cascade,0,367904340
41,True,-0.40291337869467214,-1.399840680182103,1.0279145145443232e-08,7.034398217539338e-09,7.03439821857313e-09,7.034398229561605e-09,2.284021870171326e-08,41,12,scale_free,cascade,1,411590214
32,True,-0.5425878618251654,-1.5631689379244176,2.081205437160579e-09,1.4820428200356045e-09,1.482042823390649e-09,1.4820430435656564e-09,1.347466088030538e-08,32,12,scale_free,cascade,2,219189216
34,True,-0.5381743411695717,-0.6079655592313087,2.014811797247095e-11,1.2612097120802269e-11,1.2612099065524122e-11,1.2612098929200277e-11,1.3931276413559372e-08,34,12,scale_free,cascade,3,625407404
39,True,-0.4269690237605739,-1.3927040355874407,2.0672445958537434e-08,1.394482839493224e-08,1.3944828399563991e-08,1.39448284807017e-08,3.931059848509108e-08,39,12,scale_free,cascade,4,208379341
37,True,-0.49451120071272553,-0.29135976261581664,4.729564948714548e-09,3.2907931102981535e-09,3.2907931036059687e-09,3.290793069395449e-09,1.3503709990584918e-08,37,12,scale_free,cascade,5,648677129
34,True,-0.5109425956718361,-0.7004414599248814,2.5571515071183558e-11,1.7906124580543314e-11,1.790613521839852e-11,1.7906123064419066e-11,2.3675776641743704e-08,34,12,scale_free,cascade,6,751490810
35,True,-0.514331562804341,-0.6885091021053018,4.257997580993528e-12,2.871418608469609e-12,2.871418970781523e-12,2.8714179301738325e-12,1.325488552346661e-08,35,12,scale_free,cascade,7,961838489
56,True,-0.31180062170116024,-0.15566416617289075,1.7143477450214347e-08,1.213470687160846e-08,1.2134706870802579e-08,1.213470686762454e-08,3.020742789818744e-08,56,12,scale_free,cascade,8,118910347
35,True,-0.5499077456025934,0.45187456887706057,4.1048237745422435e-10,2.9416927097494643e-10,2.9416927679367023e-10,2.9416927973586797e-10,1.4588699487250433e-08,35,12,scale_free,cascade,9,759731297
33,True,-0.5716168194685718,0.36982927513101765,1.9671816353404363e-09,1.7374296286553003e-09,1.7374296265754591e-09,1.7374297251183497e-09,2.1368671969610624e-08,33,12,scale_free,cascade,10,85982349
34,True,-0.5227298419172801,-0.9750223479956365,1.0130991568273102e-10,7.067674670983791e-11,7.06767469417572e-11,7.067674693957838e-11,1.3824717721018112e-08,34,12,scale_free,cascade,11,337247560
35,True,-0.511447041145366,-0.27364048560182047,3.6065135804577735e-11,2.2588212958560767e-11,2.2588241355515945e-11,2.2588243849699742e-11,2.1409787297067993e-08,35,12,scale_free,cascade,12,176291364
35,True,-0.5115653635901696,-0.051811286547406146,9.805357934976362e-11,6.745523005517179e-11,6.745522435119874e-11,6.74552306657513e-11,2.668954629727233e-08,35,12,scale_free,cascade,13,162284189
36,True,-0.5172575671832884,-0.047417036109757046,1.1726895545750587e-09,7.629261000966931e-10,7.629260917765941e-10,7.629260904812005e-10,1.4157014383334104e-08,36,12,scale_free,cascade,14,175346511
30,True,-0.6468728245358681,0.0642614033865916,5.81030601437804e-10,1.5638827902346258e-11,1.551047897768006e-11,7.368810632697216e-10,1.3178200880079666e-08,30,12,scale_free,heterogeneous_cascade,0,43938197
50,True,-0.33909073937199785,-0.6540808766567552,1.925739023539674e-08,1.3059350877815832e-08,1.305935087916624e-08,1.3060136878373699e-08,3.1671174143231646e-08,50,12,scale_free,heterogeneous_cascade,1,823107622
35,True,-0.524017362319924,-0.41668858544815607,7.597439210857665e-10,3.4605720033071387e-10,3.460572556895163e-10,8.293150942740845e-10,1.2368632840099349e-08,35,12,scale_free,heterogeneous_cascade,2,61128508
34,True,-0.5716570965950771,-0.04867728126330256,8.74991390758074e-10,6.006791569084959e-10,6.00679532119299e-10,6.303898778210675e-10,8.347518140086005e-09,34,12,scale_free,heterogeneous_cascade,3,398506623
37,True,-0.4883202317690507,-0.24762967869987262,5.070171350273959e-09,3.464916576424301e-09,3.4649166833221502e-09,2.7915549365182235e-09,2.0690544095750633e-08,37,12,scale_free,heterogeneous_cascade,4,699162615
36,True,-0.5044672407361828,0.076835990148345,3.3675464231187056e-09,1.7573624734259185e-09,1.7573625358664147e-09,3.287884563428272e-09,2.3237004809257997e-08,36,12,scale_free,heterogeneous_cascade,5,990388457
33,True,-0.547558730195256,-1.1389978154042724,1.051440769505207e-09,7.722257135431653e-10,7.722258795160503e-10,6.67174077102641e-10,6.2057488572238e-09,33,12,scale_free,heterogeneous_cascade,6,853705462
75,True,-0.22345032516621396,-0.3610522552694921,3.143891313273079e-08,2.0115048512638822e-08,2.0115048517461524e-08,2.0115048502354718e-08,4.595722201371973e-08,75,12,scale_free,heterogeneous_cascade,7,137211257
81,True,-0.18497989983537796,-1.9875920103446272,4.826541709021541e-08,3.545395214119961e-08,3.545395213868125e-08,3.5453952122939764e-08,5.113472451083862e-08,81,12,scale_free,heterogeneous_cascade,8,653539825
33,True,-0.5403926050460578,-1.0134637352767255,9.609142862412096e-10,4.85272110875428e-10,4.852682887166503e-10,7.656656681604178e-10,1.3731897703727745e-08,33,12,scale_free,heterogeneous_cascade,9,179568189
41,True,-0.4518234575965084,-0.35837204463681915,5.731652906916109e-09,4.1903503283103e-09,4.190350328945109e-09,4.192917305605056e-09,1.3337301389194664e-08,41,12,scale_free,heterogeneous_cascade,10,448729507
38,True,-0.4434275278291485,-1.797194316088112,1.1186016975898035e-08,8.109018514772535e-09,8.109018575890912e-09,8.064854002718151e-09,2.3610285375257125e-08,38,12,scale_free,heterogeneous_cascade,11,917882210
35,True,-0.536351501130178,-0.19881110835870244,2.288591142547899e-09,1.4175453596912777e-09,1.4175453609266685e-09,1.4962936567930886e-09,1.1538899989449061e-08,35,12,scale_free,heterogeneous_cascade,12,392918176
75,True,-0.2029474415584215,-1.2911390661656068,4.191920131692884e-08,3.0096919516618304e-08,3.0096919516618304e-08,3.009691951696833e-08,8.270953825941726e-08,75,12,scale_free,heterogeneous_cascade,13,952975670
53,True,-0.32150070628474664,-0.8487176923842004,1.3702437348637831e-08,9.547245755793931e-09,9.547245755241029e-09,9.547360456561325e-09,2.332462030395118e-08,53,12,scale_free,heterogeneous_cascade,14,975595645
34,True,-0.5482349842481199,-0.26130527940092585,2.685863866377963e-09,1.8600022101676181e-09,1.8600007157970044e-09,1.8151056538169495e-09,1.1630281012076421e-08,34,12,scale_free,heterogeneous_cascade,15,955710166
40,True,-0.45223755564785445,0.4190786885600294,1.2702830414740329e-08,8.329965952680716e-09,8.329965926651002e-09,8.361179816968918e-09,3.3658500467919294e-08,40,12,scale_free,heterogeneous_cascade,16,872858958
34,True,-0.5120995992505517,-1.7657318499464367,2.6754428192161514e-09,1.2314079321506866e-09,1.2314079681457149e-09,2.8096473546102524e-09,1.666990130108586e-08,34,12,scale_free,heterogeneous_cascade,17,454489465
38,True,-0.4619004451548408,-1.1072132899286165,7.01809142681279e-10,2.1248526206647997e-13,2.1256896998300954e-13,8.17039456329619e-10,1.4148272521513114e-08,38,12,scale_free,heterogeneous_cascade,18,192300678
35,True,-0.5139540203724214,-0.9872076214206661,1.1466402738009094e-09,6.816048342577372e-10,6.816048297246759e-10,1.0268865118443095e-09,1.0103396445767761e-08,35,12,scale_free,heterogeneous_cascade,19,617156595
31,True,-0.6218232954463083,0.1918040336180551,1.4058902446794985e-09,9.745610420089953e-10,9.74565676935088e-10,8.118446491167899e-10,1.6054704084795623e-08,31,12,scale_free,heterogeneous_cascade,20,473155466
50,True,-0.31492653682199223,-1.5294994687811432,2.6896682620139453e-08,1.721419695582146e-08,1.7214196961710608e-08,1.721417916410355e-08,4.180905870554088e-08,50,12,scale_free,heterogeneous_cascade,21,656073878
36,True,-0.508980161105655,-0.6643112889907904,5.85109422608548e-10,7.682671669604037e-12,7.682671267239011e-12,6.86367628322602e-10,9.504499384561272e-09,36,12,scale_free,heterogeneous_cascade,22,946579880
39,True,-0.4367454613162703,-1.3479629904389507,1.4346430491854387e-09,2.774414601854225e-11,2.77441481107304e-11,1.7765998956153375e-09,1.846945491497647e-08,39,12,scale_free,heterogeneous_cascade,23,289083581
37,True,-0.46878054370236094,-0.49403888309745264,1.3347840994859462e-08,9.28635839532229e-09,9.286358377890261e-09,9.304783099324989e-09,3.327367190475153e-08,37,12,scale_free,heterogeneous_cascade,24,251913881
35,True,-0.4844059922124649,-0.9040655018190427,1.521481569318413e-08,9.975410006019322e-09,9.975405477687218e-09,1.0149215802695219e-08,3.5256549536204044e-08,35,12,scale_free,heterogeneous_cascade,25,734725130
36,True,-0.4697971482296654,-1.7425836555774232,3.6701273263111297e-09,2.620851373091418e-09,2.62085430970994e-09,2.6250970838950254e-09,8.40005656881788e-09,36,12,scale_free,heterogeneous_cascade,26,6459931
55,True,-0.30671324136951844,-0.9178172322605268,1.441081523111998e-08,1.0638523110087382e-08,1.0638523101274123e-08,1.06385230983585e-08,2.5569664674948998e-08,55,12,scale_free,heterogeneous_cascade,27,566420650
36,True,-0.4879697378484179,-0.6271368977983152,5.644040108977485e-10,7.1872345695349515e-12,7.1870859571217136e-12,7.288447684954494e-10,2.0752014583075254e-08,36,12,scale_free,heterogeneous_cascade,28,745916115
34,True,-0.5265279950694738,-1.0903627798868314,2.044788452927626e-10,1.1851412671264688e-11,1.1850319182650279e-11,2.5682074712394153e-10,1.1095029435625422e-08,34,12,scale_free,heterogeneous_cascade,29,550908768
416,True,-0.03543198036040221,-1.1707091260308997,1.343960351979656e-07,8.026354714232257e-08,7.061698478172721e-08,9.17379131612924e-08,1.2420030931367054e-07,416,13,cycle_baseline,independent,0,383955001
471,True,-0.03172598391979727,-1.002625754089964,1.407743795757177e-07,6.778070683292532e-08,8.808687496855786e-08,1.0596462112905302e-07,1.235061511428225e-07,471,13,cycle_baseline,independent,1,828546924
425,True,-0.03407554430892951,-1.7210661149577704,1.084325331826459e-07,8.654172546251526e-08,3.012171443559102e-08,6.946694893804439e-08,9.331602288436567e-08,425,13,cycle_baseline,independent,2,371034558
431,True,-0.03495465496012811,-1.1969052260991655,1.2844580688786409e-07,7.989056192082942e-08,4.621728369854556e-08,9.225529978398753e-08,8.931715841815922e-08,431,13,cycle_baseline,independent,3,710532771
449,True,-0.03282259909349395,-1.4676092589502665,1.2373848154931375e-07,9.467406905326244e-08,5.7558901788458664e-08,5.920779414313208e-08,9.603629523652558e-08,449,13,cycle_baseline,independent,4,464141709
446,True,-0.03397658067742084,-1.0721561814731657,1.0076124011179822e-07,3.5802834458285135e-09,1.092336622376339e-07,7.0039395249102984e-09,9.195068628766156e-08,446,13,cycle_baseline,independent,5,26577764
430,True,-0.03550492652386522,-0.932306489128615,1.2209366816941873e-07,8.369599871658538e-08,4.1071400237951135e-08,9.460235168603511e-08,8.858408040169726e-08,430,13,cycle_baseline,independent,6,530516574
465,True,-0.03224217053227128,-1.190168630750918,1.1774668027527306e-07,8.576309027685102e-08,7.50272596101116e-08,3.507398155764095e-08,9.709207878659063e-08,465,13,cycle_baseline,independent,7,930958356
427,True,-0.034892232384790625,-1.3316087228163775,9.445793387804078e-08,5.2370866605448185e-09,9.430820804576827e-08,3.178574191426271e-08,9.135359682210059e-08,427,13,cycle_baseline,independent,8,601558452
460,True,-0.0315953656837498,-1.3162157112527364,1.6578650729197362e-07,3.013899623244194e-08,1.3500610977120397e-07,1.0134677958564854e-07,1.3394473472707107e-07,460,13,cycle_baseline,independent,9,372032272
473,True,-0.03210192331710429,-1.03847477361245,8.88216388920522e-08,5.7283677359135695e-08,5.7283677359135695e-08,5.7283677359135695e-08,9.178500874662804e-08,473,13,cycle_baseline,cascade,0,486192075
409,True,-0.03262244430645328,-2.008766329203002,2.773359771170126e-07,1.753162021716241e-07,1.753162021716241e-07,1.753162021716241e-07,2.16651465372506e-07,409,13,cycle_baseline,cascade,1,619179811
427,True,-0.03371737422759955,-1.830958153476786,9.886992593575322e-08,6.391160754692687e-08,6.391160754692687e-08,6.391160754692687e-08,9.527765039140266e-08,427,13,cycle_baseline,cascade,2,260184655
452,True,-0.03230455014328558,-0.9670265406131627,1.8027052914144097e-07,1.1725585164251133e-07,1.1725585164251133e-07,1.1725585164251133e-07,1.809069575085483e-07,452,13,cycle_baseline,cascade,3,288393852
425,True,-0.03621132350997433,-0.8480709624472069,1.1136650079865927e-07,7.009539210384866e-08,7.009539210384866e-08,7.009539210384866e-08,9.066828371819738e-08,425,13,cycle_baseline,cascade,4,418656087
426,True,-0.033808704344883186,-1.6955385757462567,1.1662086392103339e-07,7.46366593001264e-08,7.46366593001264e-08,7.46366593001264e-08,1.0728353597732249e-07,426,13,cycle_baseline,cascade,5,258572184
450,True,-0.03412173245640834,-0.8077470664404504,1.1471568019325508e-07,7.380288138731141e-08,7.380288138731141e-08,7.380288138731141e-08,9.76364261128157e-08,450,13,cycle_baseline,cascade,6,757910318
351,True,-0.041542157925792036,-1.6854952465490345,9.824583528064853e-08,6.539410670771666e-08,6.539410670771666e-08,6.539410670771666e-08,8.546427857365765e-08,351,13,cycle_baseline,cascade,7,103815431
477,True,-0.03286155602989536,-0.5226435431666636,1.087384587144436e-07,6.866922128383248e-08,6.866922128430531e-08,6.866922128320127e-08,9.009669935919075e-08,477,13,cycle_baseline,cascade,8,826611484
332,True,-0.03612497110426073,-3.7577831703764693,1.639333099465139e-07,1.0535291007195313e-07,1.0535291007195313e-07,1.0535291007195313e-07,1.5801621619014383e-07,332,13,cycle_baseline,cascade,9,348527521
426,True,-0.032635403048848696,-1.92489048394233,1.69462222818976e-07,1.0702376050725573e-07,1.0702376050582773e-07,1.0702376049296429e-07,1.3456077960135597e-07,426,13,cycle_baseline,heterogeneous_cascade,0,561223067
444,True,-0.03244651923923898,-1.806132244213302,9.791788883889491e-08,6.201609659398612e-08,6.201609659469698e-08,6.201609659369625e-08,9.159838047533248e-08,444,13,cycle_baseline,heterogeneous_cascade,1,157755651
405,True,-0.034914602222975204,-2.0996434221890365,1.0249070121714628e-07,6.63338690796624e-08,6.633386907991211e-08,6.633386909010838e-08,8.942707237383559e-08,405,13,cycle_baseline,heterogeneous_cascade,2,385369480
462,True,-0.03147783200969462,-1.5733759337158444,9.707849450081764e-08,6.203000642411971e-08,6.203000641404605e-08,6.203000640743783e-08,9.910717259857918e-08,462,13,cycle_baseline,heterogeneous_cascade,3,754596997
460,True,-0.0337152330618754,-0.7598816648850659,9.558917803584724e-08,6.085305054793475e-08,6.085305054618822e-08,6.085305054628653e-08,8.514185464864094e-08,460,13,cycle_baseline,heterogeneous_cascade,4,270696761
489,True,-0.030924180683374814,-1.0754071851378844,8.286090180778762e-08,5.420614173987538e-08,5.4206141739192634e-08,5.420614173882807e-08,9.444786641610624e-08,489,13,cycle_baseline,heterogeneous_cascade,5,132275871
399,True,-0.03766138490708444,-1.1724017947202332,9.257381078144968e-08,6.027509564428035e-08,6.027509564382743e-08,6.027509564229413e-08,1.0017423250375408e-07,399,13,cycle_baseline,heterogeneous_cascade,6,521918470
459,True,-0.03183841524176912,-1.312311692393303,1.2391326185331245e-07,8.029154694691561e-08,8.029154694200086e-08,8.029154693512182e-08,1.245450042264658e-07,459,13,cycle_baseline,heterogeneous_cascade,7,162490958
453,True,-0.033438488875499765,-0.836119435750856,1.3898013972250425e-07,8.982207619960627e-08,8.98220761919611e-08,8.982207619832433e-08,1.1547449717407331e-07,453,13,cycle_baseline,heterogeneous_cascade,8,314749618
465,True,-0.032947015346204984,-0.8893454416034977,1.2911129641122606e-07,8.188596769401063e-08,8.188596769808367e-08,8.188596767022605e-08,8.754103033237932e-08,465,13,cycle_baseline,heterogeneous_cascade,9,450460825
60,True,-0.2852995654541503,-0.342634686376674,1.9779857254838673e-08,3.455886131779098e-09,2.125661261322339e-08,1.5061532027059585e-08,3.44723108083022e-08,60,13,random_strong,independent,0,564095136
135,True,-0.10989733482244399,-1.787682667753337,1.1335013536450146e-07,1.0493092598088713e-08,7.786446074305722e-08,9.616219172931419e-08,6.731089915808076e-08,135,13,random_strong,independent,1,639376623
121,True,-0.11936616704642615,-1.7346685230569845,1.4963938145766285e-07,1.5084408799993917e-07,1.0393643759010133e-07,1.4093780037821567e-07,1.063457167052339e-07,121,13,random_strong,independent,2,676652382
79,True,-0.2099957895139801,-0.5557407956608346,3.046229521110092e-08,1.8292063238140093e-08,7.547689635498523e-09,2.454558996615085e-08,4.1271029978414625e-08,79,13,random_strong,independent,3,66079210
66,True,-0.27245818258677257,0.41419970261786193,1.744367474919539e-08,1.1912233912971983e-08,1.635941715524875e-08,9.954619791704004e-09,3.0418101116988515e-08,66,13,random_strong,independent,4,362323721
86,True,-0.17574074152745686,-1.2369093768122006,8.777491669770125e-08,6.409587418442963e-09,6.839347764188471e-08,8.146701460801221e-08,9.44643583451626e-08,86,13,random_strong,independent,5,1067464
55,True,-0.33786617149744486,0.6727808335612965,7.3005708802373805e-09,6.94531397641146e-09,3.6916973716848003e-09,3.062890432760838e-09,2.614510743137178e-08,55,13,random_strong,independent,6,9442670
77,True,-0.22108849576494252,-0.29872736138070766,3.707923233028155e-08,1.567074915498586e-08,3.198689472186707e-08,2.9745115462268707e-08,6.416944552653953e-08,77,13,random_strong,independent,7,212277138
61,True,-0.25537620565951547,-1.48641250044987,2.049519055404528e-08,1.1326162714388422e-08,1.2740543333766007e-08,1.3690054251070506e-08,4.0059696766164235e-08,61,13,random_strong,independent,8,894511497
74,True,-0.22411899057665924,-0.5969775224935512,2.1904601072058024e-08,1.5075221929097184e-08,1.3403238585730586e-08,1.7039450290221988e-08,4.412273282732394e-08,74,13,random_strong,independent,9,773541259
42,True,-0.4263323424861332,-0.1908250561627977,9.124823629714863e-09,5.86024465388238e-09,8.47988723565056e-10,9.409010228134871e-09,2.3002778225027868e-08,42,13,random_strong,independent,10,778163823
54,True,-0.3276956552749019,-0.0598166556264371,1.0955783826805285e-08,4.836506485459025e-09,8.66191011517794e-09,9.20835834147212e-09,2.396951117786383e-08,54,13,random_strong,independent,11,171960351
41,True,-0.4518341697707785,0.3955619854439091,5.354564724042866e-09,5.3109041846335076e-09,1.7882283727737871e-09,3.0768110764978617e-09,1.383103033699588e-08,41,13,random_strong,independent,12,839835243
74,True,-0.22685579389123156,-0.5891749094847349,1.8479336548367394e-08,1.1956086320385696e-08,1.4451986474067312e-08,4.731859680560935e-09,3.5066725643263906e-08,74,13,random_strong,independent,13,890263961
50,True,-0.3318378994414754,-0.9749137886681412,2.6111676199513024e-08,1.3193315203897605e-08,2.3353266709345528e-08,1.5052279153827752e-08,4.457811933884213e-08,50,13,random_strong,independent,14,95054432
75,True,-0.22815020693959265,-0.38618407647774655,1.5796204920523832e-08,1.8336158249250155e-08,3.30830509282049e-09,2.640634114251709e-09,2.8806959166492394e-08,75,13,random_strong,independent,15,469955940
58,True,-0.28384245923036466,-0.5200131477162422,3.0412165666473155e-08,2.3196033988116206e-08,1.9384617585333365e-08,2.1795096119443205e-08,4.3166377635253106e-08,58,13,random_strong,independent,16,476091756
61,True,-0.2571571872414545,-1.8280150856055846,2.1458471104725364e-08,2.0347923483790256e-08,1.1346962156559717e-08,8.925775320925834e-09,3.2142319612172446e-08,61,13,random_strong,independent,17,840472640
108,True,-0.14818583912094704,-0.5667749504630397,5.411415244767409e-08,1.729545513567542e-08,4.825962621076481e-08,3.645037699775475e-08,7.69030535293588e-08,108,13,random_strong,independent,18,935541943
73,True,-0.25711487827100926,0.552279372403871,3.894092861319515e-08,7.007028203492395e-09,3.442649374910315e-08,3.2057263910342765e-08,4.675368849976876e-08,73,13,random_strong,independent,19,474664361
66,True,-0.25310552330200403,-0.25695314658422286,3.586748192774969e-08,4.983470332245058e-08,6.733742139179489e-09,7.254797211387138e-09,5.484710583559941e-08,66,13,random_strong,independent,20,59486692
82,True,-0.19157543450399944,-1.4056429762625269,4.1599925430747496e-08,2.03376807555393e-08,4.6832098172364174e-08,4.183184011123369e-09,4.4267464197641855e-08,82,13,random_strong,independent,21,340052660
60,True,-0.29147796234230244,-0.008353778686545816,2.56815218059173e-08,7.0112829762012395e-09,3.0684219984376354e-08,9.461369380047561e-09,3.893073061458297e-08,60,13,random_strong,independent,22,215178274
81,True,-0.1994208670104231,-0.7762805418789023,1.979584205648422e-08,1.9624388248263523e-08,7.51965682320003e-09,8.037103658111778e-09,5.6939218114686714e-08,81,13,random_strong,independent,23,474115071
63,True,-0.2813697216281022,0.2586986057995414,1.048418510970424e-08,3.0685327153199218e-09,8.932763993698357e-09,6.511241819296395e-09,3.4445069983328913e-08,63,13,random_strong,independent,24,463898408
146,True,-0.09993291811432566,-1.6905023136113944,1.7691814471043747e-07,1.4663029326915403e-09,1.4554504085751102e-07,1.5813102229272652e-07,9.361844844441662e-08,146,13,random_strong,independent,25,195486509
54,True,-0.3365585278665038,0.3262666134170138,1.0365379088808176e-08,1.077482825027005e-08,1.836847042732587e-09,4.746462527152864e-09,2.4312300687372073e-08,54,13,random_strong,independent,26,301164972
69,True,-0.24996845172113635,-0.09923148310915661,2.2134770221437652e-08,9.238763420426089e-09,2.063755649242819e-08,8.966937742050246e-09,2.9762688735038545e-08,69,13,random_strong,independent,27,679527009
87,True,-0.18860426606299438,-0.750866171250998,3.109553872110553e-08,2.34859255409542e-08,2.7683240521419792e-08,1.9394690021689675e-08,4.750866919524401e-08,87,13,random_strong,independent,28,26983068
74,True,-0.23490545018250208,0.13479135206761886,2.3920898421278957e-08,1.5026211391802994e-08,1.6896106987471485e-08,1.132335583690267e-08,4.704774981118493e-08,74,13,random_strong,independent,29,214092289
78,True,-0.19704790577917877,-0.8482296471577806,4.087832680128626e-08,2.718295931382541e-08,2.718295931382541e-08,2.7182959311001077e-08,1.230451138365054e-07,78,13,random_strong,cascade,0,892341457
57,True,-0.3245916078948518,0.5738349621519324,9.715856528155937e-09,6.366986312744692e-09,6.366986312744692e-09,6.36698631628269e-09,2.0482536508399167e-08,57,13,random_strong,cascade,1,99156970
99,True,-0.15158275949992941,-1.5801483851391904,7.75240590407476e-08,4.998141818595664e-08,4.998141818595664e-08,4.998141818595664e-08,7.282738539189909e-08,99,13,random_strong,cascade,2,414745911
97,True,-0.1711539241077683,-0.2685763613461557,3.245904625583681e-08,2.2029465411716548e-08,2.2029465411716548e-08,2.2029465411716548e-08,5.8281177514562355e-08,97,13,random_strong,cascade,3,206985159
85,True,-0.19793398238128765,-0.554443876412404,2.226278623218368e-08,1.4571344715279992e-08,1.4571344713938937e-08,1.4571344716070383e-08,3.576221783704675e-08,85,13,random_strong,cascade,4,104650816
39,True,-0.45952700437110233,0.03801319560483859,6.299000035930419e-09,5.024716804398894e-09,5.024716820799274e-09,5.02471679813838e-09,2.4607752244275648e-08,39,13,random_strong,cascade,5,422734034
46,True,-0.40170147158933184,0.5820069374986047,1.3562217893266815e-08,1.0951040564666333e-08,1.0951040564666333e-08,1.0951040564720991e-08,4.136249479130727e-08,46,13,random_strong,cascade,6,521442068
81,True,-0.1968312408900928,-0.9638890052834628,3.399186066990228e-08,2.242121405614027e-08,2.242121405614027e-08,2.242121405614027e-08,5.3426738712875424e-08,81,13,random_strong,cascade,7,77794037
61,True,-0.29283156339044975,0.3842884101179006,1.2089634267465232e-08,8.422265015927632e-09,8.422265015927632e-09,8.422265015896422e-09,3.391355244587761e-08,61,13,random_strong,cascade,8,134692024
56,True,-0.3104441198812042,-0.023875351538794123,3.111802527538989e-08,2.0056254546425857e-08,2.0056254546425857e-08,2.0056254548517168e-08,3.8241758697066745e-08,56,13,random_strong,cascade,9,651544278
113,True,-0.13379126241223943,-1.5919964740919996,8.822134477538387e-08,6.52499324088122e-08,6.52499324088122e-08,6.52499324088122e-08,6.203668971870221e-08,113,13,random_strong,cascade,10,180291134
88,True,-0.18861046536748968,-0.8420662273367534,3.6229593809946927e-08,2.5425274874635685e-08,2.5425274874635685e-08,2.5425274874635685e-08,4.5189932732117365e-08,88,13,random_strong,cascade,11,320397203
58,True,-0.3282074205695105,0.17570735248322356,1.1395482265345356e-08,8.696432979660553e-09,8.696432979660553e-09,8.696432980783323e-09,2.3626179011084356e-08,58,13,random_strong,cascade,12,343815512
60,True,-0.2750538645633094,-1.0812011017675602,1.2491112501185426e-08,9.029318918742498e-09,9.029318918742498e-09,9.029318919085254e-09,4.676915979913447e-08,60,13,random_strong,cascade,13,360758686
50,True,-0.37431918467196784,0.4419433374905247,6.181919335972392e-09,4.3400747069561755e-09,4.3400747069561755e-09,4.340074704531216e-09,1.6929863163484578e-08,50,13,random_strong,cascade,14,244300468
59,True,-0.28090580588335884,-0.9028507679008704,1.926757728068113e-08,1.6420294127733437e-08,1.6420294127733437e-08,1.6420294121583323e-08,3.724815982597334e-08,59,13,random_strong,cascade,15,55270409
71,True,-0.23130427318348187,-1.1036801736513009,1.772662424322498e-08,1.1974567622989598e-08,1.1974567620473384e-08,1.1974567622884386e-08,3.3176504813356135e-08,71,13,random_strong,cascade,16,525155718
83,True,-0.1956582626100583,-0.6336876490920984,4.564009603240749e-08,3.6402111455596374e-08,3.6402111455596374e-08,3.6402111455596374e-08,6.321285878859242e-08,83,13,random_strong,cascade,17,357369623
82,True,-0.19890133867341112,-0.10959712131923294,8.697560298972182e-08,5.3908989017735477e-08,5.3908989017735477e-08,5.3908989017735477e-08,4.790992677417383e-08,82,13,random_strong,cascade,18,342257791
77,True,-0.19246715382711221,-2.198566573175101,4.366552267929703e-08,2.985363362447969e-08,2.985363362447969e-08,2.985363362286272e-08,4.6995818320787644e-08,77,13,random_strong,cascade,19,264807177
58,True,-0.31843161707835305,0.6052664157673378,6.898403459703128e-09,4.845379370063999e-09,4.845379370063999e-09,4.845379378465848e-09,2.7157930688639826e-08,58,13,random_strong,cascade,20,929339540
56,True,-0.31553819777762554,-0.12221182496737235,1.0007002613564396e-08,1.092356570141757e-08,1.092356570141757e-08,1.0923565703635773e-08,2.6148485751898666e-08,56,13,random_strong,cascade,21,610485067
164,True,-0.08081404878565916,-2.5634022285998785,4.206238773243027e-07,2.6877537876920334e-07,2.6877537876920334e-07,2.6877537876920334e-07,1.4651842176094275e-07,164,13,random_strong,cascade,22,418691819
57,True,-0.32056133548215976,0.4483288655000976,1.0655640786284172e-08,7.389629159902676e-09,7.389629159902676e-09,7.389629159359376e-09,2.462931788435853e-08,57,13,random_strong,cascade,23,205390297
88,True,-0.17338015761983377,-0.8321331262742865,1.0981387627816103e-07,7.962916115247107e-08,7.962916115247107e-08,7.962916115247107e-08,1.1421090319535684e-07,88,13,random_strong,cascade,24,888365452
70,True,-0.2738474139700994,1.6700042780107722,8.092132698882187e-08,5.1090873832482205e-08,5.109087383266207e-08,5.1090873832791504e-08,6.611704993998828e-08,70,13,random_strong,cascade,25,32318803
68,True,-0.21833920300380924,-2.1954746614559184,3.1957302055115597e-08,2.081783863280589e-08,2.081783863280589e-08,2.0817838630774285e-08,3.873443012151851e-08,68,13,random_strong,cascade,26,929666620
85,True,-0.17935330150552442,-1.3083602310021076,5.942315968664704e-08,4.16451496714204e-08,4.16451496714204e-08,4.16451496714204e-08,7.514711449989372e-08,85,13,random_strong,cascade,27,699420093
49,True,-0.33747103220716634,0.11449059945066599,2.8985028600683662e-08,1.8769712374479764e-08,1.8769712374479764e-08,1.8769712337500042e-08,1.238260988157868e-07,49,13,random_strong,cascade,28,753156753
87,True,-0.18748112017496676,-0.719368259589557,5.0420244979714235e-08,3.7329496300610625e-08,3.7329496300610625e-08,3.7329496300610625e-08,4.81831185997867e-08,87,13,random_strong,cascade,29,107402956
76,True,-0.21332946755954282,-0.3400857855133186,2.1768692649142244e-08,1.699745422472202e-08,1.699745422752721e-08,1.6997454226507273e-08,3.073752417272588e-08,76,13,random_strong,heterogeneous_cascade,0,50861818
47,True,-0.3871551396567646,0.506898676604311,1.1486729613789232e-08,8.028808283902513e-09,8.028808274556357e-09,8.025380452725958e-09,2.271628185249978e-08,47,13,random_strong,heterogeneous_cascade,1,115326438
62,True,-0.2581511936510364,-0.7185417915739016,3.419009079341005e-08,2.5597648438872766e-08,2.559764842274806e-08,2.5597648536961488e-08,6.601260329073561e-08,62,13,random_strong,heterogeneous_cascade,2,459832064
76,True,-0.22172796358876873,-0.3393176651310588,3.5385038627539534e-08,2.609766291871563e-08,2.6097662917707296e-08,2.609766291748992e-08,5.0693821369695414e-08,76,13,random_strong,heterogeneous_cascade,3,619569256
61,True,-0.23009850537078766,-3.2670925729344105,2.3603967265992185e-08,1.685977783910555e-08,1.6859777838321794e-08,1.685977784231259e-08,3.4651858971306107e-08,61,13,random_strong,heterogeneous_cascade,4,407324869
66,True,-0.2450023826535235,-0.7825836555576129,3.1404502695840216e-08,2.312682659117817e-08,2.3126826593464982e-08,2.3126826592609208e-08,4.823713161533508e-08,66,13,random_strong,heterogeneous_cascade,5,121968964
79,True,-0.20702642781860287,-0.9258382936803473,2.6255158772254854e-08,1.803095808061302e-08,1.803095807643478e-08,1.8030958076647807e-08,3.429289259575455e-08,79,13,random_strong,heterogeneous_cascade,6,199168476
83,True,-0.19431021691534545,-0.977894692721625,4.774407624794432e-08,3.3446523024815476e-08,3.344652302002815e-08,3.344652301564673e-08,4.872597550799652e-08,83,13,random_strong,heterogeneous_cascade,7,852382317
54,True,-0.3392558439715549,0.6389687572163961,1.031674244616325e-08,8.783748685362077e-09,8.78374868875238e-09,8.783753950961748e-09,3.27795091732982e-08,54,13,random_strong,heterogeneous_cascade,8,962623796
73,True,-0.2398807255266558,0.570505868388693,3.5264135252337644e-08,2.6623000995984445e-08,2.6623000990151104e-08,2.6623000977398474e-08,4.627722551731208e-08,73,13,random_strong,heterogeneous_cascade,9,754271514
138,True,-0.10126832759534289,-2.0285314307348217,1.9910237283642323e-07,1.4614262866502755e-07,1.4614262866251403e-07,1.4614262864356032e-07,1.2394695783216423e-07,138,13,random_strong,heterogeneous_cascade,10,819808858
37,True,-0.5239540542288027,0.9271412810042288,1.180260919640653e-09,6.223247745597008e-10,6.22325871060658e-10,9.11125781648403e-10,1.796346378323121e-08,37,13,random_strong,heterogeneous_cascade,11,691988869
80,True,-0.2015738448358942,-0.9278063577229181,2.692633242327942e-08,1.833323397960401e-08,1.8333233980715443e-08,1.8333233987731033e-08,2.9225339751107033e-08,80,13,random_strong,heterogeneous_cascade,12,526060526
47,True,-0.35510948391902525,-0.9256254181060772,1.930410507067937e-08,1.3174764491732239e-08,1.3174764492402933e-08,1.3175708865985734e-08,4.3259849053212145e-08,47,13,random_strong,heterogeneous_cascade,13,143238551
87,True,-0.18699506086723575,-0.8288963889499689,5.1260143892491604e-08,3.248573466369273e-08,3.2485734664015106e-08,3.248573466367864e-08,4.4911338105061546e-08,87,13,random_strong,heterogeneous_cascade,14,996677211
73,True,-0.2026107256800038,-2.4055337216701846,4.7615604831518024e-08,3.1189348236374735e-08,3.118934823655994e-08,3.1189348236799383e-08,4.501239578981554e-08,73,13,random_strong,heterogeneous_cascade,15,442606443
50,True,-0.3520400194306715,-0.4254440889423666,9.137161409203049e-09,6.173840519953591e-09,6.173840520791317e-09,6.173750921149428e-09,1.852625438806061e-08,50,13,random_strong,heterogeneous_cascade,16,44175102
107,True,-0.1522090959770811,-0.4577583691276422,4.946552730831032e-08,3.7294812020202137e-08,3.729481202296971e-08,3.729481201829337e-08,6.481426998159976e-08,107,13,random_strong,heterogeneous_cascade,17,209968501
88,True,-0.15991053928323773,-1.9863634486085853,7.032648336987682e-08,4.879142318648953e-08,4.879142318542024e-08,4.8791423195160516e-08,1.5227612761926101e-07,88,13,random_strong,heterogeneous_cascade,18,401264964
83,True,-0.19438608102906982,-0.9323716117501609,4.186577326494672e-08,3.009759793912532e-08,3.009759793642971e-08,3.009759794116036e-08,4.7266136528321036e-08,83,13,random_strong,heterogeneous_cascade,19,62326808
106,True,-0.1276028302244967,-3.203090593733305,1.1232416200081933e-07,7.209180319728183e-08,7.209180319569547e-08,7.209180319905448e-08,6.160353637069006e-08,106,13,random_strong,heterogeneous_cascade,20,323936668
67,True,-0.24402537782455155,-0.4875106995642967,3.4080215683604455e-08,2.099217577075726e-08,2.0992175776392623e-08,2.0992175768796292e-08,4.36669963386222e-08,67,13,random_strong,heterogeneous_cascade,21,468403648
127,True,-0.12365004391259782,-0.6509159637442133,1.1595052179235648e-07,7.592096851869846e-08,7.592096851952019e-08,7.59209685163156e-08,7.32710835719768e-08,127,13,random_strong,heterogeneous_cascade,22,948645498
63,True,-0.26604214076775595,-0.8552620557642194,3.235472306291472e-08,2.1234490244208718e-08,2.123449024581518e-08,2.1234490236433088e-08,4.013659975098892e-08,63,13,random_strong,heterogeneous_cascade,23,86375007
59,True,-0.28889307910089373,-0.6577881002059555,1.1239515389598177e-08,7.231826164124541e-09,7.231826164124541e-09,7.2318264852673524e-09,2.8555899738348024e-08,59,13,random_strong,heterogeneous_cascade,24,576860958
64,True,-0.2594661889282976,-0.9895839365308385,2.3463933595889137e-08,1.666852787650637e-08,1.6668527877974297e-08,1.6668527903727814e-08,4.5530874341348076e-08,64,13,random_strong,heterogeneous_cascade,25,915761133
52,True,-0.3509810225277593,0.5463135993248577,1.1658427972559613e-08,8.450144829364641e-09,8.450144829364641e-09,8.449158269481268e-09,2.427336443105692e-08,52,13,random_strong,heterogeneous_cascade,26,806190965
37,True,-0.5119768531846461,1.0572957107851686,5.958552505730842e-09,4.35037186597388e-09,4.350372032305324e-09,4.848152182053396e-09,3.1460763833747825e-08,37,13,random_strong,heterogeneous_cascade,27,924941509
65,True,-0.2466993609586807,-1.4266144902041977,2.169307479142907e-08,1.6114686923402918e-08,1.6114686921449055e-08,1.6114686894616997e-08,3.392860663042012e-08,65,13,random_strong,heterogeneous_cascade,28,170341193
80,True,-0.19709550450810875,-0.3547362059513356,8.042801285559284e-08,5.378360226845882e-08,5.37836022674874e-08,5.3783602260892354e-08,4.3680784541816334e-08,80,13,random_strong,heterogeneous_cascade,29,801343166
52,True,-0.34417001658175905,0.18685560277115812,6.377039984866092e-09,3.606444713555707e-10,5.412512220845618e-09,4.181841273610905e-09,2.7240015141537454e-08,52,13,small_world,independent,0,978634143
42,True,-0.4362032009620356,0.000798757209906759,3.1359483153324713e-09,2.2482886472268475e-09,2.2440952034994528e-09,1.6139069228572872e-09,1.6691976712560326e-08,42,13,small_world,independent,1,326032716
51,True,-0.33475084063665905,-0.35474030362595615,9.665790922746036e-09,6.5469050112010075e-09,7.575112573754277e-09,2.3688705840591357e-09,3.623022995761966e-08,51,13,small_world,independent,2,498639546
50,True,-0.36980039282211613,0.34750082423544276,4.211061884514183e-09,2.242461908127001e-09,3.4270449024522614e-09,1.6482103512139915e-09,1.99989662081921e-08,50,13,small_world,independent,3,530841351
49,True,-0.3679438460414831,0.34288569883328895,7.593990764303014e-09,1.6630493741808583e-09,6.430278407818734e-09,4.012335562266598e-09,2.9104374371963372e-08,49,13,small_world,independent,4,493672076
38,True,-0.48128510745343567,0.18515106928401523,4.481568397716991e-09,2.8177481570109123e-09,2.3175020760640286e-09,2.935883351666591e-09,2.2213401985369796e-08,38,13,small_world,independent,5,289781806
55,True,-0.31767924405111764,0.02062802764555541,9.281806636002645e-09,4.081611465317049e-09,6.750969202460957e-09,5.735678485433479e-09,3.7538108455233546e-08,55,13,small_world,independent,6,970884728
50,True,-0.3666451370931034,0.3315684056560967,3.9332182147184734e-09,1.8324055597947235e-09,6.934002242632447e-10,3.900216799102181e-09,2.2955763487746844e-08,50,13,small_world,independent,7,956496756
44,True,-0.4061119122869689,0.08936515114209241,6.123980327751985e-09,4.356889354822398e-09,3.763563849141189e-09,2.9714993285998227e-09,2.904603218060059e-08,44,13,small_world,independent,8,380732360
49,True,-0.36004294410216897,-0.1540018422204721,5.716822730417925e-09,4.612584687322863e-09,1.7969936111490738e-09,3.1959772089858767e-09,2.7490549858493316e-08,49,13,small_world,independent,9,805292049
48,True,-0.3535921661510522,-1.0032099182065894,5.082359391213677e-09,3.327944180386084e-09,3.327944180386084e-09,3.327944180108774e-09,2.159606092623732e-08,48,13,small_world,cascade,0,397525024
56,True,-0.3003418709083916,-0.688099376739667,7.626815857803692e-09,4.885204702052192e-09,4.885204702052192e-09,4.885204700885113e-09,3.466603349598267e-08,56,13,small_world,cascade,1,794810610
56,True,-0.31674481449752906,0.07692847917040714,6.632695665699275e-09,4.451065146131752e-09,4.451065146778359e-09,4.4510651465283855e-09,2.8454789712453333e-08,56,13,small_world,cascade,2,584752702
57,True,-0.2944428847659123,-0.6851693390018163,6.796337173509611e-09,4.290430996723859e-09,4.290430996723859e-09,4.290430993278437e-09,3.647478066479072e-08,57,13,small_world,cascade,3,470169678
59,True,-0.3113497324318705,0.7136674160585897,6.524501822965609e-09,4.279867504527726e-09,4.279867504527726e-09,4.279867504409456e-09,3.012472629021687e-08,59,13,small_world,cascade,4,128052610
44,True,-0.3981394727949559,-0.10373722393556858,7.122290870603055e-09,4.753897628919992e-09,4.7538976307732855e-09,4.753897633497686e-09,3.215267382768159e-08,44,13,small_world,cascade,5,654590857
46,True,-0.39579592175489,0.7622330900961768,7.40597523829081e-09,4.836254724713842e-09,4.836254724713842e-09,4.836254721499068e-09,4.112123101639838e-08,46,13,small_world,cascade,6,321085626
63,True,-0.2925878516599545,0.9148291946149555,7.268639738150112e-09,4.723644033304757e-09,4.723644033304757e-09,4.7236440428840585e-09,3.288428370675204e-08,63,13,small_world,cascade,7,216858641
51,True,-0.33974169085691286,-0.51394177188894,5.484157145215077e-09,3.602214561441739e-09,3.602214561441739e-09,3.60221456186245e-09,2.5787697506782666e-08,51,13,small_world,cascade,8,193208322
41,True,-0.4699080573563972,0.8555014692633756,2.983982805046925e-09,2.0139989127412097e-09,2.013998911628282e-09,2.0139989105355727e-09,1.671645535605437e-08,41,13,small_world,cascade,9,981877606
41,True,-0.43331815569268434,-0.8154802493451148,2.5245783049207174e-09,1.6795041894840518e-09,1.6795041852875753e-09,1.6795041819370862e-09,1.2701860850683401e-08,41,13,small_world,cascade,10,103283478
31,True,-0.6430101838573967,0.3801848710048257,8.60531190150173e-10,5.72077567604003e-10,5.720775570958411e-10,5.720775525139231e-10,6.694117847445406e-09,31,13,small_world,cascade,11,798525834
41,True,-0.4496714682578359,-0.023608213243780023,2.7322559785889342e-09,1.750443272977919e-09,1.7504432833319864e-09,1.7504432749878967e-09,1.4890410744231948e-08,41,13,small_world,cascade,12,866144606
70,True,-0.25045628904945,0.24698148852541685,1.0856965462115904e-08,6.862806667824049e-09,6.862806667824049e-09,6.862806670481917e-09,4.011038039631664e-08,70,13,small_world,cascade,13,31052912
44,True,-0.41115171298438064,-0.18326239279380868,3.7327691317160405e-09,2.347152960714221e-09,2.3471529611269207e-09,2.3471529604000035e-09,1.7929317663744318e-08,44,13,small_world,cascade,14,589331166
50,True,-0.34113503467974576,-0.365189251912274,8.550867808424521e-09,5.3987311155958175e-09,5.3987311155958175e-09,5.398731124459379e-09,3.8580505482604537e-08,50,13,small_world,cascade,15,577404779
44,True,-0.4275649143150941,0.716128508078013,3.412241971610026e-09,2.4878515693577716e-09,2.4878515693577716e-09,2.4878515729807453e-09,2.1425649694118377e-08,44,13,small_world,cascade,16,358672791
41,True,-0.45102553634379383,-0.014338352787198945,2.49465912016321e-09,1.792738255834394e-09,1.7927382568911073e-09,1.7927382511478986e-09,1.4302750875164101e-08,41,13,small_world,cascade,17,666714294
49,True,-0.3508848731665216,-0.2777923187625889,8.463592058762753e-09,5.846723878571712e-09,5.846723881061506e-09,5.8467238655332465e-09,3.610694295721804e-08,49,13,small_world,cascade,18,408669377
56,True,-0.31545075286176333,0.4287701741221571,8.5793001454899e-09,5.8857700999806416e-09,5.8857700999806416e-09,5.885770095476428e-09,4.8214879425558494e-08,56,13,small_world,cascade,19,439691594
45,True,-0.42608433031357545,0.95666974196525,3.151223022024762e-09,2.0684012804422984e-09,2.068401280424413e-09,2.0684012801918777e-09,1.9174619817693766e-08,45,13,small_world,cascade,20,431519003
47,True,-0.3863752741432771,-0.17434501171294087,3.966650105120665e-09,2.554988397932069e-09,2.554988397932069e-09,2.5549883975320206e-09,1.5275727199920342e-08,47,13,small_world,cascade,21,800674332
41,True,-0.4389481004977862,0.38405721135887855,7.919658920802833e-09,5.010489451093007e-09,5.010489451093007e-09,5.010489440075156e-09,3.301005784091102e-08,41,13,small_world,cascade,22,633149181
48,True,-0.3796614924540151,0.1709696100920535,3.439272441450158e-09,2.4969584105786374e-09,2.4969584105786374e-09,2.4969584102700585e-09,2.1682045974033173e-08,48,13,small_world,cascade,23,379046988
40,True,-0.47664668839212726,0.6864106516744162,3.401402778867979e-09,2.2450100251630037e-09,2.2450100263289747e-09,2.245010030620862e-09,1.6694004538819275e-08,40,13,small_world,cascade,24,926769391
36,True,-0.47136162703918877,-1.3022132788188074,4.505237479185917e-09,3.198923533948969e-09,3.198923521967014e-09,3.2433542421641318e-09,1.9823925454219564e-08,36,13,small_world,heterogeneous_cascade,0,802058875
49,True,-0.36640832409821245,-0.20623004279758345,4.32066113407717e-09,2.882186193200789e-09,2.8821861907635528e-09,2.88217533543229e-09,1.8998704952218258e-08,49,13,small_world,heterogeneous_cascade,1,932779619
41,True,-0.46744018197901843,0.611255973071524,2.809499738471956e-09,1.8167736126367435e-09,1.8167736059555617e-09,1.8163357153313725e-09,1.3594972391662678e-08,41,13,small_world,heterogeneous_cascade,2,730500898
54,True,-0.339295968857602,0.8903460923076427,7.18731997835187e-09,4.688217684379775e-09,4.688217677482945e-09,4.688218365695904e-09,3.844456774546808e-08,54,13,small_world,heterogeneous_cascade,3,391491979
38,True,-0.49793205405871255,0.3580798719089133,2.617069769599822e-09,1.7089371411689886e-09,1.708937183636457e-09,1.677782174984073e-09,1.3975312296270196e-08,38,13,small_world,heterogeneous_cascade,4,329262459
58,True,-0.3022637371602992,0.17986973541836115,8.826787558486423e-09,5.8463975486385575e-09,5.846397544550702e-09,5.84639755740785e-09,3.939839145460563e-08,58,13,small_world,heterogeneous_cascade,5,270928772
46,True,-0.4146407714424554,0.9384862164013457,4.3279559025318286e-09,2.9277581252811513e-09,2.9277581262474364e-09,2.9272003457806783e-09,1.909264946065743e-08,46,13,small_world,heterogeneous_cascade,6,451046500
35,True,-0.537716138397018,0.37042503214427147,1.3897751766846274e-09,9.042972138691126e-10,9.042974402743358e-10,9.553620974853055e-10,1.8105792781251184e-08,35,13,small_world,heterogeneous_cascade,7,969303783
39,True,-0.4470424525376883,-0.9698121754616583,3.2106679838879765e-09,2.083823885034625e-09,2.0838238959097626e-09,2.090946944300998e-09,1.6753944058457848e-08,39,13,small_world,heterogeneous_cascade,8,567934230
50,True,-0.36236589835532357,0.4290531581816207,6.683635711712651e-09,4.496251008658137e-09,4.496251002670898e-09,4.496285640898134e-09,2.96354206295069e-08,50,13,small_world,heterogeneous_cascade,9,383693055
34,True,-0.5538890278598995,0.08529067404435121,2.169631784018104e-09,1.5573103324116315e-09,1.5573021401000694e-09,1.6014098657919337e-09,1.37259659694148e-08,34,13,small_world,heterogeneous_cascade,10,461817911
59,True,-0.28995969182486236,0.16879705231980613,1.2675637045020697e-08,8.387225243000632e-09,8.387225245447943e-09,8.387226774685332e-09,5.913163081292316e-08,59,13,small_world,heterogeneous_cascade,11,291216269
57,True,-0.3076955481903187,-0.09780989586236154,6.713151083744671e-09,4.316214125508191e-09,4.31621411756729e-09,4.316203902473533e-09,3.0290146349717645e-08,57,13,small_world,heterogeneous_cascade,12,658753409
79,True,-0.2298429833107486,0.8690729840239199,9.50342042322768e-09,5.977848310874089e-09,5.977848312720789e-09,5.977848311986098e-09,3.8235868364021664e-08,79,13,small_world,heterogeneous_cascade,13,350424741
55,True,-0.3175043412696268,0.31885266338206225,1.0822780864458246e-08,7.223542518995581e-09,7.223542521404088e-09,7.223542576837911e-09,5.045218436014345e-08,55,13,small_world,heterogeneous_cascade,14,554399023
51,True,-0.35654977822854633,0.23291860147078275,5.059802854318174e-09,3.2732625465036646e-09,3.2732625461135662e-09,3.2732824145751846e-09,2.2993355472911518e-08,51,13,small_world,heterogeneous_cascade,15,369818166
47,True,-0.3916685507823263,0.12574070907391496,3.416424546072593e-09,2.2640659579223554e-09,2.264065957673284e-09,2.2701239353220767e-09,1.7266051423871417e-08,47,13,small_world,heterogeneous_cascade,16,320715546
33,True,-0.6245694577621945,1.0002804495615147,1.008763774314068e-09,6.753157894598739e-10,6.753165990341132e-10,5.821568837470509e-10,5.468918691119285e-09,33,13,small_world,heterogeneous_cascade,17,970235717
51,True,-0.3317256462038899,-0.1768177370230065,1.1869797973280893e-08,7.880123501188503e-09,7.880123503311907e-09,7.880129585717795e-09,5.437382715368674e-08,51,13,small_world,heterogeneous_cascade,18,345730805
44,True,-0.42843062740596083,0.4739399774473853,3.1834347664502532e-09,2.0878328027922812e-09,2.0878328037285082e-09,2.087811707841814e-09,1.5615575335197138e-08,44,13,small_world,heterogeneous_cascade,19,70520364
48,True,-0.36677753200608193,-0.06328863169545798,6.116471504465933e-09,3.977987470952384e-09,3.977987467236491e-09,3.98075122541415e-09,3.107348378080838e-08,48,13,small_world,heterogeneous_cascade,20,378592787
39,True,-0.4853700177787197,0.14297762959373006,2.088296966226907e-09,1.3314761010557356e-09,1.331476095084369e-09,1.331014980246137e-09,1.1608521816030216e-08,39,13,small_world,heterogeneous_cascade,21,532144000
38,True,-0.49841150962729436,0.42730085955611546,3.405957756679277e-09,2.160492816905136e-09,2.160492817375339e-09,2.161526820537425e-09,1.4765220179299278e-08,38,13,small_world,heterogeneous_cascade,22,94639768
45,True,-0.4190730232136665,0.7181547521139503,4.0316830055221825e-09,2.721741242690606e-09,2.7217412425172346e-09,2.7218527459752912e-09,1.9411229091705658e-08,45,13,small_world,heterogeneous_cascade,23,305684415
49,True,-0.38712752774310966,0.9341968553383925,3.8281747304400644e-09,2.5653243425340073e-09,2.5653243425010785e-09,2.565285015411278e-09,2.259676996197961e-08,49,13,small_world,heterogeneous_cascade,24,166062632
27,True,-0.7674076182015963,0.5031689245232247,4.685127707373392e-10,2.0340517653454945e-10,3.5089637573629924e-10,3.6357120337093417e-10,2.684807402208376e-09,27,13,scale_free,independent,0,500648280
34,True,-0.5819614889181679,0.4654785122108154,2.6517444563539626e-09,3.0248534538860555e-09,3.873657074363687e-10,1.7292717692997476e-09,9.782529781228204e-09,34,13,scale_free,independent,1,968480237
37,True,-0.4729313230506154,-0.43260940079719834,7.209967887151546e-09,7.565554983254946e-09,3.393288672896861e-09,2.6199555231459883e-09,2.258777931836511e-08,37,13,scale_free,independent,2,389096711
35,True,-0.527123055631823,-0.5513865630118012,3.2158003780662147e-09,2.611637499376611e-09,1.87418627293714e-09,2.2579896547420878e-09,9.758980972088275e-09,35,13,scale_free,independent,3,863258615
36,True,-0.5084984129703202,-0.09362788105988784,4.472593368882874e-09,1.3901702221971008e-09,5.961751750525528e-09,1.45222996483796e-09,1.4845386422897174e-08,36,13,scale_free,independent,4,214538972
39,True,-0.46573929238292794,-0.30689888816300953,4.638499672519989e-09,1.0413593017864535e-09,2.264528248250301e-09,5.070985975058446e-09,1.38504206300701e-08,39,13,scale_free,independent,5,780497023
43,True,-0.39938516772768207,-0.9153924076895745,1.1146712657998791e-08,4.7958211664622645e-09,1.0006552991776448e-08,5.59059827879853e-09,2.180762832652332e-08,43,13,scale_free,independent,6,562672410
33,True,-0.5894585763892027,0.1414351030959092,2.5520967884604604e-09,7.373974682852347e-10,1.0671566735477906e-09,2.7517478370698934e-09,8.93434780178627e-09,33,13,scale_free,independent,7,758173302
55,True,-0.278231591953514,-1.724592376909232,3.958796931897793e-08,2.2576382243281917e-08,3.478357002026176e-08,1.966429353812147e-08,5.329113836207232e-08,55,13,scale_free,independent,8,755539542
34,True,-0.5508137373710833,-0.30586002747636587,2.1784596960656534e-09,1.8137263521121456e-10,2.212563794630963e-09,1.8324845544385441e-09,8.547878639344847e-09,34,13,scale_free,independent,9,532432300
45,True,-0.37161995816783955,-1.0653611132531429,1.3174847468633104e-08,1.0360139635033873e-08,9.436926611751472e-09,8.338624781939753e-09,2.7802566059131514e-08,45,13,scale_free,independent,10,257422362
60,True,-0.2524728272140663,-1.4868839108900964,5.25358378034146e-08,1.7399034641512973e-08,1.8533170840388853e-08,5.613876919135955e-08,7.73587751243932e-08,60,13,scale_free,independent,11,526184165
46,True,-0.3585835660162952,-1.1188693345251106,1.7268607181159474e-08,1.8958931822838747e-08,4.768190094198036e-09,3.888743765038178e-09,3.2960299731324546e-08,46,13,scale_free,independent,12,826789881
42,True,-0.41470029584785545,-0.9822642285178672,7.126475844016742e-09,4.730894600898994e-09,6.810624572838188e-09,2.3173946579231526e-09,1.5871634076868194e-08,42,13,scale_free,independent,13,970659048
31,True,-0.6611207408696176,0.8901887905858219,1.5357890538997563e-09,7.751579957633837e-10,5.762523436518971e-10,1.6127691341347234e-09,6.515322757932427e-09,31,13,scale_free,independent,14,927504859
32,True,-0.6351769260879512,0.6159991067655832,1.0814227170995053e-09,8.97706076513418e-10,8.680214767093692e-10,2.961107312642007e-10,5.317484816178592e-09,32,13,scale_free,independent,15,181467063
30,True,-0.6921892363561417,0.732183984552487,6.143317018009029e-10,1.4043656046339923e-10,5.729478276813308e-10,3.563583262188887e-10,2.9400975667437687e-09,30,13,scale_free,independent,16,104594980
41,True,-0.424910625452869,-0.8931773391276436,8.170674291266006e-09,4.3417957361480115e-09,7.56601945374411e-09,4.475629792448815e-09,1.9098229485490338e-08,41,13,scale_free,independent,17,668947658
55,True,-0.2885239170784235,-1.5413315536991663,2.3582243375565803e-08,1.030928923021866e-09,2.1636868059791855e-09,2.8172707610810823e-08,3.657401712269356e-08,55,13,scale_free,independent,18,992335736
51,True,-0.32383217059386943,-1.2025879278452145,1.2981832368157007e-08,1.6019191838018238e-08,3.658899958833099e-09,2.1446615937048564e-10,2.7877646146138644e-08,51,13,scale_free,independent,19,52575990
36,True,-0.5106551483393189,-0.2169917339116303,5.353426459748872e-09,9.690702077628627e-10,5.781853889331832e-09,1.9591864000715692e-10,1.5140708903896148e-08,36,13,scale_free,independent,20,656572634
34,True,-0.5581193650005261,-0.20145248719748907,3.2013888133876335e-09,8.342728536254945e-10,3.234210479281133e-09,2.0358165179589214e-09,1.0632440388419827e-08,34,13,scale_free,independent,21,945519890
41,True,-0.3888900080190746,-2.114125731026343,1.0292664813628074e-08,3.115904688592966e-09,4.776485007165291e-09,1.0091435809581705e-08,2.1739439226158986e-08,41,13,scale_free,independent,22,847184415
39,True,-0.47020332927047465,-0.48654386968031693,4.083977584577275e-09,9.339928352955634e-11,5.110910696356874e-09,1.7495223042226405e-09,1.2274236782028038e-08,39,13,scale_free,independent,23,103921900
35,True,-0.5599641739562481,0.6808403143170084,3.277526593964032e-09,3.1871493471946123e-09,2.2866420123310148e-09,8.937076258103427e-11,1.1598267820625562e-08,35,13,scale_free,independent,24,923900400
31,True,-0.7032845343497263,2.1714215529330785,2.6223765196057666e-09,2.0212886819420196e-09,1.6585615453498126e-10,2.2729537391297223e-09,7.309240895170288e-09,31,13,scale_free,independent,25,921322536
28,True,-0.7516489034827601,0.5328464996638478,5.117820030417053e-10,2.5971644044212573e-10,3.3897784526013684e-10,4.5559768924465817e-10,2.4395683511907083e-09,28,13,scale_free,independent,26,578977524
64,True,-0.25296436895607316,-0.7189549048458218,4.101133430348074e-08,3.3996075317140745e-08,2.0836462690154538e-08,2.857020767786196e-08,5.841356184599471e-08,64,13,scale_free,independent,27,978894714
30,True,-0.6715918550261759,0.6779594703795473,1.7979164817961273e-09,1.1987105415528335e-09,1.3028705944157573e-09,8.583992729519895e-10,7.950274463624145e-09,30,13,scale_free,independent,28,4618798
43,True,-0.40683290888526,0.23336335117650822,1.8559469408454648e-08,5.767226039954223e-09,1.073163779964083e-08,1.92051707346616e-08,4.761648015753706e-08,43,13,scale_free,independent,29,616610629
35,True,-0.5262382140898744,-0.7596112721533099,1.411985239337245e-10,9.989415862147845e-11,9.989415757810652e-11,9.989415690152408e-11,8.881441702453342e-09,35,13,scale_free,cascade,0,38541999
35,True,-0.5304406639880761,-0.5406874551769011,4.67629722862572e-10,3.4683805293965774e-10,3.4683805325391394e-10,3.4683805563786966e-10,9.507011623964895e-09,35,13,scale_free,cascade,1,680418805
38,True,-0.4674079798921812,-0.8463312318335818,4.958425675894099e-09,3.3383645658514232e-09,3.338364581836288e-09,3.338364576600546e-09,1.338746960536958e-08,38,13,scale_free,cascade,2,913428669
37,True,-0.4732988442732427,-0.8895866466976585,3.091287338362624e-09,2.293446259916242e-09,2.2934462627746645e-09,2.293446273880815e-09,1.1273108104847739e-08,37,13,scale_free,cascade,3,562668013
56,True,-0.2751076979462463,-2.167658643289204,2.032625843264862e-08,1.406803390177359e-08,1.406803390177359e-08,1.4068033900499205e-08,3.075691137456494e-08,56,13,scale_free,cascade,4,83263111
40,True,-0.42339592477848154,-1.2540058163976429,8.997968816703054e-09,5.87030423957946e-09,5.870304236149192e-09,5.870304225848382e-09,1.9306448223239416e-08,40,13,scale_free,cascade,5,26532437
42,True,-0.4319183747522281,-0.14245263556617113,6.21127888373442e-09,4.4979844593166006e-09,4.4979844593166006e-09,4.497984464900861e-09,1.8238411625277696e-08,42,13,scale_free,cascade,6,335573455
35,True,-0.5226297441927301,-0.013336868070025416,5.152811943646856e-09,3.3689713909717168e-09,3.368971371889091e-09,3.3689713609025306e-09,1.7964506752122737e-08,35,13,scale_free,cascade,7,743459961
37,True,-0.45608174865206735,-1.0556798757076165,9.931886267293346e-09,6.586811174892524e-09,6.586811171467208e-09,6.5868111834081655e-09,2.4822485687269508e-08,37,13,scale_free,cascade,8,151032324
42,True,-0.3849640223808818,-2.0654488603202985,1.150933135963665e-08,7.875506450305524e-09,7.875506453593308e-09,7.875506446409788e-09,2.2538279200402178e-08,42,13,scale_free,cascade,9,239483461
34,True,-0.5562008647621344,0.16184778103582825,8.792670963442879e-10,6.110776915822145e-10,6.110776858193905e-10,6.110776762902071e-10,1.1087972132282145e-08,34,13,scale_free,cascade,10,496417482
35,True,-0.537030182441278,0.31582969475602557,5.476494186676708e-11,3.84435502095914e-11,3.8443539732385675e-11,3.844354052961303e-11,2.0280498905388048e-08,35,13,scale_free,cascade,11,203081026
32,True,-0.6265083105306974,0.31254749542738103,5.136596608868038e-10,3.7909926998169963e-10,3.7909927212006357e-10,3.790992247539399e-10,1.0642311896978212e-08,32,13,scale_free,cascade,12,465757440
52,True,-0.2995737798968886,-1.9463635229056278,2.0623585344169038e-08,1.3111519188812772e-08,1.3111519188812772e-08,1.3111519187441593e-08,3.2959356250798235e-08,52,13,scale_free,cascade,13,452174091
36,True,-0.5070540801203273,0.12465183527512522,6.1564561790269684e-09,4.301341233998508e-09,4.301341243416146e-09,4.301341161116185e-09,2.218037422885535e-08,36,13,scale_free,cascade,14,5473108
42,True,-0.41100515291751755,-1.2065370514675595,7.670738034655412e-09,4.9241744728665545e-09,4.92417447091901e-09,4.9241744663428995e-09,1.6407163579789154e-08,42,13,scale_free,cascade,15,567811497
54,True,-0.3185339439957761,-0.29576760996669915,1.783818524705097e-08,1.2655884603457622e-08,1.2655884603457622e-08,1.2655884604443643e-08,3.350403937773935e-08,54,13,scale_free,cascade,16,786649712
33,True,-0.5302570498119027,-1.4644205896609237,2.7110600299281493e-09,1.8296212984603273e-09,1.829621298276266e-09,1.8296211123038092e-09,1.184059306952688e-08,33,13,scale_free,cascade,17,330716066
35,True,-0.5205315680978773,-0.9075860008555885,2.0240142831030745e-11,1.340538613902529e-11,1.3405384059657448e-11,1.340538496387974e-11,9.085197385401936e-09,35,13,scale_free,cascade,18,880586213
35,True,-0.5211837397505669,-0.6591635418572758,1.6713230915531026e-09,1.2482250529228634e-09,1.248225053211138e-09,1.2482250179611711e-09,7.311507789166947e-09,35,13,scale_free,cascade,19,878763619
34,True,-0.5567674298075281,0.37393644579478974,2.2285475125718646e-09,1.5327919013072943e-09,1.5327919497981932e-09,1.8028138047093041e-09,1.9186933696947507e-08,34,13,scale_free,heterogeneous_cascade,0,373060587
46,True,-0.3860916207583623,-0.30513061678163034,7.624953475858035e-09,5.715977037781127e-09,5.7159770384922615e-09,5.715974789572527e-09,2.0663650771095798e-08,46,13,scale_free,heterogeneous_cascade,1,850891502
39,True,-0.45586647290962823,-0.3685455413047109,5.21888595519061e-09,3.7067149811638057e-09,3.7067149776169805e-09,3.705540459869315e-09,1.4901573465690813e-08,39,13,scale_free,heterogeneous_cascade,2,565077910
36,True,-0.5045361715864485,-0.5842938211622005,1.1953405692189508e-09,6.577191636711374e-10,6.577192001027914e-10,9.079157598650325e-10,1.2579283702416025e-08,36,13,scale_free,heterogeneous_cascade,3,58270706
51,True,-0.32662825683546143,-1.0663643439545492,1.7167585721860412e-08,1.125143037084905e-08,1.1251430370001879e-08,1.1251812225242684e-08,2.732684933404798e-08,51,13,scale_free,heterogeneous_cascade,4,270341788
59,True,-0.28301231085128653,-0.8555228718696802,1.1298013684836496e-08,1.0057540967330314e-08,1.005754097049862e-08,1.0057600006388891e-08,3.1384150612191296e-08,59,13,scale_free,heterogeneous_cascade,5,672051400
38,True,-0.48296795739415255,-0.2594536082574363,4.633458557814202e-09,3.1338295682603334e-09,3.133829578129902e-09,3.109103176752869e-09,1.3345772481057438e-08,38,13,scale_free,heterogeneous_cascade,6,160588312
50,True,-0.2982264007976884,-2.9041429320932295,1.6873325205487516e-08,1.241166328451148e-08,1.2411663282478865e-08,1.2388017752907305e-08,2.875677827011658e-08,50,13,scale_free,heterogeneous_cascade,7,434731944
42,True,-0.40019167391595933,-1.3143387345973976,8.884420566478723e-09,5.948932371115461e-09,5.9489323677931306e-09,5.909569254568464e-09,1.948521819119126e-08,42,13,scale_free,heterogeneous_cascade,8,774907903
37,True,-0.45938046976627533,-1.6762447264861817,8.152669461276685e-10,3.8393647523249936e-13,3.8393797847616485e-13,1.031985100604843e-09,1.3301708928452142e-08,37,13,scale_free,heterogeneous_cascade,9,149759519
37,True,-0.49643729280575993,0.701278360740288,7.289090298765656e-09,5.2047553536588695e-09,5.204754763145231e-09,4.90117560338599e-09,3.290277662561965e-08,37,13,scale_free,heterogeneous_cascade,10,496590478
45,True,-0.3840335169988658,-0.7803431036698656,9.809419672383727e-09,6.7205779211695145e-09,6.720577918819278e-09,6.7197371608062765e-09,2.3278291773119236e-08,45,13,scale_free,heterogeneous_cascade,11,536487923
30,True,-0.6308325390666047,-0.6267679677402647,9.876377380002817e-10,5.94458356751465e-10,5.944582754741101e-10,6.917034372967798e-10,8.88050046302996e-09,30,13,scale_free,heterogeneous_cascade,12,240711467
50,True,-0.32854426230489464,-1.4639108370050125,1.4518969995869928e-08,9.65483527760596e-09,9.654835279110859e-09,9.65485181613059e-09,2.3551012099956205e-08,50,13,scale_free,heterogeneous_cascade,13,965415953
33,True,-0.597508174109865,0.24123048958411844,1.3945007566476044e-09,9.703914569739612e-10,9.703915269546425e-10,9.868106249280758e-10,6.996004646271526e-09,33,13,scale_free,heterogeneous_cascade,14,76701153
39,True,-0.4621278583073119,-0.7149903299488806,4.521937610395129e-09,2.8134593280591733e-09,2.813459330513677e-09,2.723403334381562e-09,1.2336798626342493e-08,39,13,scale_free,heterogeneous_cascade,15,963579912
37,True,-0.4815739969732832,-0.537797650596443,6.586642194100881e-09,4.456029469547775e-09,4.456028830760406e-09,4.502220221890898e-09,1.777414445362741e-08,37,13,scale_free,heterogeneous_cascade,16,791874951
46,True,-0.33185740756621585,-2.4580501934136425,1.6798013407477167e-08,1.1823834241691566e-08,1.1823834242682773e-08,1.182462838757062e-08,2.9038666542431474e-08,46,13,scale_free,heterogeneous_cascade,17,855642121
36,True,-0.48496473758651787,-0.5447666754961247,1.031185871270884e-09,1.0001921108436085e-10,1.0001940113634435e-10,1.2676853658702582e-09,2.6078522248406727e-08,36,13,scale_free,heterogeneous_cascade,18,851509085
37,True,-0.4772111130275027,-1.2387500111692848,4.17799847583268e-09,3.0786098406080837e-09,3.0786095571850168e-09,3.0622271891490683e-09,1.2114074581780218e-08,37,13,scale_free,heterogeneous_cascade,19,187609292
485,True,-0.02974725323159692,-1.4121092482811068,1.8421590889620996e-07,1.4206862680250752e-07,1.0225849803625339e-07,7.807883854570296e-08,1.4095947822475365e-07,485,14,cycle_baseline,independent,0,931091746
500,False,-0.02938819254646757,-1.1601676336082631,1.7975873652812106e-07,4.9723498047528376e-08,1.486331792139375e-07,9.993648849478283e-08,1.2959949653192448e-07,500,14,cycle_baseline,independent,1,594272694
500,False,-0.026901910272960666,-1.2433294816496956,5.462283320034233e-07,1.203207245086588e-07,5.089114570758249e-07,2.2175260102795645e-07,4.300550626720279e-07,500,14,cycle_baseline,independent,2,962157296
483,True,-0.030866035972845964,-1.2642580190099386,1.3582066488037384e-07,6.059595506911764e-08,9.817508999361724e-08,8.246844369511129e-08,9.417420949763674e-08,483,14,cycle_baseline,independent,3,878147424
500,False,-0.029388232822878297,-1.3379974272482724,1.3985971351257212e-07,6.514228021229257e-08,1.0489662726206711e-07,7.042631903223106e-08,1.101180443100879e-07,500,14,cycle_baseline,independent,4,374463936
487,True,-0.028458544205118348,-2.154681382961179,1.4327152308491244e-07,8.583503876383208e-08,5.286929716407797e-08,1.1285317854999103e-07,1.1358490064647032e-07,487,14,cycle_baseline,independent,5,117287157
500,False,-0.026738598412026665,-1.1592795515820364,5.225286826014996e-07,3.877888045545781e-07,2.6286586356674217e-07,2.5419654867588217e-07,5.094312477169407e-07,500,14,cycle_baseline,independent,6,101106165
450,True,-0.03382035493012092,-1.037073467320453,1.0779550883910305e-07,7.613634026424714e-08,7.737486270135078e-08,2.1226810911248266e-08,9.070021073628231e-08,450,14,cycle_baseline,independent,7,389709612
500,False,-0.027646551592090587,-2.014626540015739,1.3248667433813155e-07,7.358595559734949e-08,9.821936475209985e-08,6.557200499442964e-08,1.4015028397510636e-07,500,14,cycle_baseline,independent,8,810962902
500,False,-0.029546160374514248,-1.2327688137022033,1.4621127552969796e-07,3.228659148600077e-08,1.363193628114403e-07,8.02945941796992e-08,1.1136581329028272e-07,500,14,cycle_baseline,independent,9,505343803
500,False,-0.02924565449374739,-0.8976523445752306,2.1363835509226477e-07,1.4127996428618113e-07,1.4127996428618113e-07,1.4127996428618113e-07,1.9429154649530474e-07,500,14,cycle_baseline,cascade,0,481763551
500,False,-0.02758149793590067,-1.3090952842916987,3.8836856908183956e-07,2.460718226242311e-07,2.460718226242311e-07,2.460718226242311e-07,2.7906112793716744e-07,500,14,cycle_baseline,cascade,1,564392680
459,True,-0.03120492033494458,-1.7260738725156202,1.2033003858527888e-07,7.656088953419619e-08,7.656088953419619e-08,7.656088953419619e-08,1.0933979810419659e-07,459,14,cycle_baseline,cascade,2,638075349
476,True,-0.029959954773733633,-1.9074624984897919,1.1573343782647861e-07,7.600251278589946e-08,7.600251278589946e-08,7.600251278589946e-08,9.863200647416751e-08,476,14,cycle_baseline,cascade,3,982144296
471,True,-0.03241582677232944,-0.8943856309006799,1.266771261229864e-07,7.96809540960686e-08,7.96809540960686e-08,7.96809540960686e-08,9.679716293805126e-08,471,14,cycle_baseline,cascade,4,729416923
463,True,-0.029459863812223014,-2.38352220869302,1.5345406511922504e-07,9.953179795483516e-08,9.953179795483516e-08,9.953179795483516e-08,1.13505651784238e-07,463,14,cycle_baseline,cascade,5,607211430
500,False,-0.02775676010462185,-0.35222211471313386,7.103625121411559e-07,4.58677760654468e-07,4.58677760654468e-07,4.58677760654468e-07,6.6182856099031e-07,500,14,cycle_baseline,cascade,6,910076795
500,False,-0.028187568096204537,-0.8428567092925974,4.5507188905991226e-07,2.941053320030135e-07,2.9410533200236247e-07,2.9410533200236247e-07,3.2744066072641465e-07,500,14,cycle_baseline,cascade,7,424979385
493,True,-0.0285056850504608,-2.044984226430019,1.2126772042198897e-07,7.800936938855349e-08,7.800936938855349e-08,7.800936938855349e-08,1.0495362567368831e-07,493,14,cycle_baseline,cascade,8,934948918
500,False,-0.02699272638776461,-0.7193599242238881,6.37853455894608e-07,4.109339030494621e-07,4.109339030494621e-07,4.109339030494621e-07,6.936506784747617e-07,500,14,cycle_baseline,cascade,9,369984367
500,False,-0.026479273164202306,-0.9518773157742718,8.220583226959675e-07,5.262142555527701e-07,5.262142555529386e-07,5.262142555528179e-07,6.994566464899661e-07,500,14,cycle_baseline,heterogeneous_cascade,0,127779198
492,True,-0.028350750852922685,-2.226794863083112,1.0520494998753441e-07,6.74686239960944e-08,6.746862398787975e-08,6.746862399327291e-08,9.71457105401814e-08,492,14,cycle_baseline,heterogeneous_cascade,1,417619292
500,False,-0.028213047126898757,-1.831721708835405,1.2812580437323212e-07,8.254524020821659e-08,8.254524020101477e-08,8.25452401957685e-08,1.2006956349741453e-07,500,14,cycle_baseline,heterogeneous_cascade,2,128766377
500,False,-0.027902277257049662,-0.9019363705172981,4.003745294215878e-07,2.5649514925416556e-07,2.5649514925419234e-07,2.5649514925475207e-07,3.467553255812987e-07,500,14,cycle_baseline,heterogeneous_cascade,3,118399083
500,False,-0.029416242437713676,-0.9037321626679504,1.9096783069737605e-07,1.2194603389589376e-07,1.2194603389658695e-07,1.2194603389858818e-07,1.715738902956464e-07,500,14,cycle_baseline,heterogeneous_cascade,4,881208588
347,True,-0.034590671007258,-3.090058164446469,3.4261808663779217e-07,2.1326003749863828e-07,2.1326003746129268e-07,2.132600374842978e-07,2.760375517193168e-07,347,14,cycle_baseline,heterogeneous_cascade,5,794750558
500,False,-0.02784916303163478,-1.0840615925055963,4.051210079956914e-07,2.5860146455143927e-07,2.586014645525004e-07,2.586014645504937e-07,3.137646020558271e-07,500,14,cycle_baseline,heterogeneous_cascade,6,221211742
500,False,-0.02802082786782951,-1.0470339435994926,3.192778973282673e-07,2.0404311926692338e-07,2.0404311926721034e-07,2.0404311926686144e-07,2.956947124564287e-07,500,14,cycle_baseline,heterogeneous_cascade,7,837716858
498,True,-0.029766052484268186,-0.9499822333596369,1.7206605191328726e-07,1.0722632558557107e-07,1.0722632559060132e-07,1.072263255844698e-07,1.4013610510523137e-07,498,14,cycle_baseline,heterogeneous_cascade,8,68902162
500,False,-0.029589279769113436,-0.573683530587546,2.5267369518096203e-07,1.6374181769779695e-07,1.637418176969173e-07,1.6374181770689154e-07,2.1493017647051114e-07,500,14,cycle_baseline,heterogeneous_cascade,9,284397134
61,True,-0.2948274991049922,0.2934051385025047,1.0736227832022981e-08,7.338417451911235e-09,8.888381737506946e-09,3.5745320661727044e-09,2.811244630578345e-08,61,14,random_strong,independent,0,706101797
87,True,-0.17791068292999251,-1.3215132590663567,7.055026905473502e-08,1.1921353745923232e-09,5.505579704244951e-08,7.356165163708253e-08,6.569495229080926e-08,87,14,random_strong,independent,1,303796618
56,True,-0.34447737048153815,0.8489333606081308,6.245941640528474e-09,3.6520118505947973e-09,5.1701897702051415e-09,3.427498196161286e-09,1.6529954429492256e-08,56,14,random_strong,independent,2,730503598
88,True,-0.1743239436479571,-1.1119114400864174,9.492437416692281e-08,1.2246619042209357e-08,1.1837918939574559e-07,2.998735916062287e-08,8.838996943756202e-08,88,14,random_strong,independent,3,874334256
100,True,-0.16284623298987655,0.016874731991067628,7.911654858428131e-08,4.10303969436658e-08,3.865147902596435e-08,6.571106791915877e-08,8.764082620931341e-08,100,14,random_strong,independent,4,66061689
48,True,-0.3791589261777251,-0.017525495185466703,6.078322875317715e-09,5.0642090651970924e-09,3.248306841637481e-09,4.20546822297697e-09,1.668832348399181e-08,48,14,random_strong,independent,5,23970355
70,True,-0.22694229449667513,-0.8611037378500299,6.329487093930271e-08,7.107819358673298e-08,1.7454440326402862e-08,1.624708688853654e-08,7.156259850438173e-08,70,14,random_strong,independent,6,940002015
61,True,-0.26761488348634266,-1.1130534437862927,2.0527975376160257e-08,6.499771808307686e-10,4.682119365088457e-09,2.3884296453805656e-08,3.543534501502812e-08,61,14,random_strong,independent,7,520457443
87,True,-0.19332456028872153,-0.11988156955099045,3.549766341755085e-08,1.063795446153752e-08,6.598882946326634e-09,3.759575067616201e-08,5.498613308236406e-08,87,14,random_strong,independent,8,506474362
183,True,-0.0779692539809711,-1.5417445527971372,3.258872632818011e-07,1.8293512065898626e-07,1.2274515804206908e-07,2.5717326627281513e-07,1.2682989694790345e-07,183,14,random_strong,independent,9,463675714
91,True,-0.18106826597094636,-0.009450642729635198,2.784253624940268e-08,4.1877985736919395e-09,4.447623395203133e-08,2.5848841482991998e-08,4.7572301978495046e-08,91,14,random_strong,independent,10,433612635
48,True,-0.38827922698523987,0.6001723593804545,8.356881217705118e-09,3.954572461106315e-09,3.809965909588278e-09,1.0589358847175414e-08,2.5592278652699354e-08,48,14,random_strong,independent,11,690126769
104,True,-0.14577851739718917,-1.2827820450620329,6.263142922079577e-08,2.7173260783711667e-08,4.876493138203536e-08,4.487121526766752e-08,8.428171206651475e-08,104,14,random_strong,independent,12,579745524
100,True,-0.1564606755903564,-0.8937758413208966,8.000150235454606e-08,8.483154142798118e-08,6.9637221963735925e-09,3.466687543972858e-08,7.66844129764253e-08,100,14,random_strong,independent,13,626638623
117,True,-0.13913319535273488,-0.43512815583807835,2.9183162399885356e-08,1.8486107304841876e-08,2.269320540788476e-08,1.401657309234421e-08,6.25210735246365e-08,117,14,random_strong,independent,14,668330740
100,True,-0.13771877031859867,-2.0059839682474565,2.387070815979909e-07,2.1721268566005998e-07,1.1357682387828945e-07,1.312852027717438e-07,1.610928458753431e-07,100,14,random_strong,independent,15,113600941
47,True,-0.36157560451317033,-0.4817894489653265,2.402180018736741e-08,1.0435640665640523e-08,2.2309626029408407e-08,1.616462026815684e-08,4.676403542658393e-08,47,14,random_strong,independent,16,376734007
76,True,-0.2318432722179378,0.1382255205745099,1.6960391453062055e-08,1.0870270242953573e-08,6.557902946391395e-09,1.333420622261466e-08,3.7803773124730256e-08,76,14,random_strong,independent,17,790507528
42,True,-0.4450309621925073,0.635877807322729,8.640834601919937e-09,5.1123957271696035e-09,5.773639869870435e-09,6.835399734821874e-09,2.2862963170049682e-08,42,14,random_strong,independent,18,618714777
59,True,-0.2811709565727171,-0.27693437590606285,2.8654911169341238e-08,2.349167534409146e-08,1.7582032157309694e-08,1.2396328623558317e-08,6.777300001880959e-08,59,14,random_strong,independent,19,136369829
72,True,-0.23088483877206564,-0.6263462146392553,3.3221186841330824e-08,3.6936563075275406e-08,1.9214937794107774e-08,5.297763562038106e-09,4.104231798802901e-08,72,14,random_strong,independent,20,40095009
62,True,-0.2687751373511171,-0.4917490357078215,2.603549667023668e-08,2.0905789478932732e-08,1.6070758561949088e-08,9.62294280525874e-09,4.0444744988481904e-08,62,14,random_strong,independent,21,961051497
171,True,-0.08205264283324329,-2.014869690979656,2.6561751498901293e-07,1.1846296962413566e-07,1.0003014357700078e-07,2.647930335315112e-07,1.1668136236249945e-07,171,14,random_strong,independent,22,522250893
73,True,-0.23729215482940946,-0.18046613586895635,2.432294624405155e-08,6.085215547616455e-09,1.629039905550454e-08,3.0436944188031976e-08,4.9496712830945857e-08,73,14,random_strong,independent,23,931488741
62,True,-0.26947909765574063,-0.5978408758026792,1.8885266005286143e-08,1.9443684433624486e-08,9.876742488791928e-09,1.1242045810105782e-08,3.8796342077413526e-08,62,14,random_strong,independent,24,214326402
54,True,-0.3186394609162748,0.06873874018554031,1.8905638912657034e-08,1.2671479394245204e-08,1.0147370965759865e-08,1.1707636721857217e-08,4.4311693821343905e-08,54,14,random_strong,independent,25,447337581
106,True,-0.1452566071840126,-1.3898155675181862,7.211354351862561e-08,7.331860941765823e-08,5.993546065147907e-08,3.6676551843800017e-09,6.008877154865592e-08,106,14,random_strong,independent,26,139623654
102,True,-0.15733746504561166,-0.7974313400940211,3.33549308759711e-08,1.5148654070378225e-08,1.0888523769749035e-08,3.2435253889643565e-08,6.118255163474906e-08,102,14,random_strong,independent,27,574229148
70,True,-0.25200266652180264,0.10580060391177629,1.7021749527566905e-08,1.6882376710722148e-08,3.830804048663976e-09,6.9530497721772826e-09,3.658534015424673e-08,70,14,random_strong,independent,28,188474302
43,True,-0.4337361104409998,0.39548033077084466,7.586899365287271e-09,6.5771251899764885e-09,2.9029195941604023e-09,4.878514519991204e-09,2.0378221190523597e-08,43,14,random_strong,independent,29,492263072
70,True,-0.23467816991259882,-0.7473121609034591,2.7412487350402367e-08,1.7678186502428704e-08,1.7678186502428704e-08,1.767818650338993e-08,4.4209321939973765e-08,70,14,random_strong,cascade,0,344141077
56,True,-0.30530845668847,-0.18829626506553085,4.241165428838689e-08,2.9292426879957395e-08,2.9292426879957395e-08,2.9292426898919957e-08,5.377979360955843e-08,56,14,random_strong,cascade,1,185729707
72,True,-0.24528329066714658,0.2994332836856522,1.1559625067152901e-08,8.692251296968929e-09,8.692251297120483e-09,8.692251296246853e-09,3.989927084399299e-08,72,14,random_strong,cascade,2,96810149
74,True,-0.23633056124961724,0.682730702395642,2.5301134626236607e-08,1.7285630989025922e-08,1.7285630989025922e-08,1.728563098854399e-08,3.374942425030772e-08,74,14,random_strong,cascade,3,947319795
76,True,-0.1979749655288917,-2.0582763657788408,3.966579900260145e-08,2.9078577243004547e-08,2.9078577243004547e-08,2.9078577244765194e-08,5.208912208048015e-08,76,14,random_strong,cascade,4,198748246
109,True,-0.1251517829711624,-2.9506480024688275,1.1626889409204341e-07,8.127440786938326e-08,8.127440786938326e-08,8.127440786938326e-08,7.054873994641294e-08,109,14,random_strong,cascade,5,404994061
45,True,-0.4009290707261435,1.1932362117886255,2.3528943376806054e-08,1.7436211038576543e-08,1.7436211038576543e-08,1.743621104751329e-08,2.7840252134934996e-08,45,14,random_strong,cascade,6,224606641
53,True,-0.35980366348561926,0.5497244283443038,5.543372646732921e-09,4.376998657456493e-09,4.376998657456493e-09,4.376998656640704e-09,1.8690347075059453e-08,53,14,random_strong,cascade,7,808969602
113,True,-0.14746456726643115,-0.6732683770744583,2.2638878771413845e-08,1.8601126254345038e-08,1.8601126254345038e-08,1.8601126254677147e-08,4.9712439409996736e-08,113,14,random_strong,cascade,8,414902499
68,True,-0.24714636033604806,-0.3300524984395719,2.531221511038188e-08,1.9711685455547064e-08,1.9711685455547064e-08,1.9711685459815025e-08,3.669098507172542e-08,68,14,random_strong,cascade,9,245167499
129,True,-0.12563702144762448,-0.48540842855345284,5.276453722002307e-08,3.785015249164399e-08,3.785015249164399e-08,3.785015249164399e-08,6.496037465030879e-08,129,14,random_strong,cascade,10,80735279
83,True,-0.20391917616206506,-0.20870234111917285,2.5812821426389348e-08,1.709773114321385e-08,1.709773114321385e-08,1.7097731143180973e-08,4.5898772668091665e-08,83,14,random_strong,cascade,11,582520185
59,True,-0.29828375252371886,-0.3443569357155121,8.044871133107718e-09,6.123112846636971e-09,6.123112846652299e-09,6.1231128481954195e-09,1.6872082137494633e-08,59,14,random_strong,cascade,12,651669467
55,True,-0.3286926492684782,0.2570691061579271,1.729816131604894e-08,1.4345052700807872e-08,1.4345052700807872e-08,1.4345052704262489e-08,3.4712825538820423e-08,55,14,random_strong,cascade,13,990741309
87,True,-0.1893500726023457,-0.002509837164761929,4.124734429858661e-08,3.002714905014535e-08,3.002714905014535e-08,3.002714905014535e-08,9.141555802885226e-08,87,14,random_strong,cascade,14,871409086
70,True,-0.2262972278652227,-1.5058718875738077,2.926254148002241e-08,2.1181550653043033e-08,2.1181550653043033e-08,2.118155065329877e-08,3.590736303866683e-08,70,14,random_strong,cascade,15,884169933
86,True,-0.18563129947808032,-0.10115057194305087,7.134243712423669e-08,5.062482890095043e-08,5.062482890095043e-08,5.062482890095043e-08,1.3960051485078185e-07,86,14,random_strong,cascade,16,634234433
140,True,-0.10831602925690507,-1.4756018852825847,1.400828021643763e-07,8.937640526583643e-08,8.937640526586717e-08,8.937640526670163e-08,6.626405172303754e-08,140,14,random_strong,cascade,17,359814862
40,True,-0.4731999436681076,0.3447537007591615,5.586775610606241e-09,4.040102225035638e-09,4.040102223889379e-09,4.040102217573875e-09,1.5960676624519813e-08,40,14,random_strong,cascade,18,429026121
46,True,-0.38320646618091414,-0.1279718418218843,1.2190429983710713e-08,1.0404305190712533e-08,1.0404305188314899e-08,1.0404305192995904e-08,3.921539578234651e-08,46,14,random_strong,cascade,19,133744846
72,True,-0.1892853131455473,-2.8897067746721388,7.813681735761238e-08,5.3981315559593855e-08,5.3981315559593855e-08,5.398131554477797e-08,8.314072158539319e-08,72,14,random_strong,cascade,20,431076357
60,True,-0.2523799948540253,-2.0660841714210694,1.581968892415284e-08,1.067557435612385e-08,1.067557435612385e-08,1.067557435649883e-08,2.7669205934037647e-08,60,14,random_strong,cascade,21,364438563
97,True,-0.15130946097025877,-2.2403414919261104,5.624445554996997e-08,4.908765148671365e-08,4.908765148671365e-08,4.908765148671365e-08,5.2044160984758206e-08,97,14,random_strong,cascade,22,35898885
102,True,-0.14687963914877786,-1.947144742043548,7.550243197929632e-08,6.155487869720213e-08,6.155487869719544e-08,6.155487869719488e-08,6.123133013695077e-08,102,14,random_strong,cascade,23,204467755
74,True,-0.2167095015906431,-0.9294986524692802,2.5354501766086387e-08,1.8119640431969085e-08,1.8119640431969085e-08,1.8119640431969085e-08,5.980385406980995e-08,74,14,random_strong,cascade,24,534600751
83,True,-0.19248724684295174,-0.27981470601234615,3.4365843393685056e-08,2.3234308095146493e-08,2.3234308095146493e-08,2.3234308095146493e-08,1.0304032745203982e-07,83,14,random_strong,cascade,25,369342997
206,True,-0.05804802719460534,-4.185965869712394,3.970625699507709e-07,2.530646494568119e-07,2.530646494556079e-07,2.530646494483027e-07,1.1223335721228719e-07,206,14,random_strong,cascade,26,993542996
125,True,-0.12595068758101274,-1.0857851555448994,3.822550488038129e-08,2.8233046991945366e-08,2.8233046991945366e-08,2.8233046991945366e-08,4.9598861643276576e-08,125,14,random_strong,cascade,27,478527724
62,True,-0.2749218365592945,-0.5131949334933092,1.57597793481616e-08,1.1267591363944935e-08,1.1267591363944935e-08,1.126759136632306e-08,3.0880819645306845e-08,62,14,random_strong,cascade,28,958707525
79,True,-0.21929210662268356,-0.036281607050984176,1.7302141455060252e-08,1.1567895376517292e-08,1.1567895376517292e-08,1.1567895376517292e-08,3.3320754711424215e-08,79,14,random_strong,cascade,29,660711181
51,True,-0.36781881024297813,0.39641880711827726,4.879043719427695e-09,3.5300308684905765e-09,3.5300308661398128e-09,3.5300327638390817e-09,1.3123780017211652e-08,51,14,random_strong,heterogeneous_cascade,0,40399228
67,True,-0.24766542373094075,-0.09349004935864771,3.6975817682045565e-08,2.4688402163581708e-08,2.4688402164510492e-08,2.4688402590455165e-08,7.27672804608999e-08,67,14,random_strong,heterogeneous_cascade,1,203445152
74,True,-0.18967336407851362,-3.0098915498028793,4.40335793507256e-08,3.5779024927667976e-08,3.5779024927891096e-08,3.57790249015146e-08,4.842558467271603e-08,74,14,random_strong,heterogeneous_cascade,2,705797003
52,True,-0.35281703675252496,0.36148376037379504,1.0430384176912125e-08,7.516319395995326e-09,7.516319395433568e-09,7.516313541594703e-09,2.1742596249526806e-08,52,14,random_strong,heterogeneous_cascade,3,545117546
48,True,-0.3634396503572796,-0.19138897502163119,1.6303824805493345e-08,1.0020559604574854e-08,1.0020559620230291e-08,1.0005168756112646e-08,2.0442895213077897e-08,48,14,random_strong,heterogeneous_cascade,4,301764866
52,True,-0.35227252071013915,0.21494755037719784,6.062818444583893e-09,4.269501331670636e-09,4.269501330846324e-09,4.269501711313934e-09,2.1931127592621675e-08,52,14,random_strong,heterogeneous_cascade,5,522084655
54,True,-0.3228436034259616,0.459845332381021,3.38529666319302e-08,2.780704666213001e-08,2.7807046654570316e-08,2.780695724445273e-08,5.619973458598838e-08,54,14,random_strong,heterogeneous_cascade,6,902989153
79,True,-0.19642145820921292,-1.5768314036738569,4.8235297593097215e-08,3.2058021571471145e-08,3.2058021571585765e-08,3.2058021570008425e-08,4.718449053542144e-08,79,14,random_strong,heterogeneous_cascade,7,388708059
137,True,-0.11278685858157053,-1.026326132593846,1.0615722930298267e-07,7.095822444153505e-08,7.095822443722885e-08,7.095822443935592e-08,6.858320593033774e-08,137,14,random_strong,heterogeneous_cascade,8,45114745
64,True,-0.25591953482457125,-0.9366094242506393,2.012130059267146e-08,1.550189886658525e-08,1.550189886739002e-08,1.5501898787332208e-08,4.0101366100628395e-08,64,14,random_strong,heterogeneous_cascade,9,310959236
71,True,-0.2242681873735541,-1.3326391364723769,3.7267779987566327e-08,2.530583761897482e-08,2.53058376170097e-08,2.530583761927449e-08,4.313017458411559e-08,71,14,random_strong,heterogeneous_cascade,10,935874101
36,True,-0.5729664084913609,1.2397603910718864,1.5695560783881964e-09,1.160633768570697e-09,1.1606338227852619e-09,1.2739334810515231e-09,6.8993779073557805e-09,36,14,random_strong,heterogeneous_cascade,11,761777381
41,True,-0.44026042651279884,0.3895635513620306,6.058089650241491e-09,3.714886741904775e-09,3.714886730071534e-09,3.7170573936601333e-09,3.461236721506466e-08,41,14,random_strong,heterogeneous_cascade,12,837475743
73,True,-0.23068896115520343,-0.4698439904404264,2.1622365953865627e-08,1.639084165153499e-08,1.6390841651340123e-08,1.6390841651532337e-08,3.212988049418614e-08,73,14,random_strong,heterogeneous_cascade,13,911606670
69,True,-0.2409731044952755,-0.7444207631893015,2.6742972637966635e-08,2.069736157227761e-08,2.0697361570138945e-08,2.0697361596442838e-08,3.649933710270982e-08,69,14,random_strong,heterogeneous_cascade,14,282672672
120,True,-0.12548290924188915,-1.6102591156517867,5.3801829041542535e-08,3.604845004553503e-08,3.6048450045834135e-08,3.604845004615462e-08,6.77513219614138e-08,120,14,random_strong,heterogeneous_cascade,15,59824337
83,True,-0.18871944024753837,-1.4841763121710843,5.279876012285389e-08,3.6448476213228424e-08,3.644847621362781e-08,3.6448476215454334e-08,4.8394370800124324e-08,83,14,random_strong,heterogeneous_cascade,16,4735645
140,True,-0.10608691768300525,-1.7898704844047872,8.667183692617757e-08,8.000179953098552e-08,8.00017995290548e-08,8.000179952828544e-08,6.584573356093263e-08,140,14,random_strong,heterogeneous_cascade,17,834707664
52,True,-0.3478023389607865,0.19259085761497727,8.002106678626689e-09,6.024040192612388e-09,6.024040185789824e-09,6.0233139527457396e-09,1.424734531310758e-08,52,14,random_strong,heterogeneous_cascade,18,936947148
56,True,-0.27499501855004166,-1.9815545941721189,1.372207112214557e-08,9.812269310394272e-09,9.812269310222566e-09,9.81224990522693e-09,3.620293245390214e-08,56,14,random_strong,heterogeneous_cascade,19,155757670
159,True,-0.10368801125475416,-0.11391636689992414,3.268996226078066e-08,2.2715791143265656e-08,2.27157911441109e-08,2.2715791143144627e-08,6.931124672380232e-08,159,14,random_strong,heterogeneous_cascade,20,722169005
143,True,-0.08515115233176636,-4.326200731598883,1.8652641696428956e-07,1.2779302429633751e-07,1.2779302431024857e-07,1.2779302430105202e-07,7.39452591171403e-08,143,14,random_strong,heterogeneous_cascade,21,534898152
147,True,-0.09438897949412002,-2.371794090737883,1.7084021096001418e-07,1.296656602242486e-07,1.2966566022029617e-07,1.296656602184328e-07,9.660849453557077e-08,147,14,random_strong,heterogeneous_cascade,22,69225520
61,True,-0.25810691212566356,-1.7173363343880272,4.792212982463624e-08,3.462456158074271e-08,3.4624561578752906e-08,3.4624561836849914e-08,4.828468963432965e-08,61,14,random_strong,heterogeneous_cascade,23,915744857
74,True,-0.21151329794563187,-0.8484013374701098,6.083991511397316e-08,3.94725432297286e-08,3.9472543236734686e-08,3.947254323782719e-08,9.730702761465124e-08,74,14,random_strong,heterogeneous_cascade,24,871238654
59,True,-0.3075105533281212,0.6064916617412016,8.934381563546124e-09,5.890443146405396e-09,5.890443149502627e-09,5.890443135997909e-09,3.4933993668788795e-08,59,14,random_strong,heterogeneous_cascade,25,567448113
92,True,-0.17162585804954267,-0.9854190650039343,6.262412018839358e-08,4.304590345393184e-08,4.304590345608056e-08,4.304590345652231e-08,7.372652119652119e-08,92,14,random_strong,heterogeneous_cascade,26,707888450
86,True,-0.19542530537282538,-0.39136822604562677,2.6504096779549857e-08,1.7979136873368663e-08,1.7979136888526185e-08,1.7979136888052293e-08,4.0009768275494235e-08,86,14,random_strong,heterogeneous_cascade,27,397233301
73,True,-0.21942864311057586,-0.33175723951140396,3.350503506023571e-08,2.2864455192767866e-08,2.2864455202665697e-08,2.2864455205692877e-08,9.4209578204852e-08,73,14,random_strong,heterogeneous_cascade,28,792838995
48,True,-0.37393678689161824,0.10131635786973829,7.205174603624872e-09,5.5187511100636445e-09,5.518751110137994e-09,5.519149605160276e-09,1.3635555822761657e-08,48,14,random_strong,heterogeneous_cascade,29,445016054
39,True,-0.4564160233714645,-0.6542062991905807,3.5704222476550605e-09,3.319517539299547e-09,1.388043322111572e-09,1.2875032905597185e-09,1.4911869832209668e-08,39,14,small_world,independent,0,989175596
46,True,-0.39204206448572115,-0.3519249466371255,3.5208815397253526e-09,1.565428038334582e-09,3.1971424875336044e-09,1.3381336568437017e-09,1.576196543281492e-08,46,14,small_world,independent,1,63117170
59,True,-0.276980783608112,-0.496344108602623,1.5248075820873833e-08,9.262339273810485e-09,1.1686831303661293e-08,7.596066867609388e-09,6.48504470803686e-08,59,14,small_world,independent,2,172149530
61,True,-0.283851121280441,-0.1598129328127378,9.290531000885945e-09,2.2569283987074628e-09,3.95249164775656e-09,8.784173985153447e-09,3.51051055527458e-08,61,14,small_world,independent,3,968752321
41,True,-0.45606637523390103,0.048379906463699975,2.3615481919394167e-09,8.00570519801875e-10,2.1386118466431146e-09,1.2620998533699778e-09,1.200272374225593e-08,41,14,small_world,independent,4,288781680
63,True,-0.2856743722015565,0.44244084504256975,8.1526844353618e-09,4.76818648802693e-09,2.813454712922667e-09,6.5749355163409665e-09,3.222845665182064e-08,63,14,small_world,independent,5,791275566
61,True,-0.29475038504413636,0.19259585857912365,6.508802404025028e-09,4.013495948613035e-09,5.311964273477212e-09,3.3122324016171953e-10,2.5084403751912875e-08,61,14,small_world,independent,6,189363491
60,True,-0.2915699256671399,-0.03057962446134825,7.591114637375602e-09,4.124738368853703e-09,3.96182067985067e-09,5.649715676770958e-09,3.314691523362636e-08,60,14,small_world,independent,7,513538501
51,True,-0.346545208374148,0.28456258864857376,8.621922591668383e-09,2.537675455731743e-09,7.827253866070212e-09,4.098647631508078e-09,4.039368975342278e-08,51,14,small_world,independent,8,286047301
58,True,-0.303923375580733,-0.07555752773946997,7.158240240571077e-09,5.133975753831219e-09,3.1997355083764583e-09,4.1524024702598905e-09,2.7634457682095126e-08,58,14,small_world,independent,9,197936148
40,True,-0.46271759663975837,0.34972016863296257,4.649129293853265e-09,2.899623759149485e-09,4.116290013394546e-09,6.849865501920413e-10,1.9031829122525225e-08,40,14,small_world,independent,10,964373194
42,True,-0.43721038392184197,0.31749877127424087,4.795606530605645e-09,1.7698543137499553e-09,2.8675724516854597e-09,4.3254320345784924e-09,2.2233568301769064e-08,42,14,small_world,independent,11,199897088
67,True,-0.2620111360311004,0.13247173174780766,7.933270092730517e-09,1.6634745624717039e-09,2.9306824316673764e-09,8.56381762907936e-09,3.543870136330932e-08,67,14,small_world,independent,12,94286053
46,True,-0.3911750366017235,-0.1545536238049236,4.1969819739490165e-09,2.6208157091568637e-09,2.0663397976425374e-09,2.6930859886360437e-09,1.9643593442862067e-08,46,14,small_world,independent,13,673937700
56,True,-0.30910200986843084,-0.3332095725532655,7.765988723335316e-09,3.065718730595803e-09,7.177184355417074e-09,2.16416002510933e-09,3.05411149782622e-08,56,14,small_world,independent,14,867303040
45,True,-0.39833207018207356,-0.41247208395860085,3.5238680541056873e-09,2.8819950047706106e-09,2.3304229486015284e-09,6.41206295351498e-10,1.6109240654667072e-08,45,14,small_world,independent,15,127495792
36,True,-0.5297409532238366,0.2475563879707991,2.161806874555165e-09,1.421321103763012e-09,1.3737220587680464e-09,1.0133887982492852e-09,1.1524565608003625e-08,36,14,small_world,independent,16,707843894
66,True,-0.27030297203299924,0.2661855247552118,7.988098307439477e-09,3.040331063695826e-09,7.593567028923653e-09,2.6425782038122157e-09,3.1010263117045566e-08,66,14,small_world,independent,17,540790907
77,True,-0.21902953917005177,-0.3277265539955241,1.2576809175520163e-08,6.858937409502016e-09,3.4289586967905944e-09,1.0183594592451795e-08,4.198586821569931e-08,77,14,small_world,independent,18,126954568
46,True,-0.39440627442986126,-0.24273401954796212,3.755460154701267e-09,2.4166432250826385e-09,3.0008769031273423e-09,6.138234531812308e-10,1.5311342108748893e-08,46,14,small_world,independent,19,975897540
52,True,-0.3456377822970442,0.2676042044553691,6.426117366695279e-09,6.370107274181632e-09,5.785584848167561e-10,2.6820591269041308e-09,2.865748630815195e-08,52,14,small_world,independent,20,842154655
50,True,-0.35829111789410056,0.021560593434581814,5.962152080490919e-09,2.3252403332769204e-09,3.822097814810573e-09,4.372516699861139e-09,2.3135516428848335e-08,50,14,small_world,independent,21,361962197
56,True,-0.3152749590953922,0.06966443296225966,7.741874593525087e-09,7.636680300481078e-09,2.9766596340759926e-09,2.0026205966658736e-09,3.050509350488109e-08,56,14,small_world,independent,22,943382351
37,True,-0.5053571198245157,0.3123404712478192,3.7227507115734107e-09,2.2732213771203825e-09,2.7685873531080143e-09,1.712964701965971e-09,1.7256075974960413e-08,37,14,small_world,independent,23,626362771
55,True,-0.3249785708611376,0.2545124160971498,7.615162681547658e-09,5.163132517505835e-09,2.708044276752638e-09,5.458213875954086e-09,3.099546096709231e-08,55,14,small_world,independent,24,126935256
33,True,-0.5678596467494768,-0.25882186296016346,1.5701241418306956e-09,1.0055889101268557e-09,1.0055889099411272e-09,1.0055888441708602e-09,1.066841904392441e-08,33,14,small_world,cascade,0,795788564
57,True,-0.30450641897275627,-0.17643393238488486,8.610792796930877e-09,5.598138573527391e-09,5.598138573527391e-09,5.598138575909489e-09,3.0926485763906504e-08,57,14,small_world,cascade,1,300201326
48,True,-0.3800899079907132,0.5190666740619087,6.263569834787293e-09,4.066254601935208e-09,4.066254601935208e-09,4.066254596575362e-09,2.9138667401564748e-08,48,14,small_world,cascade,2,388060214
44,True,-0.39130528129465736,-0.5676688523640468,4.787326155213937e-09,3.463399450763287e-09,3.463399450763287e-09,3.4633994464292636e-09,2.801619103663714e-08,44,14,small_world,cascade,3,543495594
52,True,-0.34713858793958385,0.09364880724734624,4.422647354229121e-09,2.880169107632429e-09,2.880169107632429e-09,2.880169106665486e-09,2.400689537830299e-08,52,14,small_world,cascade,4,965374260
52,True,-0.3370357688917626,-0.04068303978350288,6.972593431819129e-09,4.642939407442307e-09,4.642939410239056e-09,4.642939402042744e-09,3.216508223015472e-08,52,14,small_world,cascade,5,898921576
53,True,-0.33447519724023517,0.048908515019527796,7.106846266752952e-09,4.57145640487229e-09,4.57145640487229e-09,4.571456408594507e-09,2.9419001389495677e-08,53,14,small_world,cascade,6,215540092
49,True,-0.3611762741219479,-0.26896897888387994,6.207461758293814e-09,4.272776356511255e-09,4.272776355927294e-09,4.272776354980314e-09,2.0580121847345345e-08,49,14,small_world,cascade,7,971803818
53,True,-0.3370303800789675,0.42810920162370414,7.521734512277181e-09,5.035586961116441e-09,5.035586961116441e-09,5.035586964341514e-09,3.6453349566481405e-08,53,14,small_world,cascade,8,437945407
41,True,-0.4752245000351979,0.608361454940227,1.977328246487896e-09,1.421465857277042e-09,1.4214658567112285e-09,1.421465857857522e-09,9.759832533008489e-09,41,14,small_world,cascade,9,704838322
38,True,-0.5234068479166998,0.7443322160164602,1.4898755115507423e-09,9.523260503479694e-10,9.523260499857687e-10,9.523260474574777e-10,7.663902968162783e-09,38,14,small_world,cascade,10,482938389
70,True,-0.25321995958375143,0.37705027267081853,1.0421630897689976e-08,6.7401317228238265e-09,6.740131723899229e-09,6.740131723899229e-09,3.6613439665074265e-08,70,14,small_world,cascade,11,456657232
44,True,-0.41445475779804536,0.5094267844436251,6.374293289133561e-09,4.11894788215909e-09,4.11894788215909e-09,4.118947897359052e-09,3.0206841622336043e-08,44,14,small_world,cascade,12,456403857
50,True,-0.33457939917170154,-0.051737704213502,1.9200444673457952e-08,1.2376972765502974e-08,1.2376972765502974e-08,1.2376972769672416e-08,7.03117184944082e-08,50,14,small_world,cascade,13,862549284
58,True,-0.29981377273735316,-0.30737307258914515,7.068584294116835e-09,4.6545488700542274e-09,4.6545488700542274e-09,4.654548868691352e-09,2.8043043667347225e-08,58,14,small_world,cascade,14,279923184
41,True,-0.3971551656706668,-2.047133098807904,3.701642363888818e-09,2.3831625520593268e-09,2.3831625571679934e-09,2.3831625536886976e-09,1.4033385058203789e-08,41,14,small_world,cascade,15,361599029
58,True,-0.29094283352416705,-0.7809462827127968,6.5500526675763424e-09,4.262464879463105e-09,4.262464879463105e-09,4.262464879189587e-09,2.8855766903899108e-08,58,14,small_world,cascade,16,194882755
53,True,-0.3429463765204117,0.26530266894131527,6.321664496561175e-09,4.003334325050313e-09,4.003334325050313e-09,4.00333432905812e-09,2.1541351256335923e-08,53,14,small_world,cascade,17,391506841
37,True,-0.512222565051834,0.293825288281748,2.463650069184491e-09,1.7012189844421138e-09,1.701218985827899e-09,1.7012189610238304e-09,1.295804545209575e-08,37,14,small_world,cascade,18,114078439
44,True,-0.40516658280420276,-0.020151076885202814,5.205108463015031e-09,3.489649455306767e-09,3.489649455306767e-09,3.489649444296997e-09,2.5441975887308255e-08,44,14,small_world,cascade,19,89753235
47,True,-0.36572719567795786,-0.8463545069299294,4.326836206312928e-09,2.8164835785514202e-09,2.8164835784089987e-09,2.8169844031228546e-09,2.1389006289151355e-08,47,14,small_world,heterogeneous_cascade,0,723850227
44,True,-0.4361222004082053,0.5848619387158814,2.533130205747261e-09,1.7289091187760893e-09,1.7289091221061637e-09,1.7288081047167571e-09,1.2278576306994768e-08,44,14,small_world,heterogeneous_cascade,1,77436085
59,True,-0.2915001100224666,-0.2209408460217777,8.613081730331617e-09,5.428424723209638e-09,5.428424718414919e-09,5.4284229481137386e-09,3.5534763859871665e-08,59,14,small_world,heterogeneous_cascade,2,568205143
43,True,-0.44130792141317304,0.6094047661290867,3.2446582424763147e-09,2.1432381673197558e-09,2.1432381729026194e-09,2.143258092427061e-09,1.654190767717239e-08,43,14,small_world,heterogeneous_cascade,3,779869843
70,True,-0.2592254411564405,0.7019402773094063,8.153620971297817e-09,5.500609475065152e-09,5.50060947462216e-09,5.500609497126011e-09,3.3870579137469134e-08,70,14,small_world,heterogeneous_cascade,4,724481555
78,True,-0.2210773551217795,0.006380426678157615,9.773074936445659e-09,6.4962977748289904e-09,6.496297773989802e-09,6.496297774596487e-09,3.937529732000364e-08,78,14,small_world,heterogeneous_cascade,5,446072892
59,True,-0.299912993744545,-0.06022506923653454,6.740905496895856e-09,4.229759174093283e-09,4.2297591703695135e-09,4.22975929401803e-09,2.5921468887196352e-08,59,14,small_world,heterogeneous_cascade,6,193632095
36,True,-0.5554727335366088,1.10343011823539,1.7712027284574864e-09,1.2386732050164972e-09,1.2386732467838046e-09,1.1992472320151878e-09,1.0829101450635153e-08,36,14,small_world,heterogeneous_cascade,7,930684488
50,True,-0.36008528560095204,-0.020940363141439773,5.12468811234094e-09,3.284674892173184e-09,3.284674893553322e-09,3.2846745707942777e-09,2.1182400477394584e-08,50,14,small_world,heterogeneous_cascade,8,612221008
44,True,-0.3722228926585332,-1.675200771269897,6.51632631795557e-09,4.52592898396072e-09,4.52592898393401e-09,4.530164446477679e-09,2.0350990493944704e-08,44,14,small_world,heterogeneous_cascade,9,86761576
70,True,-0.2545053064388591,0.43381335800758947,9.278501262502946e-09,6.063424777669683e-09,6.063424778086592e-09,6.063424798585433e-09,3.5801682712710505e-08,70,14,small_world,heterogeneous_cascade,10,35175982
48,True,-0.3607763553015434,-0.6679232406976346,4.641712837007718e-09,3.2191428431823685e-09,3.21914284322186e-09,3.2182335115863344e-09,2.227971180910566e-08,48,14,small_world,heterogeneous_cascade,11,315220036
42,True,-0.44917515166197375,0.34781695492640036,2.6055331120492235e-09,1.7688077840000217e-09,1.7688077787557089e-09,1.7703816273302961e-09,1.4289760283430168e-08,42,14,small_world,heterogeneous_cascade,12,157523341
66,True,-0.26141342061538747,-0.16006085986191326,8.082375504999266e-09,5.433397944093196e-09,5.433397944076004e-09,5.433397944928262e-09,3.622440154433791e-08,66,14,small_world,heterogeneous_cascade,13,860356924
47,True,-0.37403697675589936,-0.3560922875549501,5.4296791528453424e-09,3.435109482300134e-09,3.4351094851407297e-09,3.4351856156134636e-09,2.410645433140407e-08,47,14,small_world,heterogeneous_cascade,14,205819792
57,True,-0.31379247676530053,0.1745512221589142,6.836860609543061e-09,4.482442516221089e-09,4.482442515931446e-09,4.4824425709185354e-09,2.7837431877903564e-08,57,14,small_world,heterogeneous_cascade,15,282650879
38,True,-0.4781632506061176,-0.23825783670177791,3.753836458493688e-09,2.5093377126485065e-09,2.509337710701205e-09,2.5106557259628366e-09,1.520002178103862e-08,38,14,small_world,heterogeneous_cascade,16,975736024
54,True,-0.3287293150915406,-0.20210372539632776,4.630618018277037e-09,2.9523824094442305e-09,2.9523824112070293e-09,2.9523704343585642e-09,2.2603995161463436e-08,54,14,small_world,heterogeneous_cascade,17,818259961
58,True,-0.30990303609779773,0.2816037840718764,6.48218122344046e-09,4.2936732234501315e-09,4.2936732211955556e-09,4.293674763320812e-09,2.7484301352368336e-08,58,14,small_world,heterogeneous_cascade,18,218704225
31,True,-0.6036531774333246,-0.20195007169242504,1.6066173852206974e-09,1.0695796080078201e-09,1.0695847280839582e-09,1.2701612819651435e-09,1.0918926974131301e-08,31,14,small_world,heterogeneous_cascade,19,383543100
36,True,-0.49743030489210716,-0.8499976929056416,8.432612626099347e-10,3.475454556470398e-10,3.475454474887456e-10,8.350761818616726e-10,1.2515898813661515e-08,36,14,small_world,heterogeneous_cascade,20,515755676
57,True,-0.26114420066373717,-1.8030062419437909,1.7569560452993382e-08,1.1922621869591169e-08,1.192262187343349e-08,1.1922617266339042e-08,7.08063743596318e-08,57,14,small_world,heterogeneous_cascade,21,664270299
40,True,-0.44464401747639004,-0.4894532073879137,4.102926714997652e-09,2.8289786125881895e-09,2.8289786086491153e-09,2.8479199792654758e-09,1.8173923401248464e-08,40,14,small_world,heterogeneous_cascade,22,936176931
35,True,-0.5673855814402671,0.4407385911717948,9.730867867688152e-10,6.938831409280488e-10,6.938831760604471e-10,7.675172628924103e-10,7.70483810876713e-09,35,14,small_world,heterogeneous_cascade,23,871125793
55,True,-0.29947863682067405,-0.1615257096270174,2.1124047196327824e-08,1.391104626039584e-08,1.3911046271170279e-08,1.3911003458568003e-08,7.772966608891955e-08,55,14,small_world,heterogeneous_cascade,24,977192729
66,True,-0.26484194823612345,0.12399519096342175,7.96727552960117e-09,5.159636012774304e-09,5.1596360117645375e-09,5.15963603134964e-09,3.846563754413709e-08,66,14,small_world,heterogeneous_cascade,25,40645383
54,True,-0.34225677577085767,0.37989967497822674,4.1702707407230765e-09,2.7114635810963786e-09,2.7114635810963786e-09,2.711459177206457e-09,1.867285903633384e-08,54,14,small_world,heterogeneous_cascade,26,236360435
44,True,-0.40876273906833976,0.16791983635125182,6.186642179883378e-09,4.198663568632275e-09,4.19866356139816e-09,4.198715513859811e-09,2.6631610918783197e-08,44,14,small_world,heterogeneous_cascade,27,563001222
46,True,-0.3876766891165804,0.1199477290269663,6.254286990815589e-09,4.2593322601190166e-09,4.259332258317368e-09,4.260080970082853e-09,2.734694418513398e-08,46,14,small_world,heterogeneous_cascade,28,49117643
46,True,-0.373743898635099,-0.8329295870896622,4.723989183581907e-09,3.149408413299811e-09,3.1494084129780693e-09,3.149362822948023e-09,2.1965853988449388e-08,46,14,small_world,heterogeneous_cascade,29,355341503
51,True,-0.31435040089398913,-1.5468362040175265,1.4845731320666962e-08,1.5760604502228937e-08,7.419816220224546e-09,1.795742344129611e-09,3.247027287617566e-08,51,14,scale_free,independent,0,153601832
43,True,-0.4266580862907459,0.5152833993278743,9.696201871832915e-09,9.916332801590785e-09,3.333167178463644e-09,5.998839762296949e-09,2.7757037359780712e-08,43,14,scale_free,independent,1,932919930
34,True,-0.5148604268194479,-0.6310065500325528,7.238316038479279e-09,6.829616512091375e-09,4.491621767939981e-09,2.8736311428312765e-09,2.2025341536507936e-08,34,14,scale_free,independent,2,63328478
35,True,-0.5449345523648353,0.20746409912139446,3.883326065737026e-09,3.1431186709160954e-09,2.8020537759381513e-09,1.1958304492181077e-09,1.1641508108103584e-08,35,14,scale_free,independent,3,148404313
41,True,-0.44440475595985873,0.38684141521907534,9.849467210106472e-09,1.0080748160458455e-09,9.008873852419732e-09,6.689930343436838e-09,2.6086110019034086e-08,41,14,scale_free,independent,4,148594042
77,True,-0.20212083185390498,-1.6396201388209801,3.4383970557327254e-08,1.491407328718855e-08,2.3439162867847165e-08,3.7727845078178844e-08,4.1427215785528856e-08,77,14,scale_free,independent,5,568569714
31,True,-0.6489339062368192,0.5463634608229547,1.7137651674811984e-09,1.4203884389868357e-09,8.2471479904301e-10,8.354390977497835e-10,6.30261967426586e-09,31,14,scale_free,independent,6,364347585
35,True,-0.5492865770209,0.030768093173103177,2.3185159746849624e-09,1.601696544102205e-10,1.923811157387851e-09,2.121274960919089e-09,8.220862909825311e-09,35,14,scale_free,independent,7,912448796
47,True,-0.34655676003179126,-1.7299382284564007,1.0620474410692215e-08,7.0326609225527596e-09,7.766698806619401e-09,5.239349492123066e-09,2.1006199897224384e-08,47,14,scale_free,independent,8,537218883
38,True,-0.4964716838623863,0.027562322589303457,3.858550529068205e-09,3.82075567006211e-09,2.261743667071109e-09,7.568470990327806e-10,1.1587230628984024e-08,38,14,scale_free,independent,9,660089686
55,True,-0.304356090927956,-0.9634928570357086,1.635371572209843e-08,5.524341310858683e-09,1.3975936988323496e-08,1.2822434785013355e-08,2.7808884591066854e-08,55,14,scale_free,independent,10,625989556
53,True,-0.31245333427387,-1.2237855031512357,1.5861415370847888e-08,3.455412874624253e-11,1.4026103829215246e-08,1.1597186295760103e-08,2.5439181163862066e-08,53,14,scale_free,independent,11,796382792
35,True,-0.507519933609863,-0.8946495746009925,3.690271762172139e-09,1.411953775321971e-09,4.0827779200657725e-09,3.537194714117046e-10,1.3725009631670688e-08,35,14,scale_free,independent,12,201867251
33,True,-0.5630872836982012,-0.4076777133348086,2.7270539311241384e-09,1.6157883756175366e-09,2.1134498582366708e-10,2.913722740346975e-09,9.485050747804008e-09,33,14,scale_free,independent,13,507456136
45,True,-0.3934338430397699,-0.30264209816385174,1.0691927063811691e-08,1.1816788297398098e-08,2.9937670183664747e-09,1.1499802148563702e-09,2.2177461851780274e-08,45,14,scale_free,independent,14,800583620
35,True,-0.5428024441515276,-0.011231977871893627,2.2642404871713748e-09,8.180098118007541e-10,2.026338156947743e-09,1.3206058994636906e-09,7.728420245517486e-09,35,14,scale_free,independent,15,863016299
44,True,-0.4022621732119794,-0.4201838106353682,7.4151139517129e-09,5.255545030645722e-09,5.871450120993747e-09,3.957515297286229e-09,1.762502973102242e-08,44,14,scale_free,independent,16,617788908
36,True,-0.5261646546416565,0.2089899602877594,2.865285435797063e-09,1.863976143490375e-09,1.3357805767800376e-09,2.2284268338576876e-09,8.476055313822372e-09,36,14,scale_free,independent,17,651891326
35,True,-0.5332994207086996,-0.3243972997387715,2.246084887899004e-09,2.8065229579544724e-09,9.820670151616647e-10,5.1805935278451696e-11,1.0028389493329505e-08,35,14,scale_free,independent,18,624871301
38,True,-0.44756524981877227,-1.0054619452417208,9.602190720404893e-09,5.372568874027012e-09,1.6158288187079436e-09,9.953370333813984e-09,2.4460364517907303e-08,38,14,scale_free,independent,19,948843106
42,True,-0.42846048016628396,-0.4450900703827736,5.862994895068325e-09,3.764103009119513e-09,5.443183638430075e-10,6.079604344945654e-09,1.545302846994662e-08,42,14,scale_free,independent,20,127593792
39,True,-0.4668964212953868,-0.4489052093692113,4.315863211292363e-09,3.5452340854610168e-09,1.5077343039200578e-09,2.883223769808904e-09,1.1789544251684685e-08,39,14,scale_free,independent,21,347900775
31,True,-0.6283241399478019,0.3326029307141958,2.638511347101688e-09,7.094163639118015e-10,5.301752671366484e-10,3.0785662722132973e-09,1.0569527238631276e-08,31,14,scale_free,independent,22,112182098
35,True,-0.5656331374502377,0.5715214257241176,1.9991445420591422e-09,1.3732391027948814e-09,1.7871912660544783e-09,4.4693385057031613e-10,7.632265125539971e-09,35,14,scale_free,independent,23,90579058
37,True,-0.4721728538254082,-0.5135734099971592,8.700587444376918e-09,4.38626415407631e-09,2.1646137229025318e-09,9.743068867324518e-09,2.5477929658182345e-08,37,14,scale_free,independent,24,471941169
47,True,-0.37879137610302166,0.2638292581742571,1.2096705030759056e-08,8.01144849186487e-09,8.01144849186487e-09,8.011448486498519e-09,2.741976721112187e-08,47,14,scale_free,cascade,0,225928957
53,True,-0.321236734796452,-0.47810891633840813,1.476479348608771e-08,1.062485283337964e-08,1.0624852833587292e-08,1.062485282563224e-08,3.431039378627992e-08,53,14,scale_free,cascade,1,407157226
37,True,-0.4665060375154292,-1.4920048401078603,5.162525221507055e-09,3.5428427562763923e-09,3.5428427570408267e-09,3.542842680507235e-09,1.3435117965762932e-08,37,14,scale_free,cascade,2,437841565
43,True,-0.4012355272427926,-0.7240035954111335,1.1104918902478034e-08,7.551559210394888e-09,7.551559213664305e-09,7.551559208874e-09,2.4012013329547788e-08,43,14,scale_free,cascade,3,620923554
42,True,-0.43658342360344726,-0.32296416457867977,5.392765696416848e-09,3.465750641902234e-09,3.465750642136146e-09,3.4657506392101065e-09,1.3261288016096096e-08,42,14,scale_free,cascade,4,945693651
49,True,-0.35616064677036385,-0.3808211213453873,1.3132793993744703e-08,9.187760740908789e-09,9.187760740914635e-09,9.187760740801474e-09,2.5768882565680395e-08,49,14,scale_free,cascade,5,849387778
49,True,-0.3807741647406705,0.4171796748209005,7.580880101202377e-09,5.734040369479667e-09,5.734040369479667e-09,5.73404036783839e-09,1.771454300761941e-08,49,14,scale_free,cascade,6,378309822
36,True,-0.5006038505441749,-0.06338581083842598,6.297897550530723e-09,4.565145471005905e-09,4.565145477420429e-09,4.565145733988404e-09,2.243174369110654e-08,36,14,scale_free,cascade,7,325584850
48,True,-0.3651235665555784,-0.6296504018707579,1.0228526574662994e-08,6.553570950604857e-09,6.553570950604857e-09,6.553570951199073e-09,1.8746665667619406e-08,48,14,scale_free,cascade,8,770773213
34,True,-0.5638571741520989,0.21095489220785255,2.563295187766901e-09,1.8051838836856973e-09,1.8051838838899323e-09,1.8051839085167858e-09,1.340182862465714e-08,34,14,scale_free,cascade,9,123652283
41,True,-0.4493962145999251,-0.28295706625954586,4.324972717509623e-09,3.072208811285651e-09,3.072208811267636e-09,3.072208809252733e-09,1.1843006098969504e-08,41,14,scale_free,cascade,10,540476692
49,True,-0.32512161818126833,-1.8426052561782251,1.3539603344655805e-08,9.571584596704191e-09,9.571584596704191e-09,9.571584596153658e-09,2.6319307456379758e-08,49,14,scale_free,cascade,11,423016436
32,True,-0.647193598371201,0.5947058988473745,6.309265149029768e-10,4.349567002181943e-10,4.349567017416428e-10,4.349566704896991e-10,8.169733741239884e-09,32,14,scale_free,cascade,12,182808770
40,True,-0.4639948747158218,-0.25684404729883814,4.6550479976427e-09,3.196232285379142e-09,3.1962322861630837e-09,3.1962322769423228e-09,1.322543851723157e-08,40,14,scale_free,cascade,13,616448813
36,True,-0.48851368842914783,-1.2162588145690605,4.463964151684239e-09,3.100663309041932e-09,3.1006633088631325e-09,3.1006632687076016e-09,1.3191995633438216e-08,36,14,scale_free,cascade,14,320734118
32,True,-0.5955410365575886,-0.2794369285675608,5.014837497881247e-10,3.904687510247378e-10,3.904687508101427e-10,3.904686815493749e-10,1.2060533506933256e-08,32,14,scale_free,cascade,15,653191884
36,True,-0.5110813174131933,-0.611536510593222,4.575094520607186e-13,3.0501175183165655e-13,3.050155106774919e-13,3.050083141146857e-13,9.271846155515043e-09,36,14,scale_free,cascade,16,174198142
46,True,-0.365422413683425,-0.7151786201541606,1.0514747429826143e-08,7.57276384205584e-09,7.572763842560266e-09,7.57276384868009e-09,2.4298296034600977e-08,46,14,scale_free,cascade,17,672853394
34,True,-0.5631587623162239,0.4775561928629729,2.001409331079956e-10,1.3895136565977782e-10,1.3895138102629316e-10,1.3895139002423526e-10,2.3576523305485857e-08,34,14,scale_free,cascade,18,162093913
35,True,-0.5411319509098695,-0.5004865928654705,4.4002000041420264e-09,3.2165285294951313e-09,3.2165285355618526e-09,3.2165282051432987e-09,1.257338210309093e-08,35,14,scale_free,cascade,19,434759746
43,True,-0.4076334434135767,-0.9052758156293342,6.20558575059879e-09,3.934338123169394e-09,3.934338121770629e-09,3.932416133124394e-09,1.5353446212808172e-08,43,14,scale_free,heterogeneous_cascade,0,807992950
40,True,-0.39808726153258,-2.3810888134894643,1.2275330298895645e-08,8.623601640922333e-09,8.623601641466389e-09,8.620231224654588e-09,2.5802585814930104e-08,40,14,scale_free,heterogeneous_cascade,1,228645602
42,True,-0.395866696950563,-1.4619919058889344,8.190865594420935e-09,6.406142366877951e-09,6.406142445188314e-09,6.400049577165266e-09,2.0549899857068785e-08,42,14,scale_free,heterogeneous_cascade,2,767627843
33,True,-0.5561622058652252,-0.46927643988717616,4.35651988259692e-09,3.5953955138966285e-09,3.5953949622083473e-09,3.1702508793539207e-09,1.643456869211909e-08,33,14,scale_free,heterogeneous_cascade,3,721906779
43,True,-0.38162198674953235,-1.77036310796679,1.0065144897329658e-08,7.053114232592607e-09,7.053114231523431e-09,7.055099319346673e-09,2.2000853516128094e-08,43,14,scale_free,heterogeneous_cascade,4,168873041
40,True,-0.43118913650330265,-1.0909376779099047,3.932708489101763e-09,2.821133459059814e-09,2.821133465317148e-09,2.463386798551612e-09,1.4841724970059721e-08,40,14,scale_free,heterogeneous_cascade,5,715116443
36,True,-0.5093564961367452,-0.6552928494047748,6.7133535259318596e-09,4.589510754201237e-09,4.589510760244156e-09,4.570751012821371e-09,1.6365545281496004e-08,36,14,scale_free,heterogeneous_cascade,6,936669691
36,True,-0.5118292654078115,0.07975350326706021,1.3345850177808994e-09,8.132142175270996e-10,8.132142121133252e-10,1.2518628653196078e-09,2.2806974755501732e-08,36,14,scale_free,heterogeneous_cascade,7,763018707
35,True,-0.5614878257603796,0.1336598155683197,3.711730133687753e-10,5.120568783105079e-11,5.120589821109535e-11,4.4197354192959097e-10,8.752732496256652e-09,35,14,scale_free,heterogeneous_cascade,8,187903578
31,True,-0.652408592072309,0.15576232030220868,1.434499016924459e-09,1.1246618158522045e-09,1.1246604240481987e-09,1.0182120009589666e-09,6.446284922541468e-09,31,14,scale_free,heterogeneous_cascade,9,822161269
45,True,-0.3847542150290523,-0.8722787544521805,7.44645001094553e-09,5.0056042769725274e-09,5.005604279741523e-09,5.00448381597874e-09,1.821026448999344e-08,45,14,scale_free,heterogeneous_cascade,10,107312362
38,True,-0.45277984413179084,-0.22511978031076602,1.1157410100942116e-08,9.797347237097889e-09,9.797347237603624e-09,9.895966656518375e-09,3.8848877937688306e-08,38,14,scale_free,heterogeneous_cascade,11,588844273
36,True,-0.5052993577846603,-0.17301090413885092,6.190036647113426e-09,4.277206297391015e-09,4.2772062988375304e-09,4.265573455913657e-09,1.741650949307645e-08,36,14,scale_free,heterogeneous_cascade,12,497647702
33,True,-0.5764983221245628,-0.2813906256504628,5.619877346980599e-10,1.206753327873943e-10,1.2067546514514458e-10,6.941694553023559e-10,1.445950786235997e-08,33,14,scale_free,heterogeneous_cascade,13,531079440
35,True,-0.526098542416499,-0.13229820928724895,4.010087353879745e-09,2.7777273425668207e-09,2.777727772143282e-09,2.711360212341819e-09,1.4008439902857712e-08,35,14,scale_free,heterogeneous_cascade,14,519549597
500,False,-0.026383683146703654,-1.267565008050458,6.443166445249471e-07,5.467080516153808e-07,2.6501293008482167e-07,2.7882619323129926e-07,5.522694840538223e-07,500,15,cycle_baseline,independent,0,31476697
500,False,-0.02545014936823692,-1.6954919907433248,7.024308760650981e-07,2.311676775388894e-07,4.623146208993151e-07,4.822873434936306e-07,5.565381968509227e-07,500,15,cycle_baseline,independent,1,508192914
500,False,-0.026780435510719774,-1.3229507355616528,5.198089029656937e-07,2.886676860191629e-07,1.9141414505824677e-07,4.17328798209e-07,4.060166967176859e-07,500,15,cycle_baseline,independent,2,936744400
500,False,-0.024171637254537304,-1.5852431207239424,1.4238134638420954e-06,1.3452393995570687e-06,5.511586567561415e-07,3.8965401366471974e-07,1.1630884507068447e-06,500,15,cycle_baseline,independent,3,436667489
500,False,-0.024755918741141417,-1.7441521984549582,8.579076562536889e-07,1.2211524733877078e-07,6.892766280114519e-07,6.153787140647876e-07,7.672527540582701e-07,500,15,cycle_baseline,independent,4,276913045
500,False,-0.025891170513544424,-1.5513538895376302,6.083093462505056e-07,2.126319201238525e-07,2.3241678565968734e-07,5.436877400484647e-07,5.206595553084858e-07,500,15,cycle_baseline,independent,5,994814892
500,False,-0.025257851059909447,-1.4354087742928365,1.0198109045851616e-06,4.2026766420974176e-07,4.953034234803608e-07,8.084427980665642e-07,7.909694257549867e-07,500,15,cycle_baseline,independent,6,98992432
500,False,-0.025188133799210744,-1.3501811826042687,1.0366592771128074e-06,2.5120475529484043e-07,6.474476439120418e-07,8.486936301472051e-07,8.892426811728208e-07,500,15,cycle_baseline,independent,7,486280612
500,False,-0.02700401462503625,-0.9867542500977355,6.811043520364818e-07,2.6493789370481063e-07,6.583411768369938e-07,1.0619112444675333e-07,5.137495859883835e-07,500,15,cycle_baseline,independent,8,477946580
463,True,-0.031168640836725024,-1.1753069449620541,2.2807740016039057e-07,1.121130066385671e-07,2.0156337377477018e-07,4.799825988824081e-08,1.6612532719210827e-07,463,15,cycle_baseline,independent,9,921725966
500,False,-0.026165035640290563,-0.7805809592460562,1.2101562583527604e-06,7.656307066265914e-07,7.656307066265914e-07,7.656307066265914e-07,9.235663834670148e-07,500,15,cycle_baseline,cascade,0,421766062
500,False,-0.024178784020700766,-0.5260359820591501,3.2811970787706096e-06,2.0904126366183514e-06,2.0904126366183514e-06,2.0904126366183514e-06,3.4892468940059543e-06,500,15,cycle_baseline,cascade,1,973301653
500,False,-0.027846583821076694,-1.2727298624979881,3.7541074881255745e-07,2.357504770316067e-07,2.357504770316067e-07,2.357504770316067e-07,2.4496332411227615e-07,500,15,cycle_baseline,cascade,2,66825754
500,False,-0.024781413204253467,-1.4205700953148719,1.3439591794835309e-06,8.458687273503035e-07,8.458687273503035e-07,8.458687273503035e-07,9.90177013564869e-07,500,15,cycle_baseline,cascade,3,733936290
500,False,-0.02580550772667435,-2.0393620226323392,4.7135225424339584e-07,3.070753169854991e-07,3.070753169854991e-07,3.070753169854991e-07,3.348753248963349e-07,500,15,cycle_baseline,cascade,4,592956630
500,False,-0.02529251041055161,-1.838049990772091,5.396056573926931e-07,3.53569246200674e-07,3.53569246200674e-07,3.53569246200674e-07,5.382651669029898e-07,500,15,cycle_baseline,cascade,5,240545905
500,False,-0.024549958020093153,-1.3369292819128205,1.8194700296083324e-06,1.1743746347487346e-06,1.1743746347487346e-06,1.1743746347487346e-06,1.19495621726442e-06,500,15,cycle_baseline,cascade,6,227967772
500,False,-0.02355879480190523,-2.2018719302917447,1.1601207627935077e-06,7.534084757663052e-07,7.534084757663052e-07,7.534084757663052e-07,8.859143756588425e-07,500,15,cycle_baseline,cascade,7,719680275
500,False,-0.0257442052728669,-0.8399445452566523,1.513292209854919e-06,9.446949535971905e-07,9.446949535971905e-07,9.446949535971905e-07,1.1192027593524199e-06,500,15,cycle_baseline,cascade,8,611169939
500,False,-0.025097192021271995,-1.1725833484535693,1.1990919478847134e-06,7.704288019933505e-07,7.704288019933505e-07,7.704288019933505e-07,1.1605088025896729e-06,500,15,cycle_baseline,cascade,9,50833461
500,False,-0.02863208295783647,-1.4873001094016496,1.4610911840666738e-07,9.745737423279822e-08,9.74573742343535e-08,9.745737423267409e-08,1.4239729173413595e-07,500,15,cycle_baseline,heterogeneous_cascade,0,597883042
500,False,-0.024609294393040434,-1.6409649512253937,1.11663329389284e-06,7.244065598788619e-07,7.244065598831496e-07,7.244065598795902e-07,9.226616975719108e-07,500,15,cycle_baseline,heterogeneous_cascade,1,981387101
500,True,-0.0272959979192262,-2.5874023065314176,1.2570442578353224e-07,8.006871029665675e-08,8.006871029678909e-08,8.006871029739783e-08,8.92956171423964e-08,500,15,cycle_baseline,heterogeneous_cascade,2,17323180
500,False,-0.02421329677275012,-2.538801706060868,5.547451847643182e-07,3.5748625283884443e-07,3.574862528306803e-07,3.5748625282728217e-07,4.4364651137550646e-07,500,15,cycle_baseline,heterogeneous_cascade,3,494377590
500,False,-0.02478834030385812,-1.5158669894906664,1.16838500139119e-06,7.475325610433017e-07,7.475325610401085e-07,7.475325610434638e-07,9.532833910069539e-07,500,15,cycle_baseline,heterogeneous_cascade,4,896755371
500,False,-0.023874175657717503,-2.4367491510309147,7.052741114248743e-07,4.523201183534292e-07,4.523201183531282e-07,4.5232011835973565e-07,5.916249011314519e-07,500,15,cycle_baseline,heterogeneous_cascade,5,282845919
500,False,-0.027474489218628058,-1.3369431587001834,3.3087648565514496e-07,2.1886546588838868e-07,2.1886546588802096e-07,2.1886546588904974e-07,3.029821625208235e-07,500,15,cycle_baseline,heterogeneous_cascade,6,475561173
500,False,-0.025278737387032957,-1.2959293579998792,1.1078537951739787e-06,7.035552027393005e-07,7.035552027480854e-07,7.035552027404046e-07,8.935796647374626e-07,500,15,cycle_baseline,heterogeneous_cascade,7,717191998
500,False,-0.024525380125681236,-1.2704708199317347,1.4371829731101396e-06,9.17749250522782e-07,9.177492505248794e-07,9.177492505078186e-07,1.3989992590059833e-06,500,15,cycle_baseline,heterogeneous_cascade,8,60330818
500,False,-0.02642317851629166,-1.866787061971479,3.6962126926994617e-07,2.3809333267272106e-07,2.380933326735987e-07,2.380933326753848e-07,2.894062099514258e-07,500,15,cycle_baseline,heterogeneous_cascade,9,801089295
64,True,-0.2554018863426345,-0.18022436310424966,4.879936098291302e-08,7.211144176160022e-09,4.474343728475316e-08,5.304454227499961e-08,8.03748499916615e-08,64,15,random_strong,independent,0,822213545
164,True,-0.08620963300311457,-2.3529901341553034,1.7538713781776457e-07,6.454475839472434e-08,1.2366757922455773e-07,1.36226297272203e-07,7.504164874989308e-08,164,15,random_strong,independent,1,719646993
95,True,-0.17621125331742113,-0.5313785720243975,3.071446501990365e-08,2.0548779864666065e-08,2.0659795254772014e-08,1.8680403206833784e-08,4.2148504283108146e-08,95,15,random_strong,independent,2,648183729
101,True,-0.16051718603146126,-0.5816810207827665,4.603119399533119e-08,2.959879754792599e-08,1.1681439610863474e-08,4.116834922942304e-08,6.362200181442067e-08,101,15,random_strong,independent,3,747611016
104,True,-0.14818469110938684,-0.9345251807313938,1.2147581588061485e-07,9.519038028583846e-08,1.184954330204788e-07,2.2720469298383156e-08,9.661317554572846e-08,104,15,random_strong,independent,4,781757047
80,True,-0.19594973381971104,-1.2555331654840738,3.754510625756402e-08,2.2265986709324678e-08,1.0602474459629239e-08,3.142437849457447e-08,6.005330734819904e-08,80,15,random_strong,independent,5,903394996
72,True,-0.21010261169882896,-1.5206157354885854,6.789137799650217e-08,6.541286403665256e-08,3.56791266457549e-08,2.6517939140617372e-08,7.275763274817863e-08,72,15,random_strong,independent,6,428169863
46,True,-0.40754547609184216,0.26409938461824545,5.2825172735734506e-09,3.1431020479892913e-09,3.6196768787501977e-09,3.4822245422420006e-09,1.4571560511783865e-08,46,15,random_strong,independent,7,456056311
43,True,-0.461351173656068,1.3348525274257632,4.33851050012002e-09,3.437054244246044e-09,3.1258672196804884e-09,2.372115906100425e-09,1.5250025004026492e-08,43,15,random_strong,independent,8,637936744
76,True,-0.23340515633269882,0.8352717369185997,2.7274057586462023e-08,1.5353093391222037e-08,2.369102174130663e-08,1.636454938527172e-08,3.916770083954694e-08,76,15,random_strong,independent,9,193089302
40,True,-0.48503577760655014,0.808907004311372,3.4301249059762104e-09,2.2113454042812284e-09,2.986931978970358e-09,2.674333017791474e-10,1.378527972370145e-08,40,15,random_strong,independent,10,856229003
64,True,-0.2682475681578566,0.20399724049786766,2.3539826412398427e-08,1.167390058230913e-08,2.156370405842953e-08,1.817729539892449e-08,3.5305904733587635e-08,64,15,random_strong,independent,11,770513336
62,True,-0.26596072994463643,-0.41618898937794535,3.33178949841473e-08,2.7036184217300887e-08,1.4569270043655972e-08,2.2217922368398676e-08,6.057157882930469e-08,62,15,random_strong,independent,12,631065442
78,True,-0.19791406450482105,-1.6586424501858195,3.6147394567831776e-08,4.2279547020683e-08,9.855330383816697e-09,2.3901673854859587e-08,4.576793772074166e-08,78,15,random_strong,independent,13,301651408
49,True,-0.379302444023056,0.7291075573465342,8.850588430545956e-09,1.188820423884988e-08,3.6754320827235023e-09,5.5703358027097625e-09,2.6097107005304074e-08,49,15,random_strong,independent,14,347673634
58,True,-0.30147176467407116,-0.37343262582663217,1.6801262139901004e-08,1.3017564757485157e-09,9.9316122739278e-09,1.8549611434698327e-08,2.7968072137444204e-08,58,15,random_strong,independent,15,434974569
73,True,-0.2272760936086353,-0.5240543175070934,3.41066162311267e-08,1.0039482360570796e-08,2.245603798362644e-08,2.6842792179654852e-08,4.0400698499592515e-08,73,15,random_strong,independent,16,662529594
59,True,-0.2682429256938684,-0.7423685906563676,2.8035645204714195e-08,2.8236525737852264e-08,9.150900311227412e-09,1.9959036048515237e-08,4.155449163652708e-08,59,15,random_strong,independent,17,778034860
92,True,-0.1722814049462934,-0.9427026086506267,4.55894624542293e-08,1.8478363405248337e-08,4.5094141353124583e-08,1.9064728856677716e-08,6.048242481312171e-08,92,15,random_strong,independent,18,671854188
69,True,-0.22916770868718045,-1.0900792193847066,3.986300193677119e-08,2.6329900066049934e-09,5.015311211034901e-08,7.883534162641483e-09,5.739277764747264e-08,69,15,random_strong,independent,19,929932786
49,True,-0.3689095576629086,-0.07995266015914067,6.5838572250873635e-09,4.109887387814035e-09,5.8440828028565045e-09,1.7915114348349057e-09,1.9205782872512334e-08,49,15,random_strong,independent,20,960586962
64,True,-0.25951133813484806,-0.8476137426898317,2.5182445399306945e-08,2.6391226695040165e-08,2.2420437381009186e-09,2.9239285195599773e-08,4.3885297723677406e-08,64,15,random_strong,independent,21,704905697
56,True,-0.30970311581617616,-0.3095543731531155,1.2086484627763282e-08,6.738632630513138e-09,1.0635852224668001e-08,4.979900314572637e-09,2.7756472266015917e-08,56,15,random_strong,independent,22,370912321
113,True,-0.134682606811174,-1.4391144518629453,8.740063078679021e-08,3.050185575278883e-08,8.38672300267005e-08,4.789607765232409e-08,6.668638474523153e-08,113,15,random_strong,independent,23,599068896
133,True,-0.1124887419584118,-1.5604933828872112,1.2027446194343982e-07,9.075625308917171e-08,4.6049433292429694e-08,1.1521954415315143e-07,7.474178091787838e-08,133,15,random_strong,independent,24,425081767
103,True,-0.161697705200305,-0.20994557292335653,2.781544058721336e-08,1.0519857292464575e-08,2.3435602773408964e-08,1.6405715470129914e-08,5.2323320151351296e-08,103,15,random_strong,independent,25,369332441
145,True,-0.09886642849942147,-2.1841118314241825,1.303872957875334e-07,1.6103008704055533e-07,4.845382698682494e-08,6.221943906857487e-08,7.388156789529252e-08,145,15,random_strong,independent,26,505762314
73,True,-0.2300492665675214,-0.6053927725131577,2.663006224805243e-08,1.963743430402018e-09,3.147906138344568e-08,1.1810537054447351e-08,4.5970026872345735e-08,73,15,random_strong,independent,27,45636501
52,True,-0.334767191992963,-0.6014545392910849,1.9458374110430476e-08,7.754108011831369e-09,2.061351100643939e-08,1.2206464025581344e-08,3.3309173776063044e-08,52,15,random_strong,independent,28,736573093
51,True,-0.36772557188067867,0.476607886040528,6.442382902603569e-09,3.517983868265223e-09,5.740881492442378e-09,2.5528666673252775e-09,1.479097147775871e-08,51,15,random_strong,independent,29,489852889
51,True,-0.32883020566250487,-0.2652196934334409,1.7129801895779053e-08,1.2196210958708831e-08,1.2196210958708831e-08,1.2196210940747228e-08,5.413233639473315e-08,51,15,random_strong,cascade,0,459709464
48,True,-0.3340119296494963,-1.5998030153803262,1.1339832702234925e-08,9.948527455585879e-09,9.94852744986046e-09,9.94852744976861e-09,2.7662533198728482e-08,48,15,random_strong,cascade,1,532430751
61,True,-0.2757153244418433,0.42399367759599943,8.333037670177635e-08,5.8105212363442764e-08,5.8105212363442764e-08,5.810521240638815e-08,1.1940501087898095e-07,61,15,random_strong,cascade,2,215495141
82,True,-0.19955506873614198,-0.7682253963945772,2.0824149372233396e-08,1.3771052028996593e-08,1.3771052029075597e-08,1.37710520291552e-08,4.442299702825151e-08,82,15,random_strong,cascade,3,597967485
67,True,-0.267946704610935,1.3521886597787498,1.2220957964408179e-08,8.973469501177607e-09,8.973469501177607e-09,8.97346950138163e-09,2.095285419375039e-08,67,15,random_strong,cascade,4,745203842
81,True,-0.18953373051268843,-1.8377132185570657,3.477852800209104e-08,2.597042027711027e-08,2.597042027711027e-08,2.597042027711027e-08,5.635837286358844e-08,81,15,random_strong,cascade,5,349676181
88,True,-0.17361612520569,-1.3521706584031112,3.523507614467045e-08,2.6803585843577122e-08,2.6803585843577122e-08,2.6803585842841636e-08,4.6843128035804294e-08,88,15,random_strong,cascade,6,131155169
82,True,-0.18297433244971723,-2.205249050785449,4.6109722280940246e-08,3.562628912091432e-08,3.562628912091432e-08,3.562628912091432e-08,4.711386916248368e-08,82,15,random_strong,cascade,7,386836212
76,True,-0.22597778951359476,0.4070385400163415,2.3106670734112183e-08,1.8118569945705893e-08,1.8118569945705893e-08,1.8118569945705893e-08,6.40291168805232e-08,76,15,random_strong,cascade,8,198583663
99,True,-0.1685621834181023,-0.6435649916999673,4.609576799132753e-08,3.2510306561108224e-08,3.2510306561108224e-08,3.2510306561108224e-08,5.635612526413009e-08,99,15,random_strong,cascade,9,373939225
54,True,-0.33124832822518774,-0.18570267083991313,9.388866309264316e-09,6.358335220242704e-09,6.358335220242704e-09,6.358335221366371e-09,1.7696189676952512e-08,54,15,random_strong,cascade,10,626824982
52,True,-0.3346975244020346,0.23432595684959223,1.9848612239449054e-08,1.333901944858468e-08,1.333901944858468e-08,1.3339019449070246e-08,4.6957608588281114e-08,52,15,random_strong,cascade,11,113394609
63,True,-0.2563403126066793,-0.6173230973253515,3.4503331092460016e-08,2.202140537268491e-08,2.202140537268491e-08,2.202140536492986e-08,3.505211314678519e-08,63,15,random_strong,cascade,12,747269800
43,True,-0.45096008377112123,0.4696628406494508,2.6507506908162264e-09,2.1656744834747245e-09,2.165674482264054e-09,2.1656744826609976e-09,7.420295737653775e-09,43,15,random_strong,cascade,13,224613625
67,True,-0.24823352819045053,-0.3244350425295964,3.153974653358596e-08,2.0315670589974596e-08,2.0315670589974596e-08,2.031567059460328e-08,4.1764539722599624e-08,67,15,random_strong,cascade,14,894687886
60,True,-0.30883193889945343,0.39659933612350196,1.0176345337701032e-08,6.841187389033099e-09,6.841187389033099e-09,6.8411873892225844e-09,2.7253433852553526e-08,60,15,random_strong,cascade,15,732443759
52,True,-0.33518635298605737,-0.44694062386287264,6.687455324585579e-09,5.223069143612851e-09,5.223069143612851e-09,5.223069133912229e-09,1.3419521200718433e-08,52,15,random_strong,cascade,16,272586497
101,True,-0.1254954086928845,-3.738568078677995,1.3939103188174554e-07,9.406650001512244e-08,9.406650000907326e-08,9.406650000907326e-08,8.44119129881171e-08,101,15,random_strong,cascade,17,563227705
51,True,-0.3498545525245051,-0.005018971404234188,1.0628803125851984e-08,6.971331073804893e-09,6.971331073804893e-09,6.971331077339533e-09,2.6203667125068412e-08,51,15,random_strong,cascade,18,110724258
51,True,-0.36764882333675597,1.0726063338636187,1.6263745798226863e-08,1.1020462818629532e-08,1.1020462818629532e-08,1.1020462818630934e-08,2.9539957954073094e-08,51,15,random_strong,cascade,19,99739303
66,True,-0.24224419164053956,-1.0883053790195059,3.021094154496619e-08,2.5645891484090664e-08,2.5645891484511232e-08,2.5645891482906508e-08,4.826856978246698e-08,66,15,random_strong,cascade,20,956046659
82,True,-0.1909532740098728,-1.232271327358751,4.0337774666367875e-08,2.636782750707544e-08,2.636782750707544e-08,2.636782750707544e-08,4.279021601031364e-08,82,15,random_strong,cascade,21,802431319
59,True,-0.29197710604454225,-0.5210894918979189,1.0384485436946065e-08,8.104120353512079e-09,8.104120353512079e-09,8.104120349433729e-09,2.5913959484303872e-08,59,15,random_strong,cascade,22,154423087
47,True,-0.4102494637704879,0.8395912725573543,6.905681795653762e-09,4.964965477062005e-09,4.964965477062005e-09,4.964965477262734e-09,1.9194369425402252e-08,47,15,random_strong,cascade,23,282689271
83,True,-0.17333795783932351,-2.352542675522394,7.21857862897478e-08,4.945835249354268e-08,4.945835249354268e-08,4.945835249354268e-08,6.38588464627399e-08,83,15,random_strong,cascade,24,197666982
53,True,-0.33283181419851376,-0.34222627317844745,7.22090738080247e-09,5.211515815606055e-09,5.211515815606055e-09,5.211515818956575e-09,1.6253219710829378e-08,53,15,random_strong,cascade,25,395161175
65,True,-0.26619795540713925,0.5451235407076163,3.1341264049116384e-08,2.303670913541671e-08,2.303670913541671e-08,2.303670914440586e-08,7.392117189418853e-08,65,15,random_strong,cascade,26,291329453
263,True,-0.050618590747120815,-2.071710424572624,6.558081244897761e-07,5.065497433443648e-07,5.065497433443648e-07,5.065497433443648e-07,2.1880921417050203e-07,263,15,random_strong,cascade,27,328062705
49,True,-0.35003992144557816,0.1340605099818732,2.6449381796007163e-08,1.7350437918773895e-08,1.7350437918773895e-08,1.735043790789548e-08,6.037650925269632e-08,49,15,random_strong,cascade,28,529391353
76,True,-0.2284912593347439,0.5742214571452006,2.5682582462203597e-08,1.7050654832046046e-08,1.7050654832046046e-08,1.7050654838770227e-08,5.787530806541627e-08,76,15,random_strong,cascade,29,189053574
55,True,-0.32218491791466775,-0.18509564333595996,8.369472374951633e-09,5.93116136548776e-09,5.931161366639416e-09,5.93115378737855e-09,1.6394466603590226e-08,55,15,random_strong,heterogeneous_cascade,0,882825565
54,True,-0.3106956272371895,0.04747437146054101,2.712179051108618e-08,1.8144949142672597e-08,1.8144949132025813e-08,1.8145570594390006e-08,6.660636008668452e-08,54,15,random_strong,heterogeneous_cascade,1,727651476
80,True,-0.20188077617472436,-0.8482539347513699,4.7567323109688827e-08,3.576321608136724e-08,3.5763216081620356e-08,3.5763216083836254e-08,5.4317111678718555e-08,80,15,random_strong,heterogeneous_cascade,2,760546022
66,True,-0.23880765385608838,-1.566062308838337,3.4023823019114e-08,2.2934314120375203e-08,2.293431411985076e-08,2.2934314116985427e-08,4.3962820006549686e-08,66,15,random_strong,heterogeneous_cascade,3,169477241
176,True,-0.07794090936794107,-2.438774372614355,2.5051685256090624e-07,1.9136023694038283e-07,1.9136023693579848e-07,1.9136023693965798e-07,1.0406566450893513e-07,176,15,random_strong,heterogeneous_cascade,4,708157553
41,True,-0.44350491585612767,0.12201512985362428,7.009031238374603e-09,4.836759427010299e-09,4.836759424210647e-09,4.835822129494997e-09,1.9955827370506185e-08,41,15,random_strong,heterogeneous_cascade,5,836244925
154,True,-0.09383999132517423,-1.6765071872448125,2.3754425713014172e-07,1.585189089272122e-07,1.5851890892958325e-07,1.5851890889906727e-07,1.0876819945944026e-07,154,15,random_strong,heterogeneous_cascade,6,175180567
81,True,-0.19446117043524866,-0.9120765879331492,4.086994316208462e-08,2.6260879028127682e-08,2.626087902897078e-08,2.6260879019900265e-08,7.841909072032397e-08,81,15,random_strong,heterogeneous_cascade,7,751278055
56,True,-0.3069149984786528,-0.3027962221751068,1.8681151027310445e-08,1.2704861244298484e-08,1.2704861244711804e-08,1.2704841789682725e-08,3.11418672272264e-08,56,15,random_strong,heterogeneous_cascade,8,357682631
106,True,-0.1504788077021031,-0.0716843499057496,1.1030576876425428e-07,6.954684517318364e-08,6.95468451634035e-08,6.954684518220687e-08,8.493704602573435e-08,106,15,random_strong,heterogeneous_cascade,9,787579272
62,True,-0.2844240681790228,0.5121777695961784,1.8972124070165797e-08,1.3836352472314495e-08,1.383635247328899e-08,1.3836473340630054e-08,4.783317461175066e-08,62,15,random_strong,heterogeneous_cascade,10,478404925
74,True,-0.21028825461921846,-0.9043143726330014,7.2765019663645e-08,6.123576314704739e-08,6.123576314392515e-08,6.123576314379536e-08,9.484086868457139e-08,74,15,random_strong,heterogeneous_cascade,11,802208701
86,True,-0.19815813673982682,-0.23628402538556795,1.917297580406935e-08,1.5901703399736663e-08,1.590170340063431e-08,1.5901703400595964e-08,3.7789414195077685e-08,86,15,random_strong,heterogeneous_cascade,12,147425953
125,True,-0.11557835839128786,-2.224046246729962,1.0379945832376444e-07,7.684876846074942e-08,7.684876846216609e-08,7.684876846325634e-08,6.464947372116051e-08,125,15,random_strong,heterogeneous_cascade,13,389080058
87,True,-0.18815478850446518,-0.7394574592148377,2.6990838432254645e-08,1.82020951392402e-08,1.820209513746528e-08,1.8202095137395067e-08,4.3827075353373675e-08,87,15,random_strong,heterogeneous_cascade,14,248364172
86,True,-0.15109538776367834,-3.81669746396493,7.064372040506387e-08,5.141313719967789e-08,5.141313719566891e-08,5.1413137208364426e-08,5.7922729997086725e-08,86,15,random_strong,heterogeneous_cascade,15,308333203
123,True,-0.1374521605560587,0.14578196074905955,2.2125337984755054e-08,1.6048527349409794e-08,1.6048527367760783e-08,1.6048527349583145e-08,6.563611072751392e-08,123,15,random_strong,heterogeneous_cascade,16,382433732
84,True,-0.1774252204331823,-1.8478708016717278,7.061264790482193e-08,5.288543391900634e-08,5.2885433918924924e-08,5.2885433920417317e-08,6.845098874999311e-08,84,15,random_strong,heterogeneous_cascade,17,127276198
41,True,-0.47876530065507844,1.5149845312320063,4.853181489211932e-09,3.218533071874199e-09,3.2185330827426465e-09,3.219608253696356e-09,2.118980510636782e-08,41,15,random_strong,heterogeneous_cascade,18,707082599
80,True,-0.213568201268621,0.3595680659594045,2.548787749584584e-08,1.7639899557480335e-08,1.763989956243944e-08,1.7639899567949893e-08,6.311279307384037e-08,80,15,random_strong,heterogeneous_cascade,19,550239691
70,True,-0.24837729411700518,-0.210899035309005,1.250202925519702e-08,9.627683518499038e-09,9.6276835183411e-09,9.627683518308705e-09,3.54183959301781e-08,70,15,random_strong,heterogeneous_cascade,20,829269622
71,True,-0.21105814016930127,-1.659022552979761,6.118516015862281e-08,4.255527565961118e-08,4.2555275683169247e-08,4.255527567855237e-08,7.304580451349252e-08,71,15,random_strong,heterogeneous_cascade,21,705028196
78,True,-0.17436543027770424,-2.7551142272767684,1.0985597472217277e-07,7.115802998687195e-08,7.11580299885228e-08,7.115802999495692e-08,9.493003349325936e-08,78,15,random_strong,heterogeneous_cascade,22,149043504
57,True,-0.3127872018219115,0.11011886250864586,1.4514857539342434e-08,1.2474860335617933e-08,1.2474860349521443e-08,1.2474850837215742e-08,5.2206460081194354e-08,57,15,random_strong,heterogeneous_cascade,23,69931631
53,True,-0.3571363159311531,1.1255130373611273,6.224109569964138e-09,5.331746365058381e-09,5.331746363421317e-09,5.332716078973383e-09,2.356079831996289e-08,53,15,random_strong,heterogeneous_cascade,24,422808609
53,True,-0.32837653374927134,-0.417227300878444,1.2994820028211677e-08,9.492179180544731e-09,9.49217918443513e-09,9.492178846180735e-09,3.4563402580120166e-08,53,15,random_strong,heterogeneous_cascade,25,481123101
70,True,-0.2429975351995303,-0.23546720859550266,1.6766771230362403e-08,1.0701337000743231e-08,1.0701337001264456e-08,1.0701336986195589e-08,4.5449968542943596e-08,70,15,random_strong,heterogeneous_cascade,26,782211195
46,True,-0.4004486591134883,0.027116606964721575,8.343878057509473e-09,5.778976237138854e-09,5.77897623724565e-09,5.7784252490008796e-09,1.8001318457002127e-08,46,15,random_strong,heterogeneous_cascade,27,581582503
106,True,-0.13040894286148638,-3.299863734320892,1.1892857194330872e-07,8.143206637366122e-08,8.143206636942091e-08,8.143206637050706e-08,6.795143003328048e-08,106,15,random_strong,heterogeneous_cascade,28,747990128
82,True,-0.19856708290728195,-0.821063061201378,4.0536257176476964e-08,2.6944822770435272e-08,2.6944822765433426e-08,2.6944822781082717e-08,4.567946901736168e-08,82,15,random_strong,heterogeneous_cascade,29,109010481
64,True,-0.27685460736509215,0.11743245023478635,7.944057809251891e-09,6.519537752117551e-09,4.152471649979002e-09,2.7123370591204046e-09,3.061912074722363e-08,64,15,small_world,independent,0,815073096
57,True,-0.30718686971132825,-0.2857147436664672,5.439128729469731e-09,3.6935896938144217e-09,1.709847410658035e-09,4.868821694229566e-09,2.4884377961763633e-08,57,15,small_world,independent,1,206090435
73,True,-0.24401577770192118,0.3285775435185666,8.630485752192204e-09,5.065706837718043e-09,5.731131155467441e-09,4.490706366813486e-09,3.249496778044357e-08,73,15,small_world,independent,2,448240633
33,True,-0.5993150313774328,1.0073358038578082,2.320069675951844e-09,1.6856657051964298e-09,1.7198347576063425e-09,7.462764053873048e-10,1.377222220763231e-08,33,15,small_world,independent,3,439371538
69,True,-0.2515695222762751,-0.09058812670118599,9.927305534506724e-09,4.7051424902718735e-09,8.096511810874738e-09,3.76160013256455e-09,3.42726250131582e-08,69,15,small_world,independent,4,820557082
49,True,-0.36440074569137837,-0.0445529156591104,6.092054786802434e-09,3.781994144249542e-09,1.940352313056511e-09,4.802678756738491e-09,2.471373363426927e-08,49,15,small_world,independent,5,276846711
57,True,-0.31358451873240306,0.3971203137199446,9.688129796907285e-09,6.4190967403651695e-09,7.051335838222801e-09,3.779433758551908e-09,3.461365613532904e-08,57,15,small_world,independent,6,240753071
67,True,-0.2596153491273194,0.3755635801284624,1.3439945933659987e-08,1.2743504146438982e-08,2.4424062706312176e-09,6.716333580857169e-09,5.1354825056884714e-08,67,15,small_world,independent,7,339628128
44,True,-0.4133950139824938,0.04116064222132443,4.622790072136723e-09,8.427147014310056e-10,3.2300397552948146e-09,3.7058623662675194e-09,1.993830531944634e-08,44,15,small_world,independent,8,360810561
52,True,-0.3378542255170134,-0.0828794107111464,8.869292730702422e-09,7.229507360287451e-09,5.634854376225202e-09,2.3387596255796524e-09,3.0748721634305976e-08,52,15,small_world,independent,9,181685573
92,True,-0.18433387827742884,-0.12938124430343748,1.2940306495780028e-08,6.817509993611143e-09,6.307453866579413e-10,1.1940555936496745e-08,4.58377633669812e-08,92,15,small_world,independent,10,176355576
53,True,-0.3281264786479277,0.14635635629712807,1.0640611576798296e-08,6.11322075689853e-09,3.5926870040255913e-09,9.005180972333851e-09,4.593620505127284e-08,53,15,small_world,independent,11,467484539
44,True,-0.4175641789000846,0.08620500761986769,3.991832129160729e-09,1.8288111696510674e-09,7.737597769931489e-10,3.912940542644967e-09,1.8494359807648117e-08,44,15,small_world,independent,12,392060022
48,True,-0.3926171343487787,0.6915453973746073,4.442858809433251e-09,2.6879571181401012e-09,2.9990960695466903e-09,2.198652754307474e-09,1.9357611289226658e-08,48,15,small_world,independent,13,719056000
65,True,-0.2585831865213339,-0.2590623917034917,1.414234082360435e-08,1.1642402663577554e-08,7.248684115099181e-09,5.447088897538389e-09,4.863751609385976e-08,65,15,small_world,independent,14,240927116
81,True,-0.2083747076095036,-0.27880683751130564,1.225147240481788e-08,7.507134918139167e-09,6.0891606254345265e-09,8.291362975917094e-09,4.34002405998068e-08,81,15,small_world,independent,15,174687266
39,True,-0.4845706134253267,0.3697472758934963,2.947850313638571e-09,1.9178025733359923e-09,2.0119898859686206e-09,1.4620147741372507e-09,1.4445680433641447e-08,39,15,small_world,independent,16,313846772
49,True,-0.38222651736760505,0.4424163143421733,3.894379485376984e-09,2.2487185613822766e-09,3.0490666181571106e-09,1.3708307279130585e-09,1.637852253426508e-08,49,15,small_world,independent,17,183551316
59,True,-0.2886822180922789,-0.3046112242377185,8.44672887112543e-09,2.3426791304669307e-09,3.3233582305904297e-09,8.086499955816903e-09,3.929249569216981e-08,59,15,small_world,independent,18,272804330
60,True,-0.2789860849410679,-0.4743923551354714,1.3393386164657481e-08,2.6052978117107953e-09,8.96483690083157e-09,9.80968858813929e-09,4.491424043262705e-08,60,15,small_world,independent,19,365496423
51,True,-0.352358436162819,-0.09412766217185915,5.088037778654477e-09,3.044753500129669e-09,5.448427184464547e-10,4.405312012745563e-09,2.032845458164325e-08,51,15,small_world,independent,20,130890330
55,True,-0.3117401665625647,-0.0821177113255908,1.1125012816954811e-08,1.1106007121962293e-08,3.875338819645692e-09,3.4469138640656873e-09,4.32858392943897e-08,55,15,small_world,independent,21,14434232
70,True,-0.2386861557940746,-0.7640188598052272,8.662369458882351e-09,5.233450293036768e-09,6.427156273233516e-09,3.936206534195272e-09,3.33523526642746e-08,70,15,small_world,independent,22,438821701
49,True,-0.3706130844096129,0.005478243701384795,4.9662277542626745e-09,3.948579160394023e-09,2.5620131514789953e-09,2.148924702751096e-09,1.9170749850740767e-08,49,15,small_world,independent,23,700991081
55,True,-0.30794131727963603,-0.5579293221406811,8.634410227544524e-09,1.9430321936807313e-09,5.4946575457458595e-09,6.594699472859217e-09,3.4024782480674983e-08,55,15,small_world,independent,24,302964628
57,True,-0.31186548465752806,0.18706709986541217,8.610105640154525e-09,5.994376978921569e-09,5.350868957407441e-09,4.6194062906630205e-09,3.075146396191057e-08,57,15,small_world,independent,25,860457049
64,True,-0.27159245837512813,-0.028328723750899443,9.465783086305645e-09,7.453505483503312e-09,4.313273470714129e-09,4.780761887637724e-09,3.62962678041912e-08,64,15,small_world,independent,26,369272841
64,True,-0.277962376999986,0.2554290703185844,8.057231847973882e-09,1.2859942146314785e-09,7.268998694799881e-09,4.530057089780029e-09,3.271645157182346e-08,64,15,small_world,independent,27,900797110
72,True,-0.24694230410806045,0.38647316515928354,8.998878294672946e-09,2.257408854162286e-09,3.6936108031532016e-09,8.601867860840296e-09,3.546508158091242e-08,72,15,small_world,independent,28,235997262
57,True,-0.312084736100101,-0.009721250411151659,6.791882993443022e-09,3.6935574539648415e-09,5.808732507684729e-09,4.162049868669741e-09,2.6170748608508167e-08,57,15,small_world,independent,29,539333625
57,True,-0.29793924154482676,-0.5739349028537042,7.810599993394489e-09,5.086914103642264e-09,5.086914103342217e-09,5.086914103999452e-09,3.316556763060684e-08,57,15,small_world,cascade,0,763155489
57,True,-0.32490515223886884,0.4894729762310047,4.734891032416813e-09,3.0319454882136845e-09,3.0319454882136845e-09,3.031945489158212e-09,2.173957596932123e-08,57,15,small_world,cascade,1,59039208
53,True,-0.3116018376271287,-0.9018212236047167,8.807737570934383e-09,5.786450069488359e-09,5.786450066165049e-09,5.786450073686615e-09,3.5763297687187354e-08,53,15,small_world,cascade,2,930003347
57,True,-0.2986941488799981,0.034965044162709506,1.2187698388964737e-08,7.809295974992241e-09,7.809295974992241e-09,7.809295988112472e-09,6.110517009376864e-08,57,15,small_world,cascade,3,364959024
49,True,-0.37230982321013983,0.046262436577719356,3.5109879556267165e-09,2.6149661554271156e-09,2.6149661554271156e-09,2.614966157443681e-09,2.0830252694038286e-08,49,15,small_world,cascade,4,497931852
54,True,-0.3109736548801386,-1.02063448449459,5.4311034933078515e-09,3.802312650694069e-09,3.802312650694069e-09,3.802312651522946e-09,2.511885362820095e-08,54,15,small_world,cascade,5,628439057
55,True,-0.3267388355472099,0.19959765740776006,5.955403223575277e-09,3.911872347874514e-09,3.911872347874514e-09,3.911872361457129e-09,2.66618011633718e-08,55,15,small_world,cascade,6,642998423
51,True,-0.3478946426650819,0.4075759942961698,8.943174214205173e-09,6.015747518333232e-09,6.015747518333232e-09,6.0157475216227854e-09,4.1526849130774264e-08,51,15,small_world,cascade,7,23668513
46,True,-0.3852487012107368,-0.07852237152632209,5.719732291294009e-09,3.821881135537268e-09,3.821881135909825e-09,3.8218811321410486e-09,2.7780570064926886e-08,46,15,small_world,cascade,8,867172276
42,True,-0.43623559600528733,-0.311958211636833,2.473357594523238e-09,1.8672661842400036e-09,1.8672661829906697e-09,1.867266186742075e-09,1.1342422998415543e-08,42,15,small_world,cascade,9,623604497
70,True,-0.24708010137270373,-0.15015754413951857,9.404081766576856e-09,6.1976094432041785e-09,6.197609443262626e-09,6.1976094466902575e-09,3.671101077140142e-08,70,15,small_world,heterogeneous_cascade,0,998829637
61,True,-0.2986477157297669,0.6421946369932675,6.678474827103589e-09,4.446290757189299e-09,4.446290761920738e-09,4.446290805913764e-09,3.134610117427931e-08,61,15,small_world,heterogeneous_cascade,1,471512792
50,True,-0.3466470943985489,-0.4620885013637915,6.105081484314258e-09,4.261107073350409e-09,4.2611070729286925e-09,4.261124256349136e-09,2.6382211837963516e-08,50,15,small_world,heterogeneous_cascade,2,613516484
49,True,-0.3492367484156621,-0.7421605177167978,5.413493888223586e-09,3.819326487282362e-09,3.819326485156598e-09,3.819348238206549e-09,2.4542492510854332e-08,49,15,small_world,heterogeneous_cascade,3,441062791
42,True,-0.452631082551371,0.6394328590923709,3.0867787345882702e-09,2.0720209244682853e-09,2.0720209256554595e-09,2.0704301350819936e-09,1.68613939303697e-08,42,15,small_world,heterogeneous_cascade,4,889779466
52,True,-0.3362882234755665,-0.38902175617916507,6.550689757363518e-09,4.120359778332907e-09,4.120359780315598e-09,4.12041909233732e-09,2.215731436077448e-08,52,15,small_world,heterogeneous_cascade,5,832387392
49,True,-0.3291678953868441,-1.5445646736555816,7.046637767294787e-09,4.7015262437939915e-09,4.701526238209573e-09,4.700715888709815e-09,2.951638277365166e-08,49,15,small_world,heterogeneous_cascade,6,908608246
63,True,-0.2767719204764852,-0.23517347797238305,7.2159757648521135e-09,4.584987658726637e-09,4.584987659420458e-09,4.584987642022192e-09,2.673079414157442e-08,63,15,small_world,heterogeneous_cascade,7,504280766
54,True,-0.3529915241136871,0.9024648816395656,4.3409949997531055e-09,2.6559335678729356e-09,2.6559335657623206e-09,2.6559350084777335e-09,2.000083398644135e-08,54,15,small_world,heterogeneous_cascade,8,791451487
49,True,-0.3766378945704039,0.7693571975706857,7.377790029634807e-09,4.913488105011382e-09,4.913488110067237e-09,4.911906026239327e-09,2.8020836043017343e-08,49,15,small_world,heterogeneous_cascade,9,358794839
65,True,-0.26391406530061773,0.18369690405369152,1.0816917245501735e-08,7.260089506372246e-09,7.260089502308403e-09,7.260089536605754e-09,5.64267578069494e-08,65,15,small_world,heterogeneous_cascade,10,460931390
81,True,-0.21109516560768452,-0.11838936873953779,1.0915753194505928e-08,7.295135301980745e-09,7.295135299629413e-09,7.295135296644815e-09,3.917487452996119e-08,81,15,small_world,heterogeneous_cascade,11,760217944
50,True,-0.34011677291126324,-0.9990772264705592,4.7471673278892395e-09,3.0981344316659236e-09,3.098134433393935e-09,3.098198164590924e-09,2.2375575205509746e-08,50,15,small_world,heterogeneous_cascade,12,81154000
70,True,-0.24374533675121499,-0.26963408648436527,9.001240631663365e-09,5.936333987603818e-09,5.936333987844271e-09,5.936333987946885e-09,3.828459935084625e-08,70,15,small_world,heterogeneous_cascade,13,710490071
60,True,-0.3120654366623339,0.8628711012596478,5.500127979335626e-09,3.4630760251050854e-09,3.4630760249019964e-09,3.4630760419046025e-09,2.2982161401065057e-08,60,15,small_world,heterogeneous_cascade,14,15805555
39,True,-0.45594352737772176,-0.8279252776083562,5.0669153883016465e-09,4.127985995949431e-09,4.0885794930594826e-09,1.1271564590443158e-11,1.3045994425664185e-08,39,15,scale_free,independent,0,580650801
29,True,-0.6722977988425024,0.17188677269135433,9.25558659114954e-10,2.2848698972654705e-10,6.422877846730979e-10,6.983909675718377e-10,4.688125692304155e-09,29,15,scale_free,independent,1,477200633
51,True,-0.3223945434853657,-0.9492958556467305,1.9755310024882404e-08,9.22838181406526e-09,2.250149090466934e-08,6.7238211889634895e-09,3.895860294889174e-08,51,15,scale_free,independent,2,494314533
34,True,-0.5734880985032453,0.06464138614557093,1.9638115836174023e-09,5.244176495427419e-10,1.7306482081900332e-09,1.3087894627258373e-09,7.348301372920296e-09,34,15,scale_free,independent,3,491933512
34,True,-0.5432965094009153,-0.5324271081197225,2.7624189218535304e-09,6.742836065743534e-10,3.066922100648075e-09,1.2226848500911742e-10,8.050433207270181e-09,34,15,scale_free,independent,4,407362387
37,True,-0.4980344009356428,-0.3077520395847464,3.671565708272453e-09,4.023285053100316e-09,9.926919029130875e-10,1.8258015023910416e-09,1.2162057613852003e-08,37,15,scale_free,independent,5,568167351
44,True,-0.40712380362826267,-0.42102053530170336,6.891558098616671e-09,3.0431444694538165e-09,2.9562296196842658e-09,6.4282824813069255e-09,1.5341174739160007e-08,44,15,scale_free,independent,6,763465813
39,True,-0.464584659962778,-0.385762851611917,3.7001179867219165e-09,1.5935115709065465e-09,3.910131892914001e-09,1.5163088588934327e-09,1.1494212167182595e-08,39,15,scale_free,independent,7,552162703
32,True,-0.6473446225226374,0.8513574313961799,1.913297210909085e-09,3.196733867769495e-10,1.5340645374713115e-09,1.6839422190897446e-09,7.129436486476472e-09,32,15,scale_free,independent,8,642522786
41,True,-0.44415652187273014,-0.28674413799316434,5.343378115221259e-09,1.9833143533141963e-09,2.2560010333728345e-10,5.906196409678726e-09,1.4426903223644276e-08,41,15,scale_free,independent,9,836613040
91,True,-0.17541347013691805,-0.47706163767770554,6.30307745284324e-08,2.3593631565995473e-08,6.31086485952685e-08,2.0971198665186802e-08,8.64052679141134e-08,91,15,scale_free,independent,10,989512255
44,True,-0.3882511819838017,-0.7426058615059485,1.0726946057140571e-08,1.2646686002049166e-08,4.40924020062086e-09,2.486792038191454e-09,2.6286681475748744e-08,44,15,scale_free,independent,11,712925869
53,True,-0.2967180193384254,-1.262596479703329,2.988734550488779e-08,1.182512439656799e-08,7.194852810581265e-09,3.2694202513377385e-08,5.6165455236748994e-08,53,15,scale_free,independent,12,225177665
38,True,-0.47219303361717246,-0.7558735363022399,4.295436717045195e-09,3.0994648460216962e-09,3.999274322231379e-09,2.109387298012727e-09,1.2725694155226152e-08,38,15,scale_free,independent,13,196780968
51,True,-0.3164823203768461,-1.5875155776460383,1.4815835632390028e-08,8.793952676511463e-09,1.4360231586719716e-08,4.268762071247794e-09,2.7180423803816064e-08,51,15,scale_free,independent,14,793004978
120,True,-0.11996620606470097,-1.7014642345349353,1.0200174298518855e-07,1.0360258757743805e-07,1.9753302120423553e-08,8.051703835721536e-08,1.1510100734304026e-07,120,15,scale_free,independent,15,68691241
49,True,-0.3539102722422539,-0.6287828200781551,1.1892969008117708e-08,5.366133203822909e-09,7.777083545741964e-09,9.749249401691482e-09,2.6143905609932757e-08,49,15,scale_free,independent,16,847836867
37,True,-0.456149379915629,-0.6459591625439786,9.2852915375068e-09,7.92246545423562e-09,1.8460604859789917e-09,7.961892062974718e-09,2.7658228902945342e-08,37,15,scale_free,independent,17,770545195
51,True,-0.3197527741192462,-1.108623805605887,1.872503057989801e-08,1.7765061186411236e-08,3.57951429447579e-10,1.267415058972453e-08,3.715965395507345e-08,51,15,scale_free,independent,18,994824213
31,True,-0.6507136550914844,0.517930725213593,1.0608783428125684e-09,4.1472534151199356e-10,5.475716790583034e-10,9.68709612988586e-10,5.026098435027099e-09,31,15,scale_free,independent,19,667942911
41,True,-0.43224307266781725,-0.2953717729301509,8.909156090541061e-09,8.249864082920875e-09,5.000662513143387e-09,5.035303894254381e-09,2.34409530686401e-08,41,15,scale_free,independent,20,872912016
41,True,-0.43829565778450896,-0.5284091414879847,3.935815253752757e-09,3.280166541001021e-09,4.001966164701015e-09,1.2100969155460984e-09,1.2607202337346285e-08,41,15,scale_free,independent,21,118534792
44,True,-0.4009875514333825,-0.2999911267512819,1.0430256049989125e-08,7.298719926223748e-09,6.444669705501981e-09,5.316182665783655e-09,2.1696038245817147e-08,44,15,scale_free,independent,22,160325917
38,True,-0.45931884313502014,-0.8264345024415266,6.6760186447987155e-09,5.3558656582555896e-09,1.4865971270992838e-09,5.270586166465119e-09,1.9132234491845077e-08,38,15,scale_free,independent,23,314347942
46,True,-0.37257350433753006,-1.023157834647998,8.084037178118126e-09,3.8178528084119645e-09,9.757457902594184e-09,1.6849032086047122e-09,1.8669645469274832e-08,46,15,scale_free,independent,24,128193274
54,True,-0.3072089272980537,-1.0526743679446355,1.7333770762769065e-08,1.4241824146947198e-08,7.3505776942434145e-09,1.1516926521481647e-08,2.8220333165102475e-08,54,15,scale_free,independent,25,401661633
35,True,-0.5447638679442941,0.6855217429331381,3.3851828804622187e-09,3.4052274877612254e-09,1.165916552492918e-09,1.97030055299537e-09,1.4001357614355254e-08,35,15,scale_free,independent,26,748998826
39,True,-0.4745288218678626,-0.15654081060760677,5.609669425146276e-09,4.973526076287525e-09,3.5837516511024207e-09,1.2375597662155155e-09,1.4286924468219625e-08,39,15,scale_free,independent,27,268085104
36,True,-0.565036085222101,1.09748922698896,2.1982964677292944e-09,1.4400402893755624e-09,9.844626915332784e-10,2.2784321754021837e-09,9.546043087419429e-09,36,15,scale_free,independent,28,822195323
33,True,-0.606713230033497,0.4508764034603397,1.6214657260189826e-09,6.856277986313846e-10,1.3472615139342394e-09,1.3153165110215394e-09,6.2126704323543226e-09,33,15,scale_free,independent,29,628926099
41,True,-0.4399375881807924,-0.2839603276320204,6.369619866903092e-09,4.393208124011174e-09,4.393208124805371e-09,4.393208121343497e-09,1.7165356429979755e-08,41,15,scale_free,cascade,0,344640886
36,True,-0.5319441624720932,0.42192723619321554,1.9082985553931387e-09,1.2940382880735322e-09,1.2940382913792863e-09,1.2940381458914692e-09,9.313778876169579e-09,36,15,scale_free,cascade,1,994554497
33,True,-0.5222191909828412,-1.5700542248126297,6.586923511584645e-10,4.180658311541907e-10,4.180658236852468e-10,4.1806526724308876e-10,1.2904859297494425e-08,33,15,scale_free,cascade,2,557001781
41,True,-0.43199326744747524,-0.8099001044430646,5.157608689424809e-09,3.571189567090546e-09,3.5711895604130825e-09,3.5711895691986612e-09,1.3315314456320867e-08,41,15,scale_free,cascade,3,614604024
50,True,-0.3346507139644547,-0.9401793372574184,8.47049585906038e-09,6.288975340296254e-09,6.288975340296254e-09,6.2889753406656e-09,2.1788480064991776e-08,50,15,scale_free,cascade,4,296299630
37,True,-0.5325820247028963,1.0774036643991616,2.5254878389883164e-09,1.968600272312274e-09,1.9686002615444566e-09,1.968600243780355e-09,1.077966226867172e-08,37,15,scale_free,cascade,5,215436831
41,True,-0.42346781578733383,-0.6220629508699476,9.316265734931959e-09,6.585092459254991e-09,6.585092457839554e-09,6.585092446619972e-09,2.3830580707883253e-08,41,15,scale_free,cascade,6,169799973
40,True,-0.4532032134353862,-0.3194410041212907,5.506024011550976e-09,4.044703254711572e-09,4.044703256953873e-09,4.044703243051416e-09,1.5551834761087253e-08,40,15,scale_free,cascade,7,223559018
46,True,-0.37590031958321424,-0.4161454569191263,1.2465399445105348e-08,8.152950516851295e-09,8.152950516851295e-09,8.15295051549878e-09,2.9573828920209323e-08,46,15,scale_free,cascade,8,195185529
35,True,-0.5355625266827833,-0.0670647708098621,8.645841080756585e-11,6.176605182552273e-11,6.176604291405347e-11,6.176604659826794e-11,1.532641157491102e-08,35,15,scale_free,cascade,9,746720523
37,True,-0.4838530516082526,-0.9467903618726018,1.0113830356770052e-09,6.122966605034788e-10,6.122966667368382e-10,8.840387227759529e-10,1.0596244652906731e-08,37,15,scale_free,heterogeneous_cascade,0,57945344
41,True,-0.4336491730528596,-0.630833973761992,1.5978956327863682e-09,8.784609730855757e-10,8.784609828590684e-10,1.2984980012920303e-09,1.790448605457361e-08,41,15,scale_free,heterogeneous_cascade,1,629384469
45,True,-0.3803458973771761,-1.0493907740783335,7.478906069950542e-09,4.77588534209953e-09,4.775885343112028e-09,4.778981684798667e-09,1.851315877628867e-08,45,15,scale_free,heterogeneous_cascade,2,949293522
36,True,-0.5019394471197576,-0.6032685347567508,4.810241952497779e-09,3.6063353853984696e-09,3.6063353890586078e-09,3.657479391651905e-09,1.501359850330007e-08,36,15,scale_free,heterogeneous_cascade,3,765552613
37,True,-0.4835146945854051,-0.4966484619035443,3.685127905090345e-09,2.6592329930443282e-09,2.6592329922398765e-09,2.6405751629165217e-09,1.2023609727640747e-08,37,15,scale_free,heterogeneous_cascade,4,402879608
41,True,-0.4241931212862606,-0.9092471430922066,9.874402686453323e-09,6.532140082576675e-09,6.532140079576263e-09,6.531947231307626e-09,2.098841504726566e-08,41,15,scale_free,heterogeneous_cascade,5,59402570
37,True,-0.5136314938537195,0.5191272162580125,3.192795270665217e-09,2.1644967870484278e-09,2.1644968267073727e-09,2.1785250214889893e-09,2.0238056821958115e-08,37,15,scale_free,heterogeneous_cascade,6,834120891
37,True,-0.5294030587572851,0.4742317914998474,1.9737142113741924e-09,1.2647150243700451e-09,1.2647150236905342e-09,1.2973416647517057e-09,6.865945776309963e-09,37,15,scale_free,heterogeneous_cascade,7,3148759
44,True,-0.4164099518453666,-0.07936277496912078,4.576585526001571e-09,3.178428314579144e-09,3.1784283127169255e-09,3.168768012774664e-09,1.3460232490446836e-08,44,15,scale_free,heterogeneous_cascade,8,681329472
40,True,-0.4623376653968823,-0.29538713699263736,3.846023956534319e-09,2.6429443460873577e-09,2.6429443467095675e-09,2.5815268598855914e-09,1.1169193835848561e-08,40,15,scale_free,heterogeneous_cascade,9,670949065
500,False,-0.02289792594178106,-1.098440422138021,4.851427620526962e-06,3.875395106079012e-06,2.9806986844759974e-06,9.283849730347074e-07,3.6333088762045365e-06,500,16,cycle_baseline,independent,0,191921161
500,False,-0.023125574144057845,-1.1392890524736403,4.563772178893688e-06,3.669676092243956e-06,2.3489957024324206e-06,1.6172818041461373e-06,3.1429763169244122e-06,500,16,cycle_baseline,independent,1,739870351
500,False,-0.021015763601051306,-1.4794344253661547,7.717352812044952e-06,4.371836923971468e-06,5.620598266301279e-06,4.167359922512375e-06,6.26981349238049e-06,500,16,cycle_baseline,independent,2,175462246
500,False,-0.021116897797907975,-1.2154418435561218,9.408439070711164e-06,5.73319330990474e-06,3.0594768998781536e-06,7.508522017277604e-06,7.740995124954328e-06,500,16,cycle_baseline,independent,3,225647959
500,False,-0.023715389679175625,-1.2784057247357088,2.6368837455920014e-06,1.3046948935624148e-06,1.6279084432460444e-06,1.6501152086247611e-06,2.058002994855626e-06,500,16,cycle_baseline,independent,4,811988201
500,False,-0.023674958119035715,-1.8686248355087884,1.6154337239625416e-06,1.1427678204104474e-06,3.189447372320685e-07,1.0988259402820123e-06,1.142154626250873e-06,500,16,cycle_baseline,independent,5,979129035
500,False,-0.02253902958404061,-1.6512213672917968,3.301783712880144e-06,1.1628887079123309e-06,2.6222119119700422e-06,1.8233666745175458e-06,2.475399663242079e-06,500,16,cycle_baseline,independent,6,264711710
500,False,-0.02186668559395577,-1.2187016169165565,7.429699685306963e-06,6.257032363970826e-06,3.192836641288978e-06,3.0248679583623273e-06,5.439164216210772e-06,500,16,cycle_baseline,independent,7,921338161
500,False,-0.021826695461737,-1.8969207303624434,3.6044290513838853e-06,1.7606868327286804e-06,1.3006545234499534e-06,2.963183270976563e-06,2.8733072433989803e-06,500,16,cycle_baseline,independent,8,913285183
500,False,-0.022231499228160867,-1.4088265865751626,4.322307498543396e-06,2.9804457315852636e-06,1.011101723308383e-06,3.5528574736571766e-06,3.903215348469555e-06,500,16,cycle_baseline,independent,9,769407646
500,False,-0.02382893796536557,-1.46780749896084,1.9889668918279554e-06,1.2927559607203596e-06,1.2927559607232643e-06,1.2927559607186954e-06,1.5688835377087364e-06,500,16,cycle_baseline,cascade,0,140055404
500,False,-0.0220478291939252,-3.537091589719437,6.454997390857378e-07,4.150722255856199e-07,4.150722255856199e-07,4.150722255856199e-07,4.847095631119325e-07,500,16,cycle_baseline,cascade,1,299419743
500,False,-0.02059290993365824,-0.7554278439195681,1.8283765698639545e-05,1.1844236123869017e-05,1.1844236123869017e-05,1.1844236123869017e-05,1.639225454678085e-05,500,16,cycle_baseline,cascade,2,677708614
500,False,-0.022842306613977948,-1.0692528006088615,4.285442140956794e-06,2.8163909815457527e-06,2.8163909815457527e-06,2.8163909815449434e-06,4.08737701759961e-06,500,16,cycle_baseline,cascade,3,999219526
500,False,-0.022832747016302637,-1.4608018537810121,3.572430866698926e-06,2.3125558681550436e-06,2.3125558681550436e-06,2.3125558681550436e-06,2.643287023182145e-06,500,16,cycle_baseline,cascade,4,814473875
500,False,-0.02152919498686606,-1.1729032483494317,9.912590464800405e-06,6.199783249152903e-06,6.199783249152903e-06,6.199783249152903e-06,6.5202190777784854e-06,500,16,cycle_baseline,cascade,5,420268847
500,False,-0.022563324737439088,-1.2918304373691094,4.4013868938160795e-06,2.7628800834755985e-06,2.7628800834755985e-06,2.7628800834755985e-06,3.497062901329365e-06,500,16,cycle_baseline,cascade,6,235256388
500,False,-0.0222329439018607,-0.7507160532582979,9.739412970763959e-06,6.283189898965555e-06,6.283189898965555e-06,6.283189898965555e-06,7.024638567378703e-06,500,16,cycle_baseline,cascade,7,960336802
500,False,-0.02417582513190765,-1.349844918815301,1.79593314311958e-06,1.1779160506719677e-06,1.177916050669614e-06,1.1779160506681097e-06,1.5674705731623393e-06,500,16,cycle_baseline,cascade,8,276207363
500,False,-0.02321232615117732,-2.519978127591573,9.437248517045933e-07,6.142713018824296e-07,6.142713018824296e-07,6.142713018824296e-07,7.884833079084744e-07,500,16,cycle_baseline,cascade,9,342219087
500,False,-0.02019921897919203,-2.244193165852561,4.553221855632705e-06,2.9549966664527133e-06,2.954996666452594e-06,2.954996666444804e-06,4.511698827385987e-06,500,16,cycle_baseline,heterogeneous_cascade,0,561664844
500,False,-0.022976914771533456,-1.5276997341319454,3.2483750796003177e-06,2.064962262697204e-06,2.0649622626973654e-06,2.064962262697091e-06,2.343754909056876e-06,500,16,cycle_baseline,heterogeneous_cascade,1,264597605
500,False,-0.02400319022788311,-1.376658046859469,2.013093750491218e-06,1.311657397253643e-06,1.311657397254345e-06,1.3116573972532277e-06,1.59945952010923e-06,500,16,cycle_baseline,heterogeneous_cascade,2,5345497
500,False,-0.021164118564375896,-1.1934906202193833,8.822141488306219e-06,5.652998673491096e-06,5.6529986734957486e-06,5.652998673492574e-06,7.856378086157572e-06,500,16,cycle_baseline,heterogeneous_cascade,3,429957049
500,False,-0.024704080388813682,-1.6019416058747664,1.2584930330412026e-06,7.945907859208757e-07,7.945907859316325e-07,7.945907859269746e-07,8.534277374817036e-07,500,16,cycle_baseline,heterogeneous_cascade,4,986001491
500,False,-0.021363422327621777,-0.9145410217450393,1.1885150311822075e-05,7.576162558815246e-06,7.576162558810611e-06,7.576162558829328e-06,9.247224753781946e-06,500,16,cycle_baseline,heterogeneous_cascade,5,253034749
500,False,-0.023739667406460847,-2.367325389736549,8.542256676001565e-07,5.516386086950735e-07,5.516386087047845e-07,5.516386086992111e-07,6.81106886845118e-07,500,16,cycle_baseline,heterogeneous_cascade,6,775612904
500,False,-0.022310836868788382,-1.604482051631204,3.5700967362310942e-06,2.314220522693088e-06,2.314220522693151e-06,2.314220522686188e-06,2.9109426980552376e-06,500,16,cycle_baseline,heterogeneous_cascade,7,775791086
500,False,-0.022725850168566177,-1.0719461017152347,4.9507230891765455e-06,3.118175117105362e-06,3.118175117106478e-06,3.1181751171065126e-06,4.155291852576902e-06,500,16,cycle_baseline,heterogeneous_cascade,8,608300847
500,False,-0.023633667011921076,-1.2843893983044474,2.2256386296389845e-06,1.4439503278823555e-06,1.4439503278808005e-06,1.4439503278830943e-06,2.1162961315474078e-06,500,16,cycle_baseline,heterogeneous_cascade,9,771849343
45,True,-0.4091960444701074,0.6805417029122955,5.497517434502875e-09,4.037114573948841e-09,4.507803837413144e-09,1.3875106822654114e-09,1.5907026916431104e-08,45,16,random_strong,independent,0,378318014
113,True,-0.13449334139209582,-1.008677985611647,1.3908131609521085e-07,1.092275651132222e-07,7.56370212392855e-08,9.910807424758082e-08,1.045499789955668e-07,113,16,random_strong,independent,1,737879979
54,True,-0.30753066917494787,-1.2893801590627767,1.4769809420540985e-08,1.8809008145163475e-09,1.6520683861516957e-08,5.974206576167111e-09,2.8091713038180327e-08,54,16,random_strong,independent,2,835125790
58,True,-0.27969151346324467,-1.4084212528141746,2.4550871286462878e-08,1.5280093258620323e-08,1.8698072842833146e-08,2.0571552171386327e-08,3.790637860158323e-08,58,16,random_strong,independent,3,841060855
83,True,-0.20254334370362428,-0.2485069774510447,2.3856616439273437e-08,2.833275582939503e-08,9.132510856980169e-09,4.164352157772582e-09,4.668578003948186e-08,83,16,random_strong,independent,4,213074934
81,True,-0.20542879834766922,0.03847770045722693,5.318235808395006e-08,5.210181271246347e-08,2.6638685053728375e-08,8.683039182520453e-09,6.141382334810532e-08,81,16,random_strong,independent,5,676592596
103,True,-0.15490361816082596,-0.9854610462661829,9.298612609201694e-08,1.4921688022745213e-08,9.115114158936432e-08,6.889574858667769e-08,8.390533404351042e-08,103,16,random_strong,independent,6,4305775
51,True,-0.3434006603633775,-0.1943813568876242,8.84194493017702e-09,6.807327574485313e-09,3.473516842312654e-09,7.395159349778442e-09,3.099089112281975e-08,51,16,random_strong,independent,7,571999350
74,True,-0.23618772593394544,0.6613504638887462,4.8702629133073376e-08,4.502296596216298e-08,3.812052140600585e-09,3.797288464132917e-08,5.860439551349548e-08,74,16,random_strong,independent,8,571167361
406,True,-0.03338556966457555,-2.6355671755671395,5.636221931312384e-07,2.2130905281108324e-07,5.210398027856892e-07,2.3017345378229349e-07,9.621081764994153e-08,406,16,random_strong,independent,9,363495460
67,True,-0.23949304740313207,-0.1478946602491105,3.456442405410269e-08,3.056974669650332e-08,1.368576193218083e-08,2.296649210748739e-08,6.710235354947836e-08,67,16,random_strong,independent,10,994077772
38,True,-0.5150278363574589,0.788440658856054,3.51981592530221e-09,1.0310944604444762e-09,2.66386356450042e-09,2.718638194405207e-09,1.6713631161579887e-08,38,16,random_strong,independent,11,882960931
73,True,-0.22776706138540442,-0.42917584624457494,2.4960371443631507e-08,8.479166278147294e-09,2.1531780897339743e-08,1.725983737403491e-08,5.6261881247158036e-08,73,16,random_strong,independent,12,38644309
88,True,-0.18244926154148428,-1.0246451729112667,4.946672487706399e-08,1.5768208718386774e-08,1.5403354483615424e-09,5.674506564352924e-08,4.82363013279351e-08,88,16,random_strong,independent,13,208835639
72,True,-0.23460034357666293,-0.37413726034210226,2.794686359885875e-08,1.8850648873754512e-08,1.890931157471485e-08,1.5134116787591403e-08,3.852651957747233e-08,72,16,random_strong,independent,14,207998073
61,True,-0.2673951037411683,-0.870132418308132,1.9251919291743085e-08,3.542019644454347e-09,1.3026216767484637e-08,1.790180015993758e-08,3.260308653470106e-08,61,16,random_strong,independent,15,897558880
51,True,-0.3652749875311191,0.6061965795568343,8.371314099058437e-09,4.961478163339437e-09,2.932434152741184e-09,7.2402174472517475e-09,1.967341742327751e-08,51,16,random_strong,independent,16,518914642
61,True,-0.281773324739314,0.3319660883797964,4.1202281359369875e-08,1.867369871395036e-08,3.335482731431546e-08,3.4418244808064524e-08,7.414142462240934e-08,61,16,random_strong,independent,17,728874699
52,True,-0.3626754220151835,0.697357965405978,4.413156574366123e-09,1.7931000976315126e-09,1.8472987883291496e-09,4.0525220386953715e-09,1.8701941805981878e-08,52,16,random_strong,independent,18,809940736
73,True,-0.21292427570750083,-1.329991961366182,5.1892477094026496e-08,4.70754651170373e-09,4.322608039870895e-08,4.112999419330316e-08,5.892744739697806e-08,73,16,random_strong,independent,19,767619800
49,True,-0.3808730963567703,0.5253426473047645,6.5145218333541264e-09,3.5851336514806834e-09,3.6751881019023932e-09,5.0626631319976545e-09,2.176848805881194e-08,49,16,random_strong,independent,20,89042004
108,True,-0.13824631421089853,-1.4694111210366696,1.1752160253214655e-07,5.155174974471255e-08,1.3040558907221184e-07,3.5163081651925356e-09,8.657780686400327e-08,108,16,random_strong,independent,21,140334909
58,True,-0.3029918426042135,-0.23764221069277675,1.0455882496036538e-08,7.553798966315061e-09,1.7151059266070715e-09,8.856178285183957e-09,2.4771451616376957e-08,58,16,random_strong,independent,22,395234653
81,True,-0.18731183518074415,-0.9736598798767853,8.166326687594509e-08,6.093549478328134e-08,3.577415224336008e-08,5.334557820564951e-08,6.774500829004459e-08,81,16,random_strong,independent,23,338378165
54,True,-0.3407668460352899,0.3086399801757623,6.445806983427624e-09,6.113479842161677e-09,1.6414802809072325e-09,4.844915810052814e-09,2.3027188111031076e-08,54,16,random_strong,independent,24,747075800
55,True,-0.29682253571695455,-1.1144414450717066,1.2037410435415077e-08,1.0598263942704451e-08,9.367043633907342e-10,9.339054340450893e-09,2.0378692157117565e-08,55,16,random_strong,independent,25,156235568
51,True,-0.36584660940743763,0.25716899176702473,6.231565925631521e-09,1.8032433135966375e-09,5.596085207198891e-09,4.036494944009773e-09,1.7636577850729133e-08,51,16,random_strong,independent,26,371543208
73,True,-0.2161134740921187,-0.2743169679581665,4.98027303496503e-08,2.005622593932615e-08,4.3043588708815546e-08,5.536263881435246e-08,9.039011726106628e-08,73,16,random_strong,independent,27,236574451
63,True,-0.2808485724917446,0.32221150328487047,1.3095446842616763e-08,6.35696287330851e-09,4.4756517675795274e-09,1.267641473021205e-08,4.155344043321693e-08,63,16,random_strong,independent,28,188836420
51,True,-0.33632346320191575,-0.5693661267112782,1.3477846101016177e-08,8.762985597193445e-10,3.166856633174773e-09,1.7162703275258746e-08,2.846826425296386e-08,51,16,random_strong,independent,29,172803855
41,True,-0.40156219997019105,-1.1714050090739556,1.2556379236351423e-08,9.987774468086284e-09,9.987774473318718e-09,9.987774392277856e-09,2.0745193639303467e-08,41,16,random_strong,cascade,0,195495827
44,True,-0.3919225045167176,-0.3198194162727368,1.2367232961872659e-08,8.829641382979752e-09,8.82964138436656e-09,8.829641383354251e-09,2.8760170250165624e-08,44,16,random_strong,cascade,1,410048786
81,True,-0.2028171444157469,-0.3491922468644222,2.3603881283057734e-08,1.7571165382919487e-08,1.7571165382919487e-08,1.7571165382919487e-08,5.911835593969679e-08,81,16,random_strong,cascade,2,435288165
54,True,-0.3525740360238215,0.6798868116601743,4.54495302909724e-09,3.2586329870615284e-09,3.2586329870615284e-09,3.2586329884680253e-09,1.863969900525309e-08,54,16,random_strong,cascade,3,479417074
89,True,-0.1891014043447797,-0.4434962482050235,2.865277515598806e-08,1.8052580734830058e-08,1.8052580736058987e-08,1.8052580736058987e-08,2.9616216621816053e-08,89,16,random_strong,cascade,4,741059990
50,True,-0.36069400395051543,0.5192884157809745,1.2377860282262346e-08,8.756662276078747e-09,8.756662275516007e-09,8.756662275794808e-09,4.654590228897644e-08,50,16,random_strong,cascade,5,861814417
56,True,-0.31892685086961453,0.04747664526153282,7.880922082307364e-09,5.532376553144671e-09,5.532376553144671e-09,5.532376552407173e-09,2.3250957557022184e-08,56,16,random_strong,cascade,6,526435574
56,True,-0.31824101762493046,0.17412349264852248,1.321500519625485e-08,9.211191315501838e-09,9.211191315501838e-09,9.211191316325657e-09,3.103104301717253e-08,56,16,random_strong,cascade,7,642252418
90,True,-0.16239305735714568,-2.3392023976332545,4.366916851819938e-08,4.0806611927046414e-08,4.0806611927216886e-08,4.080661192722114e-08,5.0965703220752306e-08,90,16,random_strong,cascade,8,738558496
124,True,-0.10666014718562923,-2.591123581416418,2.403145693211793e-07,1.7896546267395695e-07,1.7896546267395695e-07,1.7896546267395695e-07,1.5027299851696192e-07,124,16,random_strong,cascade,9,690401954
55,True,-0.33855829445740376,0.5956542204019744,8.886936711668392e-09,6.352400220498055e-09,6.352400220498055e-09,6.3524002152372324e-09,2.4555199000963438e-08,55,16,random_strong,cascade,10,134262801
101,True,-0.15420600846738863,-0.9621588261396324,5.052719956633264e-08,3.3483112369911026e-08,3.3483112373231316e-08,3.348311237519742e-08,8.179250698737371e-08,101,16,random_strong,cascade,11,982987171
70,True,-0.24483495286178067,-0.4415112216184828,1.2669140779757952e-08,8.81541361696977e-09,8.81541361696977e-09,8.81541361357997e-09,2.6245663930386608e-08,70,16,random_strong,cascade,12,164810806
74,True,-0.2199153514687238,-0.3775821539958705,6.355782758029393e-08,4.37771270799613e-08,4.37771270799613e-08,4.377712707753537e-08,7.455609672165655e-08,74,16,random_strong,cascade,13,411843440
111,True,-0.14894595045494846,-0.3833271877142139,3.488737928300134e-08,2.4304874685378636e-08,2.4304874685378636e-08,2.4304874685378636e-08,5.4268890841665974e-08,111,16,random_strong,cascade,14,652602459
116,True,-0.13890640657434503,-0.5731622468462116,5.102971729408723e-08,3.584003357245894e-08,3.584003357245894e-08,3.584003357245894e-08,6.480888744281508e-08,116,16,random_strong,cascade,15,403354403
45,True,-0.4138254406090423,0.32953726515989945,2.903368955489951e-09,2.1283470091143246e-09,2.1283470091289496e-09,2.1283470110250092e-09,6.448535326594783e-09,45,16,random_strong,cascade,16,243131164
83,True,-0.1921201556707993,-1.205699002308907,3.449846072229534e-08,2.431817854978079e-08,2.431817854978079e-08,2.431817854978079e-08,4.314187653026925e-08,83,16,random_strong,cascade,17,923346967
73,True,-0.22644662303137658,-0.7934943733555134,2.8483777511395464e-08,1.9353114617993995e-08,1.9353114617993995e-08,1.9353114617645537e-08,3.5125802285998686e-08,73,16,random_strong,cascade,18,71529779
46,True,-0.38326417396456125,-0.025402020255193853,1.210643494438165e-08,8.109360252512741e-09,8.109360252512741e-09,8.109360254263398e-09,3.6716157675698335e-08,46,16,random_strong,cascade,19,245875586
87,True,-0.1405158105711304,-4.604368570901084,5.9409981865345467e-08,5.2631224836820677e-08,5.2631224836820677e-08,5.2631224836820677e-08,5.842477426112121e-08,87,16,random_strong,cascade,20,729815246
69,True,-0.2612044678850893,0.2415715397869624,1.2804837301069833e-08,8.961990253765641e-09,8.961990253765641e-09,8.961990254281295e-09,1.9535915790550643e-08,69,16,random_strong,cascade,21,86976377
64,True,-0.25458351259700485,-0.6893446561031845,1.9109803686651577e-08,1.360070985744522e-08,1.3600709863094277e-08,1.360070986288939e-08,5.280170677160559e-08,64,16,random_strong,cascade,22,754573138
65,True,-0.2656312912668691,-0.23203882000247542,2.0303668699677373e-08,1.4959645141865256e-08,1.4959645141725558e-08,1.4959645142339158e-08,3.488232440921831e-08,65,16,random_strong,cascade,23,969509985
85,True,-0.1926104940356337,-0.7318660425292846,3.606530148011494e-08,3.092299002967829e-08,3.092299002967829e-08,3.0922990031224846e-08,4.546224055555511e-08,85,16,random_strong,cascade,24,97787997
80,True,-0.20956954257431154,-0.4856459714180313,1.744342129418606e-08,1.2250191199846778e-08,1.2250191199846778e-08,1.2250191198905794e-08,3.936019230668359e-08,80,16,random_strong,cascade,25,414051925
69,True,-0.2519392759954055,-0.25680594069500573,1.4754345551647313e-08,1.0113061063900121e-08,1.0113061063900121e-08,1.011306106133671e-08,2.4606126162695322e-08,69,16,random_strong,cascade,26,468231405
45,True,-0.38164109616371295,-0.5426849734238198,2.5827311870863944e-09,1.8843254417439567e-09,1.8843254417439567e-09,1.884325436924814e-09,1.2340574388647491e-08,45,16,random_strong,cascade,27,131012669
48,True,-0.3627363678539893,-0.06811414540943121,1.6583256122022884e-08,1.2168295857545845e-08,1.2168295861184826e-08,1.2168295865441536e-08,3.730074172043086e-08,48,16,random_strong,cascade,28,200562471
127,True,-0.1308410614010753,-0.1169456963252758,4.2480006190515275e-08,2.8885290022954186e-08,2.8885290022954186e-08,2.8885290022954186e-08,6.04288344209182e-08,127,16,random_strong,cascade,29,173754517
107,True,-0.14661757621888238,-1.1074031579804988,5.6046861095048675e-08,4.617382087768008e-08,4.617382087994579e-08,4.6173820890839337e-08,5.880007006347148e-08,107,16,random_strong,heterogeneous_cascade,0,185375272
50,True,-0.3395357237549141,-0.3003382038602006,1.1503192540034055e-08,7.304766658845876e-09,7.304766650670688e-09,7.3047685178755225e-09,4.505042270446884e-08,50,16,random_strong,heterogeneous_cascade,1,403528851
48,True,-0.40150059365817486,1.2499076060764442,9.817630863678491e-09,7.671124685199725e-09,7.671124682181825e-09,7.671151024074681e-09,2.0936299072508848e-08,48,16,random_strong,heterogeneous_cascade,2,463828110
92,True,-0.1785313129620223,-0.5608761523011349,5.387485700808288e-08,3.6579625549045245e-08,3.6579625549076366e-08,3.657962554915611e-08,5.0816053850762126e-08,92,16,random_strong,heterogeneous_cascade,3,237984689
112,True,-0.13529130104617965,-1.659104961804581,8.186224596111419e-08,5.689379988960027e-08,5.689379988743228e-08,5.689379988749344e-08,5.734974318911837e-08,112,16,random_strong,heterogeneous_cascade,4,289429707
55,True,-0.32574200827621036,-0.05875195924282446,9.93958416943914e-09,6.3739320382543335e-09,6.373932045086021e-09,6.373931719517975e-09,2.147489489544676e-08,55,16,random_strong,heterogeneous_cascade,5,192236783
96,True,-0.16270197247024612,-1.1899047138940322,6.660325323840359e-08,4.8685040484100004e-08,4.868504048544237e-08,4.86850404856603e-08,5.975848368933291e-08,96,16,random_strong,heterogeneous_cascade,6,796060447
118,True,-0.14809768209973445,0.04700868318737798,2.116607791320915e-08,1.5397135653181297e-08,1.5397135652951324e-08,1.539713565302594e-08,4.3915959060230195e-08,118,16,random_strong,heterogeneous_cascade,7,211754150
66,True,-0.25923528371849613,-0.6591061265013012,1.0760075105590475e-08,8.020418499734714e-09,8.020418498179105e-09,8.020418499056114e-09,2.7124761176895072e-08,66,16,random_strong,heterogeneous_cascade,8,907604891
125,True,-0.11688927142218751,-2.149170449275499,9.384293686310318e-08,7.196260693645862e-08,7.19626069407003e-08,7.196260694021243e-08,6.456595901274208e-08,125,16,random_strong,heterogeneous_cascade,9,538855502
63,True,-0.2757833605094776,-0.2956009981432792,1.2413693153052563e-08,8.895633235970225e-09,8.8956332343077e-09,8.895632804300935e-09,3.220396269109703e-08,63,16,random_strong,heterogeneous_cascade,10,802720605
76,True,-0.2207150539392801,-0.7202491501238721,1.5546501249524577e-08,1.0155151439168608e-08,1.0155151439168608e-08,1.0155151438843918e-08,3.028315679538354e-08,76,16,random_strong,heterogeneous_cascade,11,636394431
39,True,-0.4894686783946971,0.20588351598660226,1.7279683497366907e-09,1.0346304388684464e-09,1.034630439831702e-09,1.2011666437019608e-09,1.2511706455963188e-08,39,16,random_strong,heterogeneous_cascade,12,266030872
47,True,-0.39944211732642465,0.4821761071094403,7.069204701785512e-09,5.701605853897378e-09,5.701605854003108e-09,5.699484432787439e-09,2.037080887965062e-08,47,16,random_strong,heterogeneous_cascade,13,601362190
39,True,-0.4746880267789985,-0.050356865033984545,4.017573917640351e-09,2.640640981137085e-09,2.640640981407447e-09,2.639283582710746e-09,1.4426479681200642e-08,39,16,random_strong,heterogeneous_cascade,14,274134393
44,True,-0.4465952413556595,0.9456290100578807,3.608752483392143e-09,2.5357826477069847e-09,2.5357826452414526e-09,2.5388173725706526e-09,1.2494307013935303e-08,44,16,random_strong,heterogeneous_cascade,15,118560508
108,True,-0.14189526997059032,-0.7936492127457399,1.395112623713378e-07,1.1510738091097975e-07,1.1510738088987606e-07,1.1510738091790917e-07,1.2041517615225937e-07,108,16,random_strong,heterogeneous_cascade,16,254728350
87,True,-0.2040771415642908,0.500431346740048,2.0451709737793603e-08,1.4274902227910525e-08,1.4274902228580198e-08,1.4274902228468462e-08,3.7286676585505474e-08,87,16,random_strong,heterogeneous_cascade,17,275640499
49,True,-0.3634857839707102,-0.3426620290212938,4.170624277181895e-09,3.0978158670082804e-09,3.0978158643793317e-09,3.0954163233143103e-09,9.74611729410619e-09,49,16,random_strong,heterogeneous_cascade,18,135038095
44,True,-0.39825124426971453,-0.5237894839690672,6.346457178785939e-09,5.6422620580131486e-09,5.6422620589920895e-09,5.640341228296339e-09,2.075054517441625e-08,44,16,random_strong,heterogeneous_cascade,19,23609359
54,True,-0.3323542075620865,-0.022016620194396003,1.2716148123936827e-08,8.591971847592999e-09,8.591971847863111e-09,8.591977215824736e-09,2.2313925272604524e-08,54,16,random_strong,heterogeneous_cascade,20,943798368
57,True,-0.32476414479298826,0.5122003469330692,1.1583538195655176e-08,7.822843980321833e-09,7.82284398095015e-09,7.822844177124222e-09,2.1379770610437398e-08,57,16,random_strong,heterogeneous_cascade,21,513422065
61,True,-0.28326441808112107,-0.48426752663761086,1.7037539727522877e-08,1.2132237041770283e-08,1.2132237034256104e-08,1.213223705418304e-08,2.7290723375932714e-08,61,16,random_strong,heterogeneous_cascade,22,929952323
70,True,-0.2331942149123011,-1.2576867190172842,3.9285358469698456e-08,2.846468986651615e-08,2.8464689860748062e-08,2.8464689788821853e-08,4.5775453692629125e-08,70,16,random_strong,heterogeneous_cascade,23,224689474
91,True,-0.17159318745240643,-1.2382359757853272,5.795881580957724e-08,4.2519071466048365e-08,4.251907146636189e-08,4.251907146850826e-08,5.691237993153e-08,91,16,random_strong,heterogeneous_cascade,24,402870645
70,True,-0.23905927702178867,-0.6555931997598593,2.781162120632063e-08,2.4573994777561102e-08,2.457399477666266e-08,2.4573994771574018e-08,4.166010218480201e-08,70,16,random_strong,heterogeneous_cascade,25,846671050
77,True,-0.21894720366910683,-0.45153413473592124,2.04082851039622e-08,1.4738152599870379e-08,1.4738152597314823e-08,1.4738152608909015e-08,4.5102119786804104e-08,77,16,random_strong,heterogeneous_cascade,26,399195302
65,True,-0.24112316282090324,-1.5196267051786059,3.030260310634096e-08,2.2455867136158048e-08,2.2455867127280207e-08,2.2455867112866793e-08,4.278353743341242e-08,65,16,random_strong,heterogeneous_cascade,27,255827780
74,True,-0.17498954556680266,-4.214090562088615,5.229808918224433e-08,4.279282178858193e-08,4.2792821790818895e-08,4.279282179100861e-08,5.412701822325062e-08,74,16,random_strong,heterogeneous_cascade,28,85052533
74,True,-0.23485351159068474,0.13473231061739188,1.9159448702904276e-08,1.2891092775959368e-08,1.2891092777694981e-08,1.2891092778241991e-08,2.443265105987191e-08,74,16,random_strong,heterogeneous_cascade,29,161941570
74,True,-0.23443254604620525,0.1376790754188939,1.1155370194473843e-08,5.711077349495068e-09,9.156454169811164e-09,4.074817835845394e-09,4.2814036810746175e-08,74,16,small_world,independent,0,786619425
49,True,-0.3776700487808075,0.35476233049125633,4.0392871192344195e-09,3.913108541799859e-09,1.405051687651279e-09,1.493949288043928e-09,1.9608964441747808e-08,49,16,small_world,independent,1,639250340
51,True,-0.3446362414286806,-0.18623117784084428,7.0365307622428675e-09,3.682499847635681e-09,4.35316789483229e-09,4.76677366528465e-09,2.6158064937296877e-08,51,16,small_world,independent,2,433467922
60,True,-0.29090469682199865,-0.0005292275000925405,8.962604800990538e-09,7.888252583550308e-09,5.339564407488511e-09,1.3550758841430227e-09,3.42247270061695e-08,60,16,small_world,independent,3,782905274
55,True,-0.31702726151597355,-0.4648434152315101,6.098355107645453e-09,3.984381541073614e-09,4.709847046707669e-09,2.3952551591925603e-09,2.3732336317358776e-08,55,16,small_world,independent,4,160781180
64,True,-0.2793123272101219,0.4231605896142906,8.30035063804657e-09,8.016622716830745e-09,1.9943193650298726e-09,3.264863130248753e-09,3.380397795600679e-08,64,16,small_world,independent,5,210934388
56,True,-0.3073184315817463,-0.42168381976276875,7.215231149452616e-09,3.6138931804584288e-09,3.739561743238729e-09,5.331581116737251e-09,3.000811022185192e-08,56,16,small_world,independent,6,392729285
59,True,-0.3039258575984648,0.18280143103390373,6.483384222400537e-09,3.1827467137374833e-09,2.6039007949513142e-09,5.379729064593407e-09,2.678014185387204e-08,59,16,small_world,independent,7,917395589
76,True,-0.2306301051799824,0.2929047013912182,1.1798056531961312e-08,1.0227276361441659e-08,1.546002245463864e-09,8.196918976819447e-09,3.9583603966389976e-08,76,16,small_world,independent,8,614232207
57,True,-0.3148036017673373,0.2488662171811422,7.778495473784614e-09,4.537063374019903e-09,7.598229767873646e-10,6.669062087728664e-09,2.7671783497741162e-08,57,16,small_world,independent,9,850997119
90,True,-0.1895467433487779,-0.0697129698282869,1.1929345325327536e-08,7.62640168726311e-09,7.62640168726311e-09,7.62640168726311e-09,4.594157673153704e-08,90,16,small_world,cascade,0,248161910
56,True,-0.3001162485859325,-0.9929067851655544,5.754796849486842e-09,3.722521524183372e-09,3.722521524183372e-09,3.7225215227548426e-09,2.740951340162374e-08,56,16,small_world,cascade,1,72479767
57,True,-0.31210574866545127,0.36509916515999585,8.851693198394866e-09,5.68202381284088e-09,5.68202381284088e-09,5.68202381264488e-09,3.637111786407235e-08,57,16,small_world,cascade,2,227661146
69,True,-0.24742636132459822,-0.24442613632600127,9.913216127094819e-09,6.369339416460462e-09,6.369339416460462e-09,6.369339416472233e-09,4.066454112518498e-08,69,16,small_world,cascade,3,523025403
50,True,-0.3620280847426133,0.13125922502656098,4.8179749988902644e-09,3.32616542662321e-09,3.32616542662321e-09,3.3261654250323536e-09,2.29998224488146e-08,50,16,small_world,cascade,4,50535988
88,True,-0.185064378395857,-0.5410824778254358,1.495804721945233e-08,9.781193504201678e-09,9.781193504201678e-09,9.781193504201678e-09,5.812453223623807e-08,88,16,small_world,cascade,5,858261959
58,True,-0.2882602261454543,-0.8890813094463826,8.609645245912286e-09,5.510383677094722e-09,5.510383674772262e-09,5.510383672284928e-09,3.168452116883404e-08,58,16,small_world,cascade,6,867423539
61,True,-0.3002567487444531,0.6231070595140029,6.262786282935152e-09,4.038733463852077e-09,4.038733463852077e-09,4.038733465363067e-09,2.8759676899274134e-08,61,16,small_world,cascade,7,541466709
63,True,-0.2706290804686261,-0.1585760012788825,1.1713457320298617e-08,7.427836830588864e-09,7.427836830588864e-09,7.4278368334450575e-09,4.446324876650972e-08,63,16,small_world,cascade,8,305800228
61,True,-0.2823134501835452,-0.1296999227498637,1.0833784984298594e-08,6.752507306180455e-09,6.752507306180455e-09,6.752507303814726e-09,3.878728746245548e-08,61,16,small_world,cascade,9,98963924
51,True,-0.3377505638641136,-0.45542446633854283,6.663917568770601e-09,4.4607740176534e-09,4.4607740176534e-09,4.460774006186055e-09,3.034828907468184e-08,51,16,small_world,cascade,10,618916381
55,True,-0.3229685159301414,-0.017201969879694554,5.981937584091148e-09,3.94495194536446e-09,3.94495194536446e-09,3.944951944989147e-09,2.5437841030761002e-08,55,16,small_world,cascade,11,537671486
63,True,-0.2844783432468268,0.30608342399886135,6.929727597208942e-09,4.461384437842762e-09,4.461384437842762e-09,4.461384430833881e-09,3.076725492803462e-08,63,16,small_world,cascade,12,759966883
83,True,-0.214305031696626,0.5047697880243989,9.56236982382499e-09,6.05043092273479e-09,6.05043092273479e-09,6.050430922724209e-09,3.867507548296823e-08,83,16,small_world,cascade,13,602534834
69,True,-0.2460200789438581,-0.40818141395842383,1.0128884621457443e-08,6.74273823927913e-09,6.74273823927913e-09,6.742738239415888e-09,3.625096262243105e-08,69,16,small_world,cascade,14,128293258
62,True,-0.2987813355525359,0.955088549118072,7.0213972235426675e-09,4.78688032199373e-09,4.786880322250955e-09,4.786880329203595e-09,3.121296187934946e-08,62,16,small_world,heterogeneous_cascade,0,121764795
63,True,-0.27628941739744145,0.3314979714347813,1.3259907398058367e-08,8.316307792447426e-09,8.316307789492163e-09,8.316307601124432e-09,5.2249793183991966e-08,63,16,small_world,heterogeneous_cascade,1,780838354
60,True,-0.2851165494900938,-0.12041847663952973,1.0633890750563692e-08,7.067239990090021e-09,7.067239985768815e-09,7.067239083639398e-09,4.3573163482735715e-08,60,16,small_world,heterogeneous_cascade,2,159023928
49,True,-0.34818535911597664,-0.5068603239940918,8.977259126234638e-09,5.752569333597527e-09,5.752569325333536e-09,5.752660230172071e-09,3.361193775974015e-08,49,16,small_world,heterogeneous_cascade,3,938511458
74,True,-0.23572590068210036,-0.04499738855593418,9.004730488679064e-09,5.735606296825867e-09,5.7356062949226854e-09,5.735606301837409e-09,3.446990442219408e-08,74,16,small_world,heterogeneous_cascade,4,105947362
68,True,-0.2637688843477835,0.3357088667519157,8.055121412952534e-09,5.091537357124383e-09,5.091537357254914e-09,5.0915373586242214e-09,3.0228653283837046e-08,68,16,small_world,heterogeneous_cascade,5,728374965
62,True,-0.28196783812978915,-0.19855056147647918,6.888785710642554e-09,4.3921930662433424e-09,4.392193066936941e-09,4.392193004026182e-09,2.864695260148583e-08,62,16,small_world,heterogeneous_cascade,6,975230971
83,True,-0.19844401405947915,-0.6401958069665609,1.2529475400672773e-08,7.77723447467105e-09,7.777234474909466e-09,7.777234475208928e-09,4.4356744107709844e-08,83,16,small_world,heterogeneous_cascade,7,441222748
67,True,-0.25970883416846113,-0.04941476418594654,9.52592478076294e-09,6.075281008114897e-09,6.07528100838385e-09,6.0752810082481554e-09,3.426071024167214e-08,67,16,small_world,heterogeneous_cascade,8,56714180
50,True,-0.3449206197881463,-0.018080794889942547,1.1952381469175297e-08,8.020976290041826e-09,8.02097628396861e-09,8.020973807978231e-09,3.9489226141800737e-08,50,16,small_world,heterogeneous_cascade,9,876678138
56,True,-0.30945904343055614,-0.2747463484571035,8.780174966081496e-09,5.848948402408216e-09,5.8489484022673724e-09,5.848950360743082e-09,2.8559026984758198e-08,56,16,small_world,heterogeneous_cascade,10,187306950
57,True,-0.3182301469282036,0.5929807098971402,8.033375755696923e-09,5.310621023370784e-09,5.310621023288671e-09,5.3106233212917616e-09,3.1437200313590864e-08,57,16,small_world,heterogeneous_cascade,11,984535902
74,True,-0.21963682371254145,-0.6923715757573083,1.3437398726896886e-08,8.420487735960081e-09,8.420487728931833e-09,8.420487732203564e-09,5.3824449773276376e-08,74,16,small_world,heterogeneous_cascade,12,744770927
62,True,-0.2706161548917153,-0.6597989185282791,8.313882945604892e-09,5.481398712178046e-09,5.481398712562288e-09,5.481398707814562e-09,3.5019227115734096e-08,62,16,small_world,heterogeneous_cascade,13,46316632
54,True,-0.3062343202159531,-0.8490877129322996,8.676682670271296e-09,5.575838323054232e-09,5.57583831748696e-09,5.57580648894857e-09,3.963288916461819e-08,54,16,small_world,heterogeneous_cascade,14,820505943
51,True,-0.34953697068403033,-0.28140419436560205,8.392915873859065e-09,9.582803656158608e-10,8.899478923126411e-09,4.117747359279221e-09,1.928283015957272e-08,51,16,scale_free,independent,0,749352861
39,True,-0.4707163004540179,-0.32138708771281904,3.5663957130741073e-09,1.8221414713021198e-09,1.8949192488401134e-09,2.732536415513979e-09,1.301457102323796e-08,39,16,scale_free,independent,1,620955317
37,True,-0.4996755204493171,0.09307030028823753,4.288100555222447e-09,3.3137912149969726e-09,1.7020432014808603e-09,3.064356529589666e-09,1.4756365493228073e-08,37,16,scale_free,independent,2,287854875
50,True,-0.3345475465021347,-0.7448699434682029,1.723374411102683e-08,6.509627379835252e-09,1.6165939149343136e-08,1.3611047406872295e-08,3.597414246841735e-08,50,16,scale_free,independent,3,423609380
36,True,-0.5327826944393732,0.36728831296715614,3.2017225932577943e-09,1.075643849564219e-09,3.2011907537287346e-09,1.8761126450302857e-09,1.1592560541086925e-08,36,16,scale_free,independent,4,117843900
38,True,-0.445204172010927,-0.7690742959780619,1.1045502143481219e-08,4.411444653653623e-09,1.0599129446132534e-08,8.878002089166276e-09,3.288349020213416e-08,38,16,scale_free,independent,5,986784193
44,True,-0.3844382031774133,-1.3433319571843199,7.325069123371172e-09,4.451260090617432e-09,8.022892282535541e-09,9.60171617418053e-10,1.7530887299330558e-08,44,16,scale_free,independent,6,238338529
55,True,-0.30056776288054815,-0.9278841370573472,2.236195277583659e-08,9.58609698658874e-10,2.2226968737742453e-09,2.4428064992723626e-08,3.528549864843726e-08,55,16,scale_free,independent,7,308678320
51,True,-0.32871542645108387,-1.201259063112379,1.2110290940442057e-08,9.508251661342733e-10,1.3652291761751364e-08,2.880644329930538e-09,2.181852653477594e-08,51,16,scale_free,independent,8,502874936
46,True,-0.38672266873393846,-0.01642751543847466,9.111927847447496e-09,7.23494473539995e-09,6.864214510909816e-09,4.949154351013154e-09,2.7359152604941815e-08,46,16,scale_free,independent,9,672380444
44,True,-0.36859424368285765,-1.4154376857842597,2.1477256676954876e-08,1.226000057197094e-08,2.0704909233265723e-08,2.6281217365335186e-09,3.995360029789765e-08,44,16,scale_free,independent,10,505276922
48,True,-0.35562547332806005,-0.4180507136666611,1.8669037614402742e-08,2.0092563519334505e-08,6.618989162821281e-09,2.0431612543283425e-10,3.6256541989546936e-08,48,16,scale_free,independent,11,505139149
45,True,-0.3838086464571782,-1.0510278187146915,6.894267212963409e-09,6.1918424469203375e-09,3.6592944361879766e-09,4.13675765503949e-09,1.6239506054194627e-08,45,16,scale_free,independent,12,582644349
31,True,-0.627096133082719,-0.05998322549136753,2.101318739306832e-09,2.3986953491179415e-09,8.351855180806786e-11,1.0838114263751834e-10,7.91191473008724e-09,31,16,scale_free,independent,13,857696488
34,True,-0.5767050950030236,0.32469887493501287,2.6467780733307417e-09,3.78805211500433e-10,3.0648977763432484e-09,9.38448503010919e-10,1.0231608271689457e-08,34,16,scale_free,independent,14,395101837
37,True,-0.4929261503959375,-0.5404102129272663,4.334364504596604e-09,1.591251868041633e-09,2.8150210072826677e-09,3.641483798408807e-09,1.277675752873566e-08,37,16,scale_free,independent,15,832130423
38,True,-0.4966752047550778,0.31142579636759227,6.247015741537855e-09,6.196544461770276e-09,3.056730548797869e-09,1.835729201367012e-09,1.8325176907345955e-08,38,16,scale_free,independent,16,786891381
50,True,-0.3291876906933545,-0.8478481205941615,2.0031240731814887e-08,3.0000566773363814e-09,1.5733172486386344e-08,1.984654742814273e-08,4.05049046914042e-08,50,16,scale_free,independent,17,961006377
45,True,-0.39994940569003584,0.24638057468397936,7.375838504937027e-09,4.529942753234608e-09,3.761737392548895e-09,5.189828743825476e-09,1.5829663433407716e-08,45,16,scale_free,independent,18,913153750
37,True,-0.46334453959947514,-1.1248891826427976,6.751557199894453e-09,2.3823400753907153e-09,7.460041263085954e-09,7.556711017237373e-10,1.9482193488860712e-08,37,16,scale_free,independent,19,798180125
57,True,-0.3053527699438555,-0.4131689144724598,1.3133628160095872e-08,8.734578252205769e-09,8.734578252205769e-09,8.734578252003745e-09,2.451210115554382e-08,57,16,scale_free,cascade,0,246725053
48,True,-0.3600855606068594,-0.7242475910383731,1.0508422415950374e-08,7.157895719996758e-09,7.157895719996758e-09,7.1578957171365355e-09,2.178815256685665e-08,48,16,scale_free,cascade,1,774297479
59,True,-0.2880637296304414,-0.609209216069797,1.7108190986757554e-08,1.2566751289080656e-08,1.2566751289080656e-08,1.2566751288892921e-08,3.004728799300822e-08,59,16,scale_free,cascade,2,736523217
53,True,-0.28263772893652706,-2.521782397214991,1.9032348125764222e-08,1.28327401110327e-08,1.28327401110327e-08,1.2832740112252265e-08,3.454221851667412e-08,53,16,scale_free,cascade,3,289501497
38,True,-0.4886586438635689,-0.06079450567861974,3.755893499200193e-09,2.7374829996632445e-09,2.737483000847955e-09,2.737482987449943e-09,1.299160084269087e-08,38,16,scale_free,cascade,4,677971852
43,True,-0.40846514539967643,-0.21256198434996812,1.2029787625743784e-08,7.669651703535737e-09,7.669651701893567e-09,7.669651701532345e-09,2.7325107438499563e-08,43,16,scale_free,cascade,5,252969345
43,True,-0.3861640737518592,-1.1235532137700346,1.6712392463892136e-08,1.1231007355897895e-08,1.1231007355897895e-08,1.1231007348886007e-08,3.5272562476855535e-08,43,16,scale_free,cascade,6,523090499
39,True,-0.48889263757374785,0.6559284553953206,1.799694376823873e-09,1.2857439522708816e-09,1.2857439494530377e-09,1.2857439466327626e-09,7.56332205454339e-09,39,16,scale_free,cascade,7,796749709
37,True,-0.5188302862044435,0.10993536526564338,1.6356763576576969e-10,1.219932934181187e-10,1.219932882729367e-10,1.2199329353126144e-10,9.38189419684582e-09,37,16,scale_free,cascade,8,188530233
67,True,-0.2539167467318518,-0.4392980102212718,1.6253644084410235e-08,1.3742318305942846e-08,1.3742318305942846e-08,1.3742318306212322e-08,3.3974211749981886e-08,67,16,scale_free,cascade,9,336952819
41,True,-0.43544397802509344,-0.09097435212423134,1.0750328348624678e-08,7.60039419178998e-09,7.60039419178998e-09,7.600394193931907e-09,3.2813131208301015e-08,41,16,scale_free,cascade,10,795232258
42,True,-0.403764180998667,-1.2261090616834571,8.046604016297961e-09,5.378459770096487e-09,5.37845976715575e-09,5.378459766816452e-09,1.866258529705657e-08,42,16,scale_free,cascade,11,453791613
44,True,-0.3860327003871426,-1.2256909163891325,9.22789071455959e-09,6.6557756021989155e-09,6.655775601767952e-09,6.655775607140698e-09,2.1290900968165686e-08,44,16,scale_free,cascade,12,960626285
49,True,-0.2970071649342275,-3.115084606736084,1.5277628159863215e-08,1.0268550851822261e-08,1.0268550851822261e-08,1.0268550849226168e-08,2.8685513214510713e-08,49,16,scale_free,cascade,13,7960449
77,True,-0.1987431188446535,-1.7102990149239967,5.045778272961469e-08,3.2730813570338525e-08,3.2730813570338525e-08,3.2730813570338525e-08,4.985545988879632e-08,77,16,scale_free,cascade,14,721836332
36,True,-0.5219539122700052,-0.29831063710195804,1.234695772504967e-09,8.315555770847231e-10,8.315555746908924e-10,8.315555462551749e-10,9.119101965516124e-09,36,16,scale_free,cascade,15,814198256
40,True,-0.45944163127303594,-0.24756303335341887,4.7373149694151945e-09,3.177250372533029e-09,3.177250367378411e-09,3.1772503702825373e-09,1.2874142375177093e-08,40,16,scale_free,cascade,16,917859996
40,True,-0.4585173621584807,-0.3898676993964766,4.804987381267916e-09,3.0220309735647168e-09,3.0220309762291218e-09,3.022030970116151e-09,1.2314200525791339e-08,40,16,scale_free,cascade,17,156754311
35,True,-0.5212423524095838,-0.5976675202971488,2.23336145089092e-09,1.5358252094638085e-09,1.5358252091514655e-09,1.5358251410968673e-09,1.0960183762709888e-08,35,16,scale_free,cascade,18,984185264
49,True,-0.33958650848369987,-1.1991843320023137,1.347478471242765e-08,9.342297165243938e-09,9.342297164271195e-09,9.342297166140653e-09,2.894368771481143e-08,49,16,scale_free,cascade,19,392278158
36,True,-0.5106324264629966,-0.2834885753503464,4.644096981538774e-11,3.2151971503236083e-11,3.215197141712889e-11,3.215197155773202e-11,1.2940674842743576e-08,36,16,scale_free,cascade,20,352050674
42,True,-0.40160209748917053,-1.2487968074586986,8.961979296192206e-09,6.537059305399214e-09,6.537059305752323e-09,6.5370592995547965e-09,2.2521748872609915e-08,42,16,scale_free,cascade,21,355542253
63,True,-0.2656396883036476,-0.7465134502708455,2.015117020200472e-08,1.2954769973215202e-08,1.2954769973215202e-08,1.2954769974962654e-08,3.348818114423785e-08,63,16,scale_free,cascade,22,638223552
34,True,-0.5922248977193759,0.48986996922508735,1.024111610420564e-09,7.422074201771655e-10,7.422074207035042e-10,7.422074056687924e-10,9.656241870203224e-09,34,16,scale_free,cascade,23,659293463
39,True,-0.45281661318355443,-0.45304377853679434,6.290464313657158e-09,5.019170756757525e-09,5.019170751130992e-09,5.019170749645688e-09,1.9473707140129778e-08,39,16,scale_free,cascade,24,473932737
39,True,-0.4610062202745773,-0.7358307080467689,6.055763575379426e-10,8.24884452353468e-11,8.248844585189163e-11,9.80368648594887e-10,1.2126270193002258e-08,39,16,scale_free,heterogeneous_cascade,0,71036242
45,True,-0.35531442415031467,-1.8142454372778505,1.3188238673486536e-08,9.178097086076352e-09,9.178097078313173e-09,9.176994035010183e-09,2.7283568192885174e-08,45,16,scale_free,heterogeneous_cascade,1,986628746
37,True,-0.50735041037454,-0.35455816587474087,6.321947070404319e-10,3.249710376600429e-10,3.24971043916575e-10,5.294730906446117e-10,1.0605222447809568e-08,37,16,scale_free,heterogeneous_cascade,2,222102592
32,True,-0.5863122118401977,-0.15557172231313665,1.0287568269867746e-09,6.682438946936867e-10,6.682475786157713e-10,8.513992168610755e-10,1.4285167292420526e-08,32,16,scale_free,heterogeneous_cascade,3,93807823
41,True,-0.4463006576950132,-0.15111391206612296,5.8137074768101175e-09,4.47982154096306e-09,4.479821525218483e-09,4.4644825207006e-09,1.9578793722212868e-08,41,16,scale_free,heterogeneous_cascade,4,597382551
31,True,-0.5488554196598631,-1.005484609317429,2.4168132455040433e-09,1.7592222738685637e-09,1.758883765213437e-09,1.3644631905018035e-09,2.9128781090578757e-08,31,16,scale_free,heterogeneous_cascade,5,412374914
34,True,-0.5244442831753091,-1.004158346224269,5.558759570559019e-10,7.854783183864545e-11,7.854783028573083e-11,6.552506509093162e-10,1.3093831097483295e-08,34,16,scale_free,heterogeneous_cascade,6,615567208
35,True,-0.5231384463786262,-0.5419486235626468,9.96639471301602e-10,6.576961929929264e-10,6.576961758408212e-10,7.259043260663166e-10,1.1131509915064806e-08,35,16,scale_free,heterogeneous_cascade,7,875539044
31,True,-0.6251087312023924,-0.045159516432741846,1.2134846707272487e-09,1.9138332424517475e-10,1.913837994525799e-10,1.64974831981971e-09,2.2700679531722427e-08,31,16,scale_free,heterogeneous_cascade,8,97324622
34,True,-0.5613626435408162,0.1965577241374617,1.6927490049358865e-09,1.5982616435256291e-09,1.5982609955642216e-09,1.5464092286931784e-09,9.169242580516724e-09,34,16,scale_free,heterogeneous_cascade,9,284051310
500,False,-0.020452450578125603,-2.0280304186722646,6.168473888787626e-06,5.745529892468631e-06,3.0359578762765595e-06,4.6981460225083723e-07,5.052903021325507e-06,500,17,cycle_baseline,independent,0,516571512
500,False,-0.020800972901222032,-1.2700806510186018,9.75035513427647e-06,5.997288575960497e-06,8.034408175897922e-06,3.6836375995663244e-06,8.82139936952109e-06,500,17,cycle_baseline,independent,1,787792850
500,False,-0.021134934059176227,-2.024524208232129,5.125609541444063e-06,2.5306574434008563e-06,4.008835329254617e-06,2.313814228971721e-06,3.3795904294913457e-06,500,17,cycle_baseline,independent,2,600643005
500,False,-0.023053830731997384,-1.3656785786148036,3.5463863573310764e-06,3.480323388218775e-06,1.7013581934906506e-06,5.61051587038498e-07,2.5528566601912038e-06,500,17,cycle_baseline,independent,3,382783162
500,False,-0.021790304073103815,-2.2194594074443574,2.8085549052857105e-06,1.7266417342171743e-06,1.079736600350862e-06,2.3049865497880098e-06,1.996053405048243e-06,500,17,cycle_baseline,independent,4,610061269
500,False,-0.020434215987240406,-1.737374148454394,9.72288869087949e-06,7.816583254946627e-06,4.091763038863021e-06,4.708709873732784e-06,6.669487443536627e-06,500,17,cycle_baseline,independent,5,979978539
500,False,-0.020534726131618938,-1.5730737422581227,9.032443410278597e-06,3.829062006830976e-06,6.560370510775609e-06,6.44957615258958e-06,7.440618890733358e-06,500,17,cycle_baseline,independent,6,480053587
500,False,-0.019849138092968992,-1.7801607881067938,1.159234040191276e-05,4.155027526485891e-06,4.406211527251299e-06,1.0489598094043615e-05,8.36070884970169e-06,500,17,cycle_baseline,independent,7,883529836
500,False,-0.02004196219484786,-1.1687505013816377,1.8479172190679365e-05,1.7398752537211313e-05,2.2624918110386425e-06,8.868965192294672e-06,1.4078827168358815e-05,500,17,cycle_baseline,independent,8,779956236
500,False,-0.022548231118522558,-1.7904580485060313,3.37778918583972e-06,2.2757711843640556e-06,1.6060032316620288e-06,1.931897610446443e-06,2.1578159066642773e-06,500,17,cycle_baseline,independent,9,301320357
500,False,-0.02007358491862024,-2.54805100504523,4.472034924616286e-06,2.9269154542329576e-06,2.9269154542329576e-06,2.9269154542329576e-06,3.502576380256052e-06,500,17,cycle_baseline,cascade,0,249503101
500,False,-0.019912388968417277,-1.182078947820731,1.8206453207776637e-05,1.1850229763544589e-05,1.1850229763544589e-05,1.1850229763544589e-05,1.4652184581558444e-05,500,17,cycle_baseline,cascade,1,770193113
500,False,-0.01910485257965955,-1.493184057149815,1.8580305302996126e-05,1.2031602717218059e-05,1.2031602717218059e-05,1.2031602717218059e-05,1.6635410069647427e-05,500,17,cycle_baseline,cascade,2,207479706
500,False,-0.020270338883243855,-1.316934203900552,1.3501175567909466e-05,8.685918801681424e-06,8.685918801681424e-06,8.685918801681424e-06,1.0736510559265953e-05,500,17,cycle_baseline,cascade,3,336856543
500,False,-0.021243129277627424,-1.540084315454553,7.300828643781638e-06,4.6715116069799985e-06,4.6715116069799985e-06,4.6715116069799985e-06,5.463286294874939e-06,500,17,cycle_baseline,cascade,4,606362840
500,False,-0.020694094041074484,-1.450316641746505,1.0128627506224386e-05,6.535371684758935e-06,6.535371684758935e-06,6.535371684758935e-06,7.506851244601058e-06,500,17,cycle_baseline,cascade,5,294139766
500,False,-0.019385090116982598,-1.2163812618095233,2.5972013389930008e-05,1.6794442836045044e-05,1.6794442836045044e-05,1.6794442836045044e-05,1.845860540968344e-05,500,17,cycle_baseline,cascade,6,658480768
500,False,-0.020363768428280006,-1.4538327577480694,1.2393026633537386e-05,7.815032916764535e-06,7.81503291676492e-06,7.815032916763427e-06,8.467553707943266e-06,500,17,cycle_baseline,cascade,7,934844212
500,False,-0.022720088632398733,-0.7201377854850282,7.405627929845964e-06,4.586126284851884e-06,4.586126284851878e-06,4.586126284851911e-06,5.566456547224752e-06,500,17,cycle_baseline,cascade,8,829595408
500,False,-0.020336376745120125,-2.9352640742452287,2.820876208107349e-06,1.7717963060867784e-06,1.7717963060867784e-06,1.7717963060867784e-06,2.032576638668496e-06,500,17,cycle_baseline,cascade,9,947953906
500,False,-0.019919183510976997,-1.5197591266565897,1.3264917710883794e-05,8.476207384043928e-06,8.476207384055414e-06,8.476207384036615e-06,1.0296843439458213e-05,500,17,cycle_baseline,heterogeneous_cascade,0,24450840
500,False,-0.020877567443609867,-1.3181400719790797,1.1071337596759705e-05,7.136894927935363e-06,7.136894927929916e-06,7.136894927935648e-06,8.003426948401368e-06,500,17,cycle_baseline,heterogeneous_cascade,1,455455286
500,False,-0.018879619184481295,-1.0180270102520057,4.0334740944687126e-05,2.5675330641156477e-05,2.5675330641156602e-05,2.5675330641157032e-05,2.8180607395378607e-05,500,17,cycle_baseline,heterogeneous_cascade,2,917868463
500,False,-0.019940527805482625,-1.2941377945343706,1.48337725291127e-05,9.73957504490765e-06,9.739575044906906e-06,9.739575044909525e-06,1.3398973405818587e-05,500,17,cycle_baseline,heterogeneous_cascade,3,711917810
500,False,-0.019649789735955416,-1.0875526627728875,2.6356055728089298e-05,1.660790149604929e-05,1.660790149605624e-05,1.6607901496050985e-05,1.8042901484361356e-05,500,17,cycle_baseline,heterogeneous_cascade,4,320221020
500,False,-0.020581033377395152,-2.2669899272889453,4.5253118370274135e-06,2.882002716757234e-06,2.8820027167590264e-06,2.8820027167592687e-06,3.5745940856802514e-06,500,17,cycle_baseline,heterogeneous_cascade,5,563523236
500,False,-0.02074222631802578,-1.583461083035154,7.979299441470905e-06,5.352355361681385e-06,5.352355361681166e-06,5.352355361683022e-06,6.945257711386167e-06,500,17,cycle_baseline,heterogeneous_cascade,6,605432173
500,False,-0.020711901700346484,-2.1858624023299855,4.735485648833884e-06,3.112412972954566e-06,3.112412972954445e-06,3.1124129729568737e-06,3.859756395685485e-06,500,17,cycle_baseline,heterogeneous_cascade,7,474352207
500,False,-0.021100458039693553,-1.7784134411111419,6.2267292140209746e-06,3.90790387718415e-06,3.907903877184193e-06,3.907903877184242e-06,4.395077586133246e-06,500,17,cycle_baseline,heterogeneous_cascade,8,55209956
500,False,-0.01958379147527856,-1.8179032499447279,1.0460577478353466e-05,6.623509586537995e-06,6.62350958654123e-06,6.623509586533886e-06,9.020227062393158e-06,500,17,cycle_baseline,heterogeneous_cascade,9,452461845
78,True,-0.2092772943426818,-0.934284186469055,3.000924083048834e-08,1.4639113956642175e-08,3.729697020081713e-08,1.193264199557212e-09,3.865757980592688e-08,78,17,random_strong,independent,0,348275883
60,True,-0.2874519553659289,-0.3263759155548379,2.3412582965165378e-08,1.1957072381049258e-08,1.0648203920026915e-08,2.2230277018317627e-08,3.834435164930731e-08,60,17,random_strong,independent,1,818250361
72,True,-0.2252054360555251,-0.8764261871374912,2.79295432797452e-08,2.0877050086992906e-08,1.874138054585919e-08,2.4991783516938487e-08,4.7609317564418933e-08,72,17,random_strong,independent,2,865100231
84,True,-0.19294754742615441,-0.5973409115556364,4.276063776530482e-08,2.422988603425767e-08,1.8378129471705927e-08,4.031262806261571e-08,3.960513116844104e-08,84,17,random_strong,independent,3,750415933
71,True,-0.22980610787724146,-1.0469941576874429,2.861067404027111e-08,1.7424213662061985e-08,3.040100094443033e-08,7.82905586096572e-09,3.794708946785274e-08,71,17,random_strong,independent,4,30892836
71,True,-0.22683386376362547,-1.3700363796787929,2.6721398766031163e-08,2.759724443969039e-08,2.3799888147848872e-08,4.984995970809399e-09,4.025157963498648e-08,71,17,random_strong,independent,5,841227002
66,True,-0.2638794526566086,0.24790019881750874,2.3640720083306464e-08,1.6074023151095066e-09,2.3356053507243064e-08,1.9331822298319654e-08,4.591213992656025e-08,66,17,random_strong,independent,6,396436235
62,True,-0.27308177827485564,0.6429198767686961,5.112610269244488e-08,4.065499525919376e-08,3.1463081258499007e-09,4.5300128512234046e-08,5.727983884224498e-08,62,17,random_strong,independent,7,416368872
97,True,-0.1691477101334369,-0.6260684250680744,3.4053173960931085e-08,1.6798709578707538e-08,1.9846391636911072e-08,2.4354075740901577e-08,4.7383339013311295e-08,97,17,random_strong,independent,8,945148287
73,True,-0.23486564681666292,0.0790243165131095,3.153819240699018e-08,2.0666880627263185e-08,2.6917716344460283e-08,1.3606188070775529e-08,3.8147961309178364e-08,73,17,random_strong,independent,9,867295585
71,True,-0.24942020422025854,0.31450847116467784,1.2458700047625008e-08,8.887149674622518e-09,8.887149674622518e-09,8.887149676569118e-09,3.6879797764006786e-08,71,17,random_strong,cascade,0,50880734
82,True,-0.1978034661403564,-0.9996859008947317,3.343940711507802e-08,2.5512881708674294e-08,2.5512881708674294e-08,2.5512881708674294e-08,4.1548342907824064e-08,82,17,random_strong,cascade,1,359832854
93,True,-0.1610750103272452,-1.8562690020891248,4.678084598490878e-08,4.0707768442692064e-08,4.0707768442692064e-08,4.0707768442692064e-08,5.723637405189891e-08,93,17,random_strong,cascade,2,749705750
87,True,-0.17355047016151695,-1.5335634463366081,6.561326963151534e-08,4.483724079932603e-08,4.483724080350448e-08,4.483724080350448e-08,7.106338792625266e-08,87,17,random_strong,cascade,3,538847083
83,True,-0.17252958140668412,-2.453887892263541,4.672612093559906e-08,3.17022277075543e-08,3.17022277075543e-08,3.17022277075543e-08,4.8289366427356736e-08,83,17,random_strong,cascade,4,524776546
105,True,-0.15189333584698939,-0.8131184510072701,5.425634192214955e-08,3.543864807742129e-08,3.543864807742129e-08,3.543864807742129e-08,7.151501889924095e-08,105,17,random_strong,cascade,5,223289313
62,True,-0.2944347521117156,0.5176426777295735,1.0916351608742493e-08,7.47332140512783e-09,7.47332140512783e-09,7.473321398273327e-09,3.530558113619769e-08,62,17,random_strong,cascade,6,746067978
88,True,-0.19755935868032423,0.2641476167329798,2.8106276484419353e-08,1.9656867855732375e-08,1.9656867855732375e-08,1.9656867855732375e-08,4.564700650336103e-08,88,17,random_strong,cascade,7,734760926
101,True,-0.15075644536695268,-1.5913407284561398,7.15631836913328e-08,4.947029089063784e-08,4.947029089005268e-08,4.9470290889645764e-08,5.7701373967985253e-08,101,17,random_strong,cascade,8,885705170
44,True,-0.4040316589950307,-0.432655710324877,7.135295693952394e-09,5.429430824203821e-09,5.429430824203821e-09,5.429430820501689e-09,1.933971907733551e-08,44,17,random_strong,cascade,9,297941541
51,True,-0.3514976368918787,0.4394500228060795,9.60716314827306e-09,6.4931110372180905e-09,6.4931110372180905e-09,6.493111041978002e-09,4.296150363088659e-08,51,17,random_strong,cascade,10,215924790
60,True,-0.27623709059039153,-0.8692489427367053,1.7701052628356153e-08,1.3929286066559002e-08,1.3929286066559002e-08,1.392928606782319e-08,3.301463595644665e-08,60,17,random_strong,cascade,11,531292754
65,True,-0.26520713454810385,-0.7909569309949832,2.3353533994707843e-08,1.804193109375487e-08,1.804193109375487e-08,1.8041931093180332e-08,3.5850860551649625e-08,65,17,random_strong,cascade,12,409534915
71,True,-0.23680994234267982,-0.6957026796448389,2.3959678268772763e-08,1.7229029813775083e-08,1.7229029813775083e-08,1.722902981345523e-08,3.247825189223656e-08,71,17,random_strong,cascade,13,779269943
50,True,-0.37349139810291215,0.7656379937000085,1.8621572300963775e-08,1.4474607419495697e-08,1.4474607420967648e-08,1.4474607414190814e-08,4.803663423256139e-08,50,17,random_strong,cascade,14,245699742
61,True,-0.2716162046182709,-1.1340723878115304,1.904235021969826e-08,1.8789413753359474e-08,1.8789413753359474e-08,1.878941374959891e-08,3.878100298474571e-08,61,17,random_strong,cascade,15,795529589
55,True,-0.3087099150836366,-1.0027547105785433,8.848219197512452e-09,5.905871034492745e-09,5.905871034492745e-09,5.905871031744585e-09,1.6455991644264045e-08,55,17,random_strong,cascade,16,230746305
56,True,-0.29960868545765124,-0.12213438964642476,1.3066900515762016e-08,9.596660744898385e-09,9.596660744898385e-09,9.596660748408726e-09,3.275432449521192e-08,56,17,random_strong,cascade,17,407633791
58,True,-0.30884526013010644,0.129645344579714,7.384404861567507e-09,5.972053830145515e-09,5.972053830145515e-09,5.972053828426218e-09,2.6696916419673932e-08,58,17,random_strong,cascade,18,27182133
51,True,-0.34160716144632614,-0.9089986194534292,1.179912739472144e-08,7.605738678922884e-09,7.605738678922884e-09,7.605738682973235e-09,2.19226213314011e-08,51,17,random_strong,cascade,19,340393995
53,True,-0.3250473886283736,0.662419118535505,1.984525747456628e-08,1.7179811982520355e-08,1.7179811982520355e-08,1.7179811982892474e-08,5.724976931076534e-08,53,17,random_strong,cascade,20,958515293
71,True,-0.21066597473498702,-2.1486365754017998,2.935790811344976e-08,2.1368532244274178e-08,2.1368532244274178e-08,2.1368532246947864e-08,4.6457257305157704e-08,71,17,random_strong,cascade,21,442562406
88,True,-0.18373913208875617,-0.81912745777296,4.9803470663106364e-08,3.3458481238488054e-08,3.3458481238488054e-08,3.3458481238488054e-08,5.028008177480757e-08,88,17,random_strong,cascade,22,710016879
59,True,-0.297022468182286,0.40314963569169443,3.7383560274260266e-08,2.532699563910287e-08,2.532699563910287e-08,2.532699563728817e-08,4.589703085837483e-08,59,17,random_strong,cascade,23,107926760
139,True,-0.11311806811272439,-0.8983923967857298,6.743001500894228e-08,4.4561655803500084e-08,4.4561655803500084e-08,4.4561655803500084e-08,6.6715533143551e-08,139,17,random_strong,cascade,24,635560353
47,True,-0.4025264819994769,1.4053208774941104,1.2729055770739062e-08,8.85428705948517e-09,8.854287060624993e-09,8.85428706569935e-09,3.598810335894447e-08,47,17,random_strong,cascade,25,371575229
59,True,-0.33159395011365017,1.3326861770762006,7.423450216883358e-09,5.439574378716895e-09,5.439574378716895e-09,5.439574378277932e-09,2.242897781074826e-08,59,17,random_strong,cascade,26,743994722
58,True,-0.3134989586543717,0.5927226337035715,8.471469024758463e-09,5.867887185907906e-09,5.867887185907906e-09,5.867887184387405e-09,1.8817973911196657e-08,58,17,random_strong,cascade,27,928019176
114,True,-0.13813248510656242,-0.9754261142535078,7.713260736436234e-08,5.641900487099809e-08,5.641900487099809e-08,5.641900487099809e-08,6.27411151141258e-08,114,17,random_strong,cascade,28,531612918
75,True,-0.22490194917837592,-0.46377071971212674,2.8929081754105277e-08,2.0068975084885107e-08,2.0068975084885107e-08,2.0068975086139358e-08,3.97035577921414e-08,75,17,random_strong,cascade,29,102827719
84,True,-0.2138601939013911,-0.28883261405504684,3.503587301540196e-08,2.5589313822343418e-08,2.5589313824927616e-08,2.558931382895804e-08,4.790797812984741e-08,84,17,random_strong,heterogeneous_cascade,0,123108810
79,True,-0.2002185477138424,-0.4646924650504827,6.549060798837489e-08,4.773050854828508e-08,4.77305085509817e-08,4.7730508554541394e-08,7.351743131646035e-08,79,17,random_strong,heterogeneous_cascade,1,449532241
115,True,-0.13783488481491507,-0.7320921411345357,7.975638620727406e-08,5.309232358868733e-08,5.30923235874961e-08,5.30923235887554e-08,5.999211559707395e-08,115,17,random_strong,heterogeneous_cascade,2,61147021
50,True,-0.36902828768351675,-0.010881739353895721,8.494836874294994e-09,5.9645883977385894e-09,5.964588397567156e-09,5.964467764797531e-09,2.2225749410583216e-08,50,17,random_strong,heterogeneous_cascade,3,640439212
72,True,-0.22587147963309098,-0.9387281415245229,2.7999519759979763e-08,2.2567541199443536e-08,2.256754119537571e-08,2.256754119743559e-08,4.2174249814317505e-08,72,17,random_strong,heterogeneous_cascade,4,310450588
49,True,-0.36058695047579603,-0.7046338526359879,1.3064012374384479e-08,8.950324108888529e-09,8.95032410842226e-09,8.950503345809367e-09,2.739445587394974e-08,49,17,random_strong,heterogeneous_cascade,5,201534975
99,True,-0.17209544047259243,0.06401225053065998,1.7534341433403915e-08,1.2580126027675668e-08,1.2580126028002006e-08,1.2580126027931053e-08,5.6030770597906886e-08,99,17,random_strong,heterogeneous_cascade,6,17303557
41,True,-0.47250317249088963,0.8409964864038241,5.531894991624772e-09,4.296834337020019e-09,4.296834335808582e-09,4.294122742084159e-09,1.7691423735386873e-08,41,17,random_strong,heterogeneous_cascade,7,837195831
95,True,-0.15893022933978648,-0.6931357238330893,1.7791726569496234e-07,1.2267028105977875e-07,1.2267028105919335e-07,1.2267028104888967e-07,1.5350852829102515e-07,95,17,random_strong,heterogeneous_cascade,8,58136818
107,True,-0.12254762275591621,-3.5938963217481885,8.821106766032071e-08,6.524525447106825e-08,6.524525447327387e-08,6.52452544716445e-08,6.232224803527198e-08,107,17,random_strong,heterogeneous_cascade,9,349563611
48,True,-0.3940748748599155,0.6242996484825386,2.7584531819035753e-09,2.0561919516030557e-09,2.0561919560200583e-09,2.0562010769173856e-09,1.797692434711657e-08,48,17,random_strong,heterogeneous_cascade,10,971349490
97,True,-0.1608633192395154,-1.0194484599901874,8.211736509450824e-08,5.6369099011426304e-08,5.636909900860365e-08,5.636909900407557e-08,7.041848622353604e-08,97,17,random_strong,heterogeneous_cascade,11,578609296
64,True,-0.24901228332051992,-1.3173903298824188,2.6305275955781302e-08,1.6651586161866497e-08,1.6651586158817638e-08,1.6651585878826745e-08,4.044702673076542e-08,64,17,random_strong,heterogeneous_cascade,12,128495523
76,True,-0.2129616818210201,-0.7271908292338869,5.533122266554528e-08,3.803730711850206e-08,3.8037307124436386e-08,3.8037307117738e-08,6.277203513588094e-08,76,17,random_strong,heterogeneous_cascade,13,141027299
141,True,-0.09869811787207382,-2.6471943097733046,1.1364902955087633e-07,7.840093291954162e-08,7.840093291693347e-08,7.840093292960994e-08,7.092654594050826e-08,141,17,random_strong,heterogeneous_cascade,14,263111553
52,True,-0.35666183987657524,0.30824002401658085,7.721129329818088e-09,5.212772665439328e-09,5.212772664885479e-09,5.212752700711066e-09,2.2231411188604817e-08,52,17,random_strong,heterogeneous_cascade,15,972346247
47,True,-0.41568737559383817,0.7540682540847989,2.051402551218199e-09,1.4369945855239876e-09,1.4369945826871346e-09,1.4370093926321255e-09,6.42899433355015e-09,47,17,random_strong,heterogeneous_cascade,16,169611814
135,True,-0.09865085528875991,-2.982728128955289,1.825810395560302e-07,1.2278997619076132e-07,1.2278997620643e-07,1.2278997617749212e-07,9.206523828420134e-08,135,17,random_strong,heterogeneous_cascade,17,902892687
48,True,-0.39777997663624826,0.9222464947604636,5.324387559670677e-09,3.6300442561207925e-09,3.6300442526784664e-09,3.629933008142533e-09,1.8820665687397484e-08,48,17,random_strong,heterogeneous_cascade,18,678013414
45,True,-0.41018567691635993,0.4815271608433878,8.045530521351345e-09,5.430479833891415e-09,5.430479824664038e-09,5.432237856084037e-09,2.3221301465616787e-08,45,17,random_strong,heterogeneous_cascade,19,921897506
124,True,-0.12556162964907452,-1.1876980208220422,8.835754730687784e-08,6.260469572343581e-08,6.260469571819048e-08,6.260469572761965e-08,5.983782681057703e-08,124,17,random_strong,heterogeneous_cascade,20,826012797
47,True,-0.38832725496571885,-0.41294735157584894,1.842363534112495e-08,1.3596635724153049e-08,1.3596635727855556e-08,1.3579857260475425e-08,3.504508495770386e-08,47,17,random_strong,heterogeneous_cascade,21,332163047
75,True,-0.22024310018006305,-0.749479231788367,2.827217403668406e-08,2.2777612430960645e-08,2.2777612431207582e-08,2.277761244643542e-08,4.001215182351853e-08,75,17,random_strong,heterogeneous_cascade,22,827895438
69,True,-0.21363026533886123,-2.539301903504416,3.975864343908602e-08,2.6385390132456977e-08,2.6385390132435493e-08,2.638539012874855e-08,4.364660186217015e-08,69,17,random_strong,heterogeneous_cascade,23,169134707
44,True,-0.4130411902430166,0.32241397810835615,8.297452309328108e-09,6.0779506532155876e-09,6.077950644208662e-09,6.073562688873674e-09,2.6837214866601704e-08,44,17,random_strong,heterogeneous_cascade,24,290969235
83,True,-0.1914278872647865,-0.7938116441638211,3.589977705484032e-08,2.6674586792051006e-08,2.667458679435103e-08,2.667458679048507e-08,6.452769382936917e-08,83,17,random_strong,heterogeneous_cascade,25,211772163
73,True,-0.23391821924922498,-0.23899633191846636,2.6807007717990213e-08,2.0383015724589156e-08,2.0383015723150858e-08,2.038301569412653e-08,4.052442796702452e-08,73,17,random_strong,heterogeneous_cascade,26,133168485
52,True,-0.30192314166285333,-1.4030149247507617,3.7695845862532475e-08,3.068612889147128e-08,3.068612890360075e-08,3.068610850463227e-08,9.045169699165383e-08,52,17,random_strong,heterogeneous_cascade,27,187399235
75,True,-0.20324405714335986,-1.6688539318593016,2.3784977833831995e-08,2.0021903446429467e-08,2.00219034476648e-08,2.0021903452973253e-08,3.6639190226159864e-08,75,17,random_strong,heterogeneous_cascade,28,380425052
79,True,-0.20918088913007077,-0.5172573549176573,3.041477005690046e-08,1.951849893058226e-08,1.9518498930930902e-08,1.9518498927151706e-08,5.1189245263338796e-08,79,17,random_strong,heterogeneous_cascade,29,71304534
53,True,-0.3375276931849704,-0.05162834124468449,5.617752890625021e-09,2.3353508288504398e-09,3.0770652397046956e-09,5.174247783964072e-09,2.3435418673274434e-08,53,17,small_world,independent,0,61276720
53,True,-0.3324835054515304,0.03103681533237588,7.917577859660615e-09,3.4961305782214807e-09,3.330982563900858e-09,7.158038273316388e-09,3.1782373229745567e-08,53,17,small_world,independent,1,989823069
59,True,-0.3016906271663965,0.11734958913849147,8.522663282779224e-09,6.690847101040442e-09,1.4209194488721735e-09,5.5208521518361725e-09,2.8111308907351025e-08,59,17,small_world,independent,2,87694328
55,True,-0.33008091430030206,0.2351917775824918,4.807607599493089e-09,4.003158813940008e-09,2.2206225145442163e-09,2.5122559368007267e-09,2.454831508575408e-08,55,17,small_world,independent,3,74057683
73,True,-0.23639580996274714,0.00422519627463337,1.2351261202703355e-08,1.0971914136443544e-08,2.0170205386731598e-09,7.327880969520894e-09,3.855406743733698e-08,73,17,small_world,independent,4,30106100
62,True,-0.29399708844930117,0.6096428343532938,8.811427893561512e-09,4.656098798630569e-09,6.45615712681797e-09,5.070582003510211e-09,2.8038334644273387e-08,62,17,small_world,independent,5,132542080
61,True,-0.2881897328294129,0.16520749528642203,8.761945892692583e-09,3.684132801459484e-09,2.19501870795629e-09,8.53934750433204e-09,3.683912031119059e-08,61,17,small_world,independent,6,527919142
74,True,-0.2348405276148407,0.4420065072390703,1.5709789156983166e-08,1.0064392981255721e-08,8.952495435560338e-09,9.839285329780854e-09,5.554583997425854e-08,74,17,small_world,independent,7,827254595
57,True,-0.30983377559775493,0.2643967025816632,1.0255409197868172e-08,3.04977711038633e-09,5.256580771647931e-09,9.497035030060659e-09,3.4963410493012336e-08,57,17,small_world,independent,8,734892554
59,True,-0.30051281866867185,-0.08019907091964251,6.350058518087252e-09,5.244102371772171e-09,1.2660013221631483e-09,4.142790556896885e-09,2.4533355859615032e-08,59,17,small_world,independent,9,580240216
74,True,-0.23454300265901154,0.4798516553758631,1.5324937129495886e-08,9.891048247161356e-09,9.891048247161356e-09,9.891048249376913e-09,5.7713339795247266e-08,74,17,small_world,cascade,0,85024596
59,True,-0.27391854620189326,-0.8367941867450257,1.4053524022017341e-08,9.14774696473475e-09,9.147746961674011e-09,9.147746963750283e-09,5.430586176853236e-08,59,17,small_world,cascade,1,774417204
60,True,-0.250420414679025,-1.6896185771702423,2.0703151947370083e-08,1.3375644836904222e-08,1.3375644836904222e-08,1.3375644844814188e-08,6.903672656782591e-08,60,17,small_world,cascade,2,630912007
58,True,-0.3007168050114342,0.06552208650501762,8.630090473579405e-09,5.833209957500905e-09,5.833209957500905e-09,5.8332099626773055e-09,3.7037068754468384e-08,58,17,small_world,cascade,3,409331889
76,True,-0.22511554673518847,-0.10749620089914648,1.138013407773754e-08,7.436752000805164e-09,7.436752000805164e-09,7.436752000805164e-09,4.1512387533524145e-08,76,17,small_world,cascade,4,882175070
63,True,-0.2715612442985435,-0.5324021465474119,6.869709775621432e-09,4.3454151313262605e-09,4.3454151313262605e-09,4.345415132920392e-09,2.9711008981224234e-08,63,17,small_world,cascade,5,307533085
65,True,-0.2802422231447387,0.6694612477845099,7.991080098857803e-09,5.109124127858067e-09,5.109124127858067e-09,5.109124126538041e-09,3.2844228465659294e-08,65,17,small_world,cascade,6,638467527
77,True,-0.22157210996799576,0.24908698927736161,1.750980274033491e-08,1.1540393642105992e-08,1.154039364724685e-08,1.154039364724685e-08,6.269093189789667e-08,77,17,small_world,cascade,7,439995009
53,True,-0.3436048419514572,0.4351349643926667,6.272094969632915e-09,4.083989558594079e-09,4.0839895579984076e-09,4.083989558100303e-09,2.6679716371463467e-08,53,17,small_world,cascade,8,522125092
75,True,-0.2191002073443692,0.08869587264204067,2.6272036439336644e-08,1.721110057738376e-08,1.721110057738376e-08,1.721110057738376e-08,9.829347253755164e-08,75,17,small_world,cascade,9,938797936
71,True,-0.24256540776580174,-0.02049321712769065,1.0020835761357025e-08,6.532347998856785e-09,6.5323479985037745e-09,6.532347997282918e-09,4.1525690921799643e-08,71,17,small_world,heterogeneous_cascade,0,712749693
52,True,-0.3273499336254117,-0.6892169216490603,7.631714074369339e-09,4.75904272731708e-09,4.759042726174095e-09,4.7590432836925275e-09,2.7350343547882318e-08,52,17,small_world,heterogeneous_cascade,1,414555975
69,True,-0.2518389299957251,-0.06252683619640971,8.671449742621268e-09,5.559136357678572e-09,5.559136357678572e-09,5.559136361121455e-09,3.4160720398267646e-08,69,17,small_world,heterogeneous_cascade,2,447392751
59,True,-0.2875149460831326,-0.18173317640755465,1.2312369555574429e-08,8.43571426481079e-09,8.435714264802395e-09,8.435714300596419e-09,4.855342523715003e-08,59,17,small_world,heterogeneous_cascade,3,704571384
46,True,-0.3767034251871747,-0.47498371283159124,6.701271898381436e-09,4.37544429257609e-09,4.3754442942243814e-09,4.375439322278503e-09,2.7317124747356422e-08,46,17,small_world,heterogeneous_cascade,4,346063822
67,True,-0.25994089026086903,0.10687085505916576,1.0137331944032043e-08,6.624611185764052e-09,6.62461118565939e-09,6.624611182014816e-09,4.096991582592287e-08,67,17,small_world,heterogeneous_cascade,5,167857865
74,True,-0.2385812090390372,0.20835888315178944,7.511173985644603e-09,5.0010663021803935e-09,5.001066302095093e-09,5.0010663023332276e-09,3.4243632419457784e-08,74,17,small_world,heterogeneous_cascade,6,467652452
75,True,-0.2372343339709918,0.3170226030072025,7.635438581141109e-09,5.0852877989123274e-09,5.0852877982924614e-09,5.0852877962070225e-09,3.266622354905551e-08,75,17,small_world,heterogeneous_cascade,7,169714105
83,True,-0.2043964339954948,-0.11343859542243298,1.2433055796647474e-08,8.311197679444717e-09,8.31119767793279e-09,8.311197678574074e-09,4.494322001728128e-08,83,17,small_world,heterogeneous_cascade,8,420708406
58,True,-0.31295057752198596,0.28236854975103215,5.7486934481482625e-09,3.6421815334808318e-09,3.6421815323138123e-09,3.642183148551927e-09,2.2425930349780855e-08,58,17,small_world,heterogeneous_cascade,9,796571729
59,True,-0.2673178096827536,-1.6082254998916587,9.075174196043608e-09,6.335497880734135e-09,6.3354978799873015e-09,6.3354979313655805e-09,3.665038792368078e-08,59,17,small_world,heterogeneous_cascade,10,781417510
66,True,-0.267326731714013,0.11646316934281996,8.044301768869606e-09,5.2546083588045375e-09,5.254608355556416e-09,5.254608385591863e-09,3.2564889929282733e-08,66,17,small_world,heterogeneous_cascade,11,260703781
44,True,-0.40148556973611116,0.5251827400387674,1.147865005437632e-08,8.091389573211514e-09,8.09138955441099e-09,8.091497349677798e-09,5.194662638373464e-08,44,17,small_world,heterogeneous_cascade,12,421927904
75,True,-0.2423057097294284,0.7503083347246583,9.171311196090658e-09,5.9886458740093395e-09,5.988645874123165e-09,5.988645875264389e-09,3.3829494062089834e-08,75,17,small_world,heterogeneous_cascade,13,153531546
59,True,-0.30512427744014736,0.41474590867106836,7.380091243861864e-09,5.060160654125802e-09,5.060160653484344e-09,5.06016064840524e-09,3.002756019109002e-08,59,17,small_world,heterogeneous_cascade,14,755244165
47,True,-0.3734903450455634,-0.09745349723877642,1.2972548432919897e-08,1.2946786313179655e-08,1.0476396878372079e-08,2.1635940184040486e-09,3.088757775107636e-08,47,17,scale_free,independent,0,246352241
28,True,-0.7389407619259473,0.9493603799111622,7.236146804279236e-10,4.610079590389058e-10,4.751726546801878e-10,6.092224938585584e-10,4.853451860893386e-09,28,17,scale_free,independent,1,799526338
42,True,-0.4326214995157779,-0.14548069061536525,6.290761426841138e-09,1.9527834855956106e-09,4.658301915895189e-09,5.483542385356247e-09,1.7654916584076606e-08,42,17,scale_free,independent,2,842070151
44,True,-0.4041168523928256,-0.5268082772057312,6.973457339219584e-09,6.094718476518856e-09,2.3696695046269737e-09,4.296371571275888e-09,1.6968418011505925e-08,44,17,scale_free,independent,3,689085111
84,True,-0.17516623619350583,-2.1136143676716834,5.992036278584664e-08,2.835573988745594e-08,2.0815695516129922e-08,5.8112899133210956e-08,5.860895784244139e-08,84,17,scale_free,independent,4,330201295
39,True,-0.46851023585222773,-0.29646759727431304,4.187696523071762e-09,9.091797684035065e-10,4.1453079267125395e-09,2.1657115303834937e-09,1.2685592659010216e-08,39,17,scale_free,independent,5,952909136
37,True,-0.508206329141992,-0.023550943166791526,3.0496503838918245e-09,1.2332494690427398e-09,1.5217341228431918e-09,2.8875552991151393e-09,1.1740127393081387e-08,37,17,scale_free,independent,6,686049869
42,True,-0.4202723053508224,-0.48206196857015815,7.3790117555067075e-09,3.5027260686185497e-09,7.10696113641524e-09,1.943365199045256e-09,2.0279553218261518e-08,42,17,scale_free,independent,7,645839521
48,True,-0.35538241840604196,-0.864897569501187,9.973894057879204e-09,1.8497934087307482e-09,5.765589175231898e-09,1.0772587324581233e-08,2.339235008380246e-08,48,17,scale_free,independent,8,856409630
28,True,-0.7118514493556795,0.5672180322415528,1.5585709613188434e-09,1.5992689205167965e-09,9.674369112781361e-10,4.15280051940085e-10,7.765838501904694e-09,28,17,scale_free,independent,9,881469200
34,True,-0.5553771245713206,-0.20476939613000614,2.272268424727657e-09,1.2818427581256698e-09,1.337987234686689e-09,1.9414122311880394e-09,8.54160934090596e-09,34,17,scale_free,independent,10,77744666
37,True,-0.505444165017077,-0.07513456041881969,4.316259358459351e-09,3.624622253223969e-09,8.935463447084629e-10,3.779761589100221e-09,1.5327620575845553e-08,37,17,scale_free,independent,11,881547505
37,True,-0.5108756558737998,0.11271796080440853,3.80867304049636e-09,4.962048335581532e-09,5.60534791379294e-10,1.8262556709412199e-09,1.432794430128122e-08,37,17,scale_free,independent,12,765024404
63,True,-0.24683947130092415,-1.7677990600933278,2.5414825388755062e-08,1.1392148409572145e-08,1.807733098200069e-08,2.60976546271085e-08,3.889129136443203e-08,63,17,scale_free,independent,13,206521942
53,True,-0.27359281556763243,-2.648447202028521,2.4331864353270915e-08,2.3082698095684417e-08,7.098420034376328e-09,1.9665446852979738e-08,5.5119227763762834e-08,53,17,scale_free,independent,14,307665466
46,True,-0.3820006585603694,-0.5209384606237203,7.194388755730269e-09,2.984521736792759e-11,5.636106932502635e-10,8.3973026177807e-09,2.0383895053925994e-08,46,17,scale_free,independent,15,752665180
39,True,-0.4585823439793777,0.06421030531602724,7.4017717392580885e-09,5.339358673010803e-09,2.4799785175961076e-09,6.132260407469718e-09,2.2860821402081605e-08,39,17,scale_free,independent,16,452414958
44,True,-0.39474007744453116,-0.8980458185992886,6.243800226348393e-09,7.673525790966427e-10,8.538046771325518e-09,2.1706003048386125e-09,1.7612296861258456e-08,44,17,scale_free,independent,17,688901452
31,True,-0.6337320914158133,0.40204302065041797,1.2894649821388145e-09,4.971820946622648e-10,1.4249654532533478e-09,1.4691750439512177e-10,6.429073164166139e-09,31,17,scale_free,independent,18,650489558
37,True,-0.4947220016827646,-0.14877660730113812,5.1012592467792585e-09,3.6384054440565405e-09,3.638636482763383e-09,3.7406938974449055e-09,1.7188473876567312e-08,37,17,scale_free,independent,19,909796622
50,True,-0.3163691265722604,-1.8996292285130318,1.4611370113210695e-08,7.838138693551199e-09,2.032282369790455e-09,1.607661176891983e-08,2.7639192463478898e-08,50,17,scale_free,independent,20,111536959
41,True,-0.4132193670908747,-0.7498916513242136,9.14173202353762e-09,6.4591858746935604e-09,7.055559456530239e-09,5.244776940212135e-09,2.556882238185782e-08,41,17,scale_free,independent,21,295019208
40,True,-0.4506245134933344,-0.030002578140052014,7.451400297895304e-09,3.0762268375035224e-09,7.67154394685375e-09,2.8278571492575406e-09,2.1200082267969405e-08,40,17,scale_free,independent,22,984879327
42,True,-0.41706993616320676,-0.45269296856767055,1.001801980642089e-08,4.712747015590368e-09,5.832436326891024e-09,8.522552484182116e-09,2.465876596061562e-08,42,17,scale_free,independent,23,568833805
36,True,-0.500101052911789,-0.49188112906992953,3.3132798937604827e-09,1.7980860299830416e-09,2.985165473460471e-09,3.5832306703501382e-09,1.4231603481869277e-08,36,17,scale_free,independent,24,248706995
38,True,-0.48286977918151264,0.03847948489292976,2.246775584000707e-09,1.7614033101521208e-09,7.186426686834556e-10,2.219157608214443e-09,9.814928196720463e-09,38,17,scale_free,independent,25,289834113
42,True,-0.4277282124621398,-0.341831728680992,8.985194333270056e-09,3.8563065886132e-09,7.1076172027963406e-09,7.485506572317186e-09,2.269774003361281e-08,42,17,scale_free,independent,26,339212563
67,True,-0.23614929724430234,-1.4568520179414308,2.78141686844017e-08,3.322615541222874e-09,5.677785254064873e-09,3.554090328094759e-08,3.971840966534723e-08,67,17,scale_free,independent,27,554285585
41,True,-0.3950130717273722,-1.4912209807200374,9.875219861267529e-09,2.963408120344915e-09,1.1713864409717873e-08,1.1370381215401482e-09,2.9115325453475636e-08,41,17,scale_free,independent,28,284542239
38,True,-0.45358630946325684,-0.8862977815935618,5.3804912079623565e-09,2.5890455809943136e-10,5.99011572330567e-09,4.404636097858593e-09,1.8212640535152068e-08,38,17,scale_free,independent,29,621862030
41,True,-0.44258042088381727,-0.1279569181647357,2.9058984778428605e-09,2.0042696854560787e-09,2.0042696854560787e-09,2.0042696872678094e-09,8.254158419809488e-09,41,17,scale_free,cascade,0,445267374
42,True,-0.4366077610641485,-0.011530246607540057,2.9684979794655465e-09,2.24589116766747e-09,2.2458911637975425e-09,2.2458911666173074e-09,9.702289108508854e-09,42,17,scale_free,cascade,1,610335388
35,True,-0.5235572776643587,-0.6009087514145426,1.2153096464659032e-10,8.133974949324682e-11,8.133974873455687e-11,8.13397368942586e-11,1.1426240141088254e-08,35,17,scale_free,cascade,2,155121160
39,True,-0.4766447978455378,0.23879319051963635,7.154595189167473e-09,5.295982265952171e-09,5.295982264968007e-09,5.2959822709891795e-09,2.3419577184349807e-08,39,17,scale_free,cascade,3,623546369
42,True,-0.4473745522898598,0.3240964209165874,3.2480903001222004e-09,2.274107282690182e-09,2.2741072826784315e-09,2.2741072830167265e-09,1.1811542713695342e-08,42,17,scale_free,cascade,4,924741634
65,True,-0.24477769999530483,-1.4263416111932992,1.6842921986041654e-08,1.2644334561958389e-08,1.2644334561958389e-08,1.2644334565759333e-08,3.8388349507477326e-08,65,17,scale_free,cascade,5,327443229
39,True,-0.40480138642325364,-1.4613175592638177,2.6206259372193136e-08,1.9725513943059505e-08,1.972551394965036e-08,1.9725513965394798e-08,6.480637234487881e-08,39,17,scale_free,cascade,6,693540469
35,True,-0.5344822989424244,0.3570825770527101,4.153387937021239e-09,2.7776001868871033e-09,2.777600199639312e-09,2.777600197576598e-09,1.9945398059362847e-08,35,17,scale_free,cascade,7,617404444
35,True,-0.5101372354853876,-0.860521650213609,1.5567439482303101e-09,1.0535568464275236e-09,1.0535568469132199e-09,1.0535569000965786e-09,1.217425028918181e-08,35,17,scale_free,cascade,8,674750356
36,True,-0.5336090130961046,0.608505301090436,2.6011111046364423e-09,1.9151937745062437e-09,1.9151937678521134e-09,1.9151937682774844e-09,1.5478358163599808e-08,36,17,scale_free,cascade,9,559564554
36,True,-0.544060075671439,1.0172569082874596,1.8069069470003203e-09,1.23647946088509e-09,1.2364794558528768e-09,1.2364794517654225e-09,1.0221495111961927e-08,36,17,scale_free,cascade,10,682588122
40,True,-0.4670069553345008,0.031168520724708163,3.2606379424826907e-09,2.122264102229233e-09,2.1222640968952112e-09,2.122264098217622e-09,9.955343490211518e-09,40,17,scale_free,cascade,11,609387376
50,True,-0.3385366787187115,-0.45819469048585676,1.983069777578313e-08,1.3015767194880423e-08,1.3015767194880423e-08,1.3015767194939682e-08,3.947673579411314e-08,50,17,scale_free,cascade,12,74070552
52,True,-0.31449266482815436,-1.2847890798443038,1.4462286966832153e-08,1.1142579939364433e-08,1.1142579939563866e-08,1.114257993950178e-08,3.067015590721262e-08,52,17,scale_free,cascade,13,751283506
37,True,-0.4820218866651363,-0.5746408899413222,1.2165657911110177e-08,9.1930872931013e-09,9.193087288595151e-09,9.193087742152887e-09,3.281756502418581e-08,37,17,scale_free,cascade,14,446838842
46,True,-0.3411245460367713,-1.398542845882253,2.0458089061176024e-08,1.479799408588106e-08,1.479799406928072e-08,1.479223510196456e-08,4.719493663159981e-08,46,17,scale_free,heterogeneous_cascade,0,51450791
36,True,-0.5200453188069427,-0.5270281815300273,6.189437017649903e-10,1.5047403103081378e-10,1.5047403866525056e-10,6.717320262477811e-10,1.1020803022295019e-08,36,17,scale_free,heterogeneous_cascade,1,435179687
38,True,-0.46867973195940876,-0.7851170257912587,4.114142105452015e-09,2.705913755327321e-09,2.705913756599391e-09,2.698073447200601e-09,1.1944109407258678e-08,38,17,scale_free,heterogeneous_cascade,2,86711483
44,True,-0.42015190580038286,1.0747847503771757,8.195760778920516e-09,5.586059614763508e-09,5.586059614556545e-09,5.592620186551202e-09,1.7944745104670585e-08,44,17,scale_free,heterogeneous_cascade,3,996088280
38,True,-0.4774302896174607,-0.4137581581233804,5.73109212578017e-10,8.506240884242295e-12,8.506302841722665e-12,6.979047011401316e-10,1.4032170555356802e-08,38,17,scale_free,heterogeneous_cascade,4,222367927
45,True,-0.33866318346057295,-2.200793534662526,1.669903681912858e-08,1.2797830592129834e-08,1.279783058798062e-08,1.279897748933573e-08,3.742704833762634e-08,45,17,scale_free,heterogeneous_cascade,5,330657816
44,True,-0.36781863321211516,-1.3946585853407396,1.3323063379986033e-08,1.1210440803954343e-08,1.1210440802599748e-08,1.1169714021758172e-08,3.718530139128459e-08,44,17,scale_free,heterogeneous_cascade,6,440962631
39,True,-0.47489681436930015,0.018342728535622674,4.618547475948408e-09,3.199729186749097e-09,3.199729180144262e-09,3.2020310891961302e-09,1.664211288840138e-08,39,17,scale_free,heterogeneous_cascade,7,832506118
42,True,-0.4049127233271016,-0.7866297262832955,7.100476284418369e-09,4.721439327053904e-09,4.721439325487614e-09,4.72021975626793e-09,2.651797400502619e-08,42,17,scale_free,heterogeneous_cascade,8,742906309
46,True,-0.372342467902636,0.12374761243765534,2.5516734331403617e-08,1.8650551216378873e-08,1.8650551242180923e-08,1.8651206810777322e-08,6.005926275732406e-08,46,17,scale_free,heterogeneous_cascade,9,237062076
500,False,-0.016814999860679802,-1.191843589664056,8.905443594585482e-05,3.398582492320433e-05,5.5061373919001834e-05,6.921775306007266e-05,6.941524400758963e-05,500,18,cycle_baseline,independent,0,845434607
500,False,-0.021595602772339337,-1.2339577831270863,8.759484999693305e-06,5.296251134279975e-06,6.622903462409876e-06,2.284692076940415e-06,6.067259564563412e-06,500,18,cycle_baseline,independent,1,829749909
500,False,-0.017334831286673225,-1.5751157678646166,4.6436861266468734e-05,1.4838077464733271e-05,1.1147494111594786e-05,4.531238703721385e-05,3.5876902238112326e-05,500,18,cycle_baseline,independent,2,463859040
500,False,-0.017446706914437976,-1.2786931886519444,6.41139796976941e-05,5.512424391219908e-05,1.243982686833701e-05,3.89359244223507e-05,4.582574485560027e-05,500,18,cycle_baseline,independent,3,545798285
500,False,-0.017631017355744797,-1.8776077491718324,3.0457015268854913e-05,2.632340388438844e-05,8.916771342111481e-06,1.8705725625005027e-05,2.3735112605897574e-05,500,18,cycle_baseline,independent,4,37140020
500,False,-0.017467405589979106,-1.8149438962145128,3.440352145990855e-05,2.2036494984588643e-05,2.5856532109637647e-05,6.449005932171688e-06,2.6826509726996377e-05,500,18,cycle_baseline,independent,5,760421685
500,False,-0.018185555817010774,-1.3562441722474958,4.143647779707013e-05,6.962455293207762e-06,2.3132669304464385e-05,3.6106735461621965e-05,2.929731703253981e-05,500,18,cycle_baseline,independent,6,960922573
500,False,-0.018857230920510313,-2.1278189493732853,1.6916513526774532e-05,1.173306036200714e-05,1.0115165951840601e-05,6.892799763157316e-06,9.783898001117261e-06,500,18,cycle_baseline,independent,7,472555983
500,False,-0.017012164794928744,-1.307367924649071,8.669196528280008e-05,4.284096591803174e-05,4.880500107232185e-05,5.953758351781148e-05,5.5941419360751046e-05,500,18,cycle_baseline,independent,8,540501391
500,False,-0.018149672530426167,-1.6549440890980343,3.150594023549644e-05,1.957919214814769e-05,2.1797126238302843e-05,1.2579097447144588e-05,2.1955058368643834e-05,500,18,cycle_baseline,independent,9,499194225
500,False,-0.01769116590060093,-1.3798070082449303,4.379320652659257e-05,2.8036824139813076e-05,2.8036824139813076e-05,2.8036824139813076e-05,3.6701993586203425e-05,500,18,cycle_baseline,cascade,0,82644837
500,False,-0.017209691321021302,-2.151580385954527,2.5623200250094462e-05,1.6582287386150357e-05,1.6582287386150357e-05,1.6582287386150357e-05,2.1706154384866075e-05,500,18,cycle_baseline,cascade,1,619719389
500,False,-0.019523321302409337,-1.439630925344724,1.8402339103922488e-05,1.1911663432732977e-05,1.1911663432732977e-05,1.1911663432732977e-05,1.3558470638207117e-05,500,18,cycle_baseline,cascade,2,721445684
500,False,-0.020776703941549783,-1.0872375722239331,1.3107947742964701e-05,8.374831191745677e-06,8.374831191745677e-06,8.374831191745677e-06,1.1228392525574817e-05,500,18,cycle_baseline,cascade,3,927970607
500,False,-0.01800122315480825,-0.6573855155080518,7.813074746669286e-05,5.0777989602724004e-05,5.0777989602724004e-05,5.077798960272392e-05,6.815956199656045e-05,500,18,cycle_baseline,cascade,4,929785933
500,False,-0.01938260370633673,-1.0794411113397813,2.524599260486356e-05,1.666897641448949e-05,1.666897641448949e-05,1.666897641448949e-05,2.2848492286505206e-05,500,18,cycle_baseline,cascade,5,491812581
500,False,-0.018890836939608167,-1.4005786595828664,2.5663910681942683e-05,1.6778898546948396e-05,1.6778898546948396e-05,1.6778898546947918e-05,2.0279298083341583e-05,500,18,cycle_baseline,cascade,6,958983669
500,False,-0.017925683533523726,-1.7850113635511062,2.5881264242270268e-05,1.6898892414579805e-05,1.6898892414579805e-05,1.6898892414579805e-05,2.3250330071053462e-05,500,18,cycle_baseline,cascade,7,528657537
500,False,-0.017719242786333477,-2.7367499922761427,1.1809174320107174e-05,7.4928801163364e-06,7.4928801163364e-06,7.4928801163364e-06,9.378487817872935e-06,500,18,cycle_baseline,cascade,8,642044270
500,False,-0.018246456220341094,-2.0492532941530177,1.822602089223712e-05,1.1894710466108989e-05,1.1894710466108989e-05,1.1894710466108989e-05,1.515762444888579e-05,500,18,cycle_baseline,cascade,9,601996963
500,False,-0.01835538850141118,-1.939999510111958,1.7610631117657544e-05,1.1547482510081332e-05,1.1547482510082926e-05,1.154748251008977e-05,1.5727349022140335e-05,500,18,cycle_baseline,heterogeneous_cascade,0,998682054
500,False,-0.017548351749508032,-1.3943479099856395,4.885947064183045e-05,3.115095612360181e-05,3.115095612360167e-05,3.115095612360188e-05,3.8012545902100584e-05,500,18,cycle_baseline,heterogeneous_cascade,1,120004679
500,False,-0.018763615481016748,-2.434362893082747,9.784550219680754e-06,6.422480229420114e-06,6.422480229431401e-06,6.422480229406294e-06,7.730202996555314e-06,500,18,cycle_baseline,heterogeneous_cascade,2,71850335
500,False,-0.018506162691343565,-1.2365338177839111,3.87646244131029e-05,2.5074052361972733e-05,2.507405236197264e-05,2.5074052361972557e-05,2.9002637551475946e-05,500,18,cycle_baseline,heterogeneous_cascade,3,409880763
500,False,-0.017332472975288157,-1.7308637324240286,4.9192138246353465e-05,3.12690368363489e-05,3.126903683634966e-05,3.126903683634786e-05,2.9848658129170393e-05,500,18,cycle_baseline,heterogeneous_cascade,4,515687438
500,False,-0.018279060371640857,-1.3769057863754743,3.559508277537577e-05,2.3440523473584134e-05,2.3440523473583863e-05,2.344052347358488e-05,2.8555999340357218e-05,500,18,cycle_baseline,heterogeneous_cascade,5,514640803
500,False,-0.017210924195540035,-1.789331324075597,3.706144517494857e-05,2.41111012007877e-05,2.411110120078483e-05,2.4111101200767357e-05,3.069001447443292e-05,500,18,cycle_baseline,heterogeneous_cascade,6,921684984
500,False,-0.017933890541693438,-1.5191819912880613,3.837002007805431e-05,2.5165467835003187e-05,2.5165467835012074e-05,2.5165467835016143e-05,2.798221467749887e-05,500,18,cycle_baseline,heterogeneous_cascade,7,334878688
500,False,-0.01696203958922528,-1.715028990168413,5.290737968632768e-05,3.404661917306668e-05,3.404661917307469e-05,3.4046619173072344e-05,3.7768324696795426e-05,500,18,cycle_baseline,heterogeneous_cascade,8,493506580
500,False,-0.017252432929829892,-1.6452859339470411,4.388539786009848e-05,2.827081771394924e-05,2.8270817713947795e-05,2.8270817713946755e-05,3.5318092829468155e-05,500,18,cycle_baseline,heterogeneous_cascade,9,468320534
48,True,-0.37702462164285516,-0.1916499986394011,9.125891681470809e-09,4.280936178434816e-09,4.699477201438187e-09,8.002607186334948e-09,1.8681624308263576e-08,48,18,random_strong,independent,0,968120248
71,True,-0.24687796406942528,0.01837791871906599,1.612342020092903e-08,7.59199894930449e-09,1.402334719307571e-08,8.448885912007447e-09,3.4050507141331236e-08,71,18,random_strong,independent,1,962199988
58,True,-0.30556291786060813,0.4704198818017524,1.3892253852354777e-08,7.3341960683199745e-09,1.1370777805875073e-08,8.533385317457173e-09,4.2162727530927386e-08,58,18,random_strong,independent,2,513121004
37,True,-0.5608004159440063,1.7967272871588722,3.0567191111479295e-09,1.0623012510817776e-09,6.626254896865023e-10,3.469788092184532e-09,1.1289349443979466e-08,37,18,random_strong,independent,3,450576463
78,True,-0.22747543010986393,0.43222433300525825,2.992079832315381e-08,1.2252451187964692e-08,1.9003538943028254e-08,2.7121864171917466e-08,4.715309516487765e-08,78,18,random_strong,independent,4,588968877
131,True,-0.10971751341890176,-2.173116697457575,1.2048213413044875e-07,1.2660501209989113e-07,1.3067611550624996e-08,4.606434473176124e-08,7.274117144302625e-08,131,18,random_strong,independent,5,180884430
70,True,-0.21414564062834537,-2.2876910933455448,2.9731293524172255e-08,8.243028077197181e-10,3.847901349008482e-09,3.773664712944121e-08,3.886545447151473e-08,70,18,random_strong,independent,6,216916122
64,True,-0.2468763077266619,-1.3241008511946466,2.5213015595244705e-08,5.550939098332192e-09,9.818138566817387e-09,3.65708121795467e-08,4.625548243504256e-08,64,18,random_strong,independent,7,144050229
54,True,-0.3387595504541234,0.7172984200206542,9.52325992639261e-09,3.0380910959783986e-09,5.634209623050358e-09,8.549233563823209e-09,3.943027782840568e-08,54,18,random_strong,independent,8,95187538
56,True,-0.3213790527004889,0.2953489116398585,2.1728098270524436e-08,2.207749612007534e-08,1.1182702481107082e-08,1.4882055583003058e-08,4.7412693072377053e-08,56,18,random_strong,independent,9,587067461
72,True,-0.23439070703233708,-0.49968075355889807,2.0828400102368195e-08,9.686502744196076e-09,8.399853880117318e-09,2.278831773227862e-08,3.354984846374463e-08,72,18,random_strong,independent,10,568129
87,True,-0.18547789603842707,-0.48467229472913315,6.614695413229852e-08,4.9547863299252274e-08,6.884673854512316e-08,3.679495827541207e-08,8.284325492839182e-08,87,18,random_strong,independent,11,646172765
73,True,-0.20900311690905762,-1.9848024998545253,2.7569356395524127e-08,3.2886066328972524e-08,2.776693300762655e-08,1.835725169822583e-08,4.4970135040853125e-08,73,18,random_strong,independent,12,431945660
69,True,-0.21948089616077002,-1.8141794237814837,3.814234342302129e-08,2.0997834506389456e-09,3.606129093306415e-08,2.9240742782681774e-08,5.4803434769402587e-08,69,18,random_strong,independent,13,366482717
44,True,-0.4422383696789174,1.1253097098090843,4.536469202754285e-09,2.0525387106392186e-09,2.640722512244267e-09,3.822924808264071e-09,1.854289766593726e-08,44,18,random_strong,independent,14,769242581
116,True,-0.12274803387264951,-2.2921502332172548,9.541723462878318e-08,6.602920767552425e-08,5.566637638553336e-08,9.66841067019766e-08,7.480008009874166e-08,116,18,random_strong,independent,15,538749801
67,True,-0.24816691291588514,-0.3936222831342585,4.0874881025205377e-08,1.145684006663087e-09,1.2294581829380189e-08,5.675942895308298e-08,6.728766311604514e-08,67,18,random_strong,independent,16,733466442
68,True,-0.25974730489056036,0.7533047786488778,2.4355949430447777e-08,6.728671243215784e-09,1.3519368315157704e-08,2.181269872929945e-08,5.934521897070739e-08,68,18,random_strong,independent,17,709474405
108,True,-0.13716288041765634,-1.9059544588568909,7.030158113609489e-08,1.7796307212769863e-08,9.906724155789114e-09,8.46125110650869e-08,6.273120966562897e-08,108,18,random_strong,independent,18,32149087
73,True,-0.21778544326627697,-0.13112063517992836,6.654595718605507e-08,2.364643699885964e-08,8.547993695468365e-08,1.9551247411381956e-08,1.0337281347269634e-07,73,18,random_strong,independent,19,215492311
56,True,-0.30933613530408344,-0.07608866705092321,1.676383122967097e-08,1.500030475616683e-08,5.722421485470744e-09,7.861522226193137e-09,3.5535734664284883e-08,56,18,random_strong,independent,20,569982903
54,True,-0.32261653269346086,-0.495333177348342,1.5272476078723734e-08,1.6721520588182592e-08,1.1881599390357354e-08,7.932969987212311e-09,3.202721710691025e-08,54,18,random_strong,independent,21,975546065
60,True,-0.31024914964159167,0.7160819023335492,6.737721323419389e-09,7.358315825677226e-09,4.184375103296751e-09,1.4127055804091286e-09,2.2720859554454774e-08,60,18,random_strong,independent,22,154283125
100,True,-0.1648889599820562,-0.10350404966391116,3.885180331178988e-08,1.1939868724526212e-08,2.7458433168824303e-08,3.022189474091592e-08,7.649611390360481e-08,100,18,random_strong,independent,23,105558111
46,True,-0.40641827460431257,0.16997632422250047,7.431811399523087e-09,3.882470051400142e-09,1.7076639684802496e-09,8.263759112372264e-09,1.808144513844139e-08,46,18,random_strong,independent,24,941076284
62,True,-0.29049941779469435,0.3348304510697125,9.500387655744944e-09,3.705516640741574e-09,8.039644237290391e-09,5.804383901707044e-09,2.5241906177593644e-08,62,18,random_strong,independent,25,966801963
48,True,-0.3924404218310132,0.356749525217339,1.004505972073738e-08,6.984726394910457e-09,9.510689314870011e-09,5.353634133869524e-09,2.4902236077958804e-08,48,18,random_strong,independent,26,167364999
70,True,-0.2311004490107536,-0.771434977023019,2.980570283101463e-08,1.333308233319057e-08,1.1313304609428778e-08,2.8941069547032962e-08,5.528428557034009e-08,70,18,random_strong,independent,27,626639217
65,True,-0.23506087812653423,-1.961969431762617,2.33176022498741e-08,2.22163898750731e-08,1.4547743436172628e-08,2.3998437467813452e-08,4.101657522734589e-08,65,18,random_strong,independent,28,195227866
81,True,-0.19457572064618833,-1.3875722376566946,3.40388194274805e-08,1.6888415981383922e-08,4.073736919183096e-08,1.5247702520598996e-08,4.278603189480857e-08,81,18,random_strong,independent,29,326238362
68,True,-0.2804390617302936,0.712045661108516,1.888174998817661e-08,1.5740679281769522e-08,1.5740679281769522e-08,1.5740679273908716e-08,4.5251359436439084e-08,68,18,random_strong,cascade,0,395288696
64,True,-0.2641251225834667,0.2519057663813092,3.887927302688395e-08,2.7008481508406268e-08,2.7008481508532546e-08,2.7008481507728973e-08,3.175974004430185e-08,64,18,random_strong,cascade,1,641561325
98,True,-0.15707715157674412,-1.0776000882165258,7.140755843232778e-08,6.172157502501054e-08,6.172157502456136e-08,6.172157502506377e-08,6.951619716439144e-08,98,18,random_strong,cascade,2,308064306
70,True,-0.2100049227551658,-2.279361022322239,4.869925325747252e-08,3.37427384830529e-08,3.37427384830529e-08,3.374273849494514e-08,5.676055531330537e-08,70,18,random_strong,cascade,3,412258596
57,True,-0.32258344574371406,0.7440077815913811,7.808517140099827e-09,6.426823238477688e-09,6.426823238477688e-09,6.426823236904351e-09,3.0115029520469e-08,57,18,random_strong,cascade,4,289583105
65,True,-0.25119572050070355,-0.07734967437233337,5.245726304549221e-08,4.1165071268772347e-08,4.116507126620779e-08,4.116507126962274e-08,9.367809615241183e-08,65,18,random_strong,cascade,5,759643052
43,True,-0.3946331793273523,-0.597509398028069,1.6236892369281507e-08,1.1822310051657523e-08,1.1822310051657523e-08,1.1822310053899709e-08,4.173220009886625e-08,43,18,random_strong,cascade,6,153034915
76,True,-0.23985965854316874,0.7045614000453135,9.961310969223968e-09,7.359229742982045e-09,7.35922974344546e-09,7.3592297431636835e-09,2.7421967758148074e-08,76,18,random_strong,cascade,7,230679125
127,True,-0.1085347708855676,-2.8407186831921085,9.021663128968903e-08,7.423940022257971e-08,7.423940022257971e-08,7.423940022257971e-08,6.688112209807359e-08,127,18,random_strong,cascade,8,249989551
54,True,-0.2962742415358152,-0.9011650120004042,3.490563704396707e-08,2.3576842215441397e-08,2.3576842215441397e-08,2.357684220315717e-08,6.436322402119978e-08,54,18,random_strong,cascade,9,905791852
98,True,-0.1596615153625722,-1.2706110616885764,3.140651349247956e-08,2.2568787769804212e-08,2.2568787769804212e-08,2.2568787769804212e-08,4.161790763418684e-08,98,18,random_strong,cascade,10,944476307
59,True,-0.31188954516281275,0.95354684299116,5.948064186450053e-08,3.984117583393886e-08,3.984117583393886e-08,3.98411758338827e-08,8.98832098538879e-08,59,18,random_strong,cascade,11,500209649
63,True,-0.26318031424360594,0.01739646616923187,4.901995269138342e-08,3.28447082430962e-08,3.28447082430962e-08,3.284470824227694e-08,7.283375602201626e-08,63,18,random_strong,cascade,12,156400330
94,True,-0.1550556909225687,-2.3246444283797545,5.760181418329818e-08,3.991772095140822e-08,3.991772095140822e-08,3.991772095140822e-08,5.495570843126351e-08,94,18,random_strong,cascade,13,756093147
54,True,-0.3228015853804461,-0.4486731089596697,7.832044686718951e-09,9.537604783554798e-09,9.537604783554798e-09,9.537604784546379e-09,2.6776311116213557e-08,54,18,random_strong,cascade,14,492090720
48,True,-0.37393611208917515,-0.11019327993382882,5.314906431793843e-09,3.6845675158734333e-09,3.6845675158734333e-09,3.6845675148273298e-09,2.3229684017962007e-08,48,18,random_strong,cascade,15,849730191
51,True,-0.349853900497601,-0.26029053680418446,1.7996541976202373e-08,1.2453408122986335e-08,1.2453408122986335e-08,1.2453408124949766e-08,3.310154296658464e-08,51,18,random_strong,cascade,16,359994514
60,True,-0.2878440392821445,-0.3708896104005515,1.9268846116039738e-08,1.4179844611172833e-08,1.4179844611172833e-08,1.4179844614022335e-08,3.6057993842069955e-08,60,18,random_strong,cascade,17,998828610
52,True,-0.34571747808936365,-0.27803454508297293,1.2829798260882093e-08,8.512938115649136e-09,8.51293811490679e-09,8.512938114710702e-09,2.7093299887228088e-08,52,18,random_strong,cascade,18,807003372
40,True,-0.4427670967249526,-0.818201492608641,5.26194246237392e-09,3.67155890257914e-09,3.67155890257914e-09,3.6715588581770453e-09,1.7359123198574847e-08,40,18,random_strong,cascade,19,223945665
101,True,-0.16037167499314411,-0.7156841239024465,3.0992192603575117e-08,2.2655717194608662e-08,2.2655717194608662e-08,2.2655717194608662e-08,4.9292423049128164e-08,101,18,random_strong,cascade,20,725545773
59,True,-0.29209456705922154,-0.28329441966913077,1.690539435545334e-08,1.1170811811480778e-08,1.1170811811480778e-08,1.1170811815298438e-08,3.0690226483986286e-08,59,18,random_strong,cascade,21,286892413
57,True,-0.3132741807262592,0.23355107262918925,1.3056038734631573e-08,9.318422719006705e-09,9.318422719006705e-09,9.318422722445581e-09,4.027582276645025e-08,57,18,random_strong,cascade,22,349791989
104,True,-0.14937543554181054,-0.9275826367438111,6.037607977088816e-08,4.248734247164064e-08,4.248734247164064e-08,4.248734247164064e-08,8.255000267269066e-08,104,18,random_strong,cascade,23,250433086
66,True,-0.2258249637351478,-2.342201043003333,2.4554210024453735e-08,1.730855240862984e-08,1.730855240862984e-08,1.730855240554135e-08,4.222241781975812e-08,66,18,random_strong,cascade,24,682219658
115,True,-0.1163798252349381,-3.2304974899376697,1.0987403738470815e-07,7.436004596066943e-08,7.436004596066943e-08,7.436004596066943e-08,6.866000719474302e-08,115,18,random_strong,cascade,25,638799135
86,True,-0.20196232426761443,0.5474581004929676,3.457300227564663e-08,2.4702279647511903e-08,2.4702279647511903e-08,2.4702279647511903e-08,7.306200429882408e-08,86,18,random_strong,cascade,26,582444741
53,True,-0.3659359814633459,0.9711478223713474,4.211808350219059e-09,3.7159811909287612e-09,3.7159811960518874e-09,3.7159811940351656e-09,1.7696544606064792e-08,53,18,random_strong,cascade,27,750798945
75,True,-0.2118710079168151,-1.3265388102501365,2.994048570713858e-08,1.9957491432374998e-08,1.9957491432374998e-08,1.9957491429413996e-08,3.895564259254119e-08,75,18,random_strong,cascade,28,993522522
49,True,-0.3914958618111569,1.0511875175442198,9.488963635257457e-09,6.961349210593192e-09,6.96134920631098e-09,6.9613492106391605e-09,2.803898625863191e-08,49,18,random_strong,cascade,29,8820307
86,True,-0.17975039020919156,-1.5104319033617462,4.5307352435972394e-08,3.293785451793122e-08,3.2937854518894534e-08,3.293785451656288e-08,5.0531742206267375e-08,86,18,random_strong,heterogeneous_cascade,0,990278087
67,True,-0.26511725017549537,0.46390795257815604,1.113086391960253e-08,8.74722918163649e-09,8.747229181770528e-09,8.747229182000173e-09,4.361244870820971e-08,67,18,random_strong,heterogeneous_cascade,1,109353472
67,True,-0.25419396789467436,-0.6403279931234014,2.0469333203507964e-08,1.7218372578382613e-08,1.7218372581180296e-08,1.7218372576805983e-08,3.6471103049449544e-08,67,18,random_strong,heterogeneous_cascade,2,526773231
52,True,-0.37865691947905156,1.4908888471638997,1.0251468192326959e-08,7.146883862186211e-09,7.146883858503413e-09,7.146885472529906e-09,2.315850410072e-08,52,18,random_strong,heterogeneous_cascade,3,340889802
60,True,-0.28923122483536734,-0.09510590651619363,1.423380822917697e-08,1.160155737046845e-08,1.1601557370967524e-08,1.1601568945513342e-08,3.065548452945845e-08,60,18,random_strong,heterogeneous_cascade,4,639027210
79,True,-0.22200889397787169,-0.00583063289372171,1.4176331383232583e-08,1.0254067471033116e-08,1.0254067472606922e-08,1.0254067461435424e-08,3.317123294503798e-08,79,18,random_strong,heterogeneous_cascade,5,721736662
83,True,-0.18707645437715373,-1.712502957504171,2.7439680907201e-08,2.166261098637872e-08,2.166261098459978e-08,2.1662610984865846e-08,4.359852416711971e-08,83,18,random_strong,heterogeneous_cascade,6,859970543
53,True,-0.3437055370559796,0.13654771629343096,8.74785942014987e-09,6.441849551831817e-09,6.441849551051431e-09,6.441854208670791e-09,2.0095704025200966e-08,53,18,random_strong,heterogeneous_cascade,7,401979599
87,True,-0.16403112746435,-2.269694269088414,4.0579143455493554e-08,3.4806125550827184e-08,3.480612554889145e-08,3.480612556178699e-08,5.56910556416909e-08,87,18,random_strong,heterogeneous_cascade,8,932933458
100,True,-0.1413619547427133,-2.106124915613878,1.1811423057021253e-07,8.394993470542532e-08,8.394993470372296e-08,8.394993470177261e-08,1.0481503654006718e-07,100,18,random_strong,heterogeneous_cascade,9,322435302
58,True,-0.3075233289346328,0.20546005466330855,1.18477783885492e-08,7.717162095715705e-09,7.717162094683637e-09,7.717162102606866e-09,2.942551538425472e-08,58,18,random_strong,heterogeneous_cascade,10,203860627
67,True,-0.24903721823672603,-0.40378132558511387,2.957554408735887e-08,2.3415811673060796e-08,2.3415811681377674e-08,2.341581167099677e-08,5.143254304582385e-08,67,18,random_strong,heterogeneous_cascade,11,379132089
52,True,-0.331822627286417,-0.4793300916346657,6.762405491863886e-09,4.705185970703277e-09,4.705185969214818e-09,4.705176113677338e-09,2.615869592698128e-08,52,18,random_strong,heterogeneous_cascade,12,528541728
47,True,-0.3882568975077067,0.1267349933707173,1.0187102862744594e-08,7.479876086249274e-09,7.479876085303909e-09,7.479916799855215e-09,2.895056322888374e-08,47,18,random_strong,heterogeneous_cascade,13,668159805
64,True,-0.2419464961097702,-1.10415931068672,4.200821967982514e-08,3.2444988755072353e-08,3.244498875385627e-08,3.244499145711992e-08,8.015328401840646e-08,64,18,random_strong,heterogeneous_cascade,14,832837054
48,True,-0.37501884784657347,-0.21555661168172918,5.073047972262517e-09,4.068290078394317e-09,4.068290079379479e-09,4.068217312323322e-09,1.683990619098704e-08,48,18,random_strong,heterogeneous_cascade,15,224857123
84,True,-0.1967924470519528,-0.5037102452610028,3.483542292766746e-08,2.4395259211641255e-08,2.4395259210031846e-08,2.439525920944835e-08,4.7919474073387946e-08,84,18,random_strong,heterogeneous_cascade,16,303202076
47,True,-0.3530321132710658,-1.2626816616107879,1.7326579954927116e-08,1.338839065182272e-08,1.3388390657387932e-08,1.3388843045128145e-08,4.374800175235393e-08,47,18,random_strong,heterogeneous_cascade,17,938679252
68,True,-0.25654351601316255,-0.19193567926025237,9.911836390424311e-09,7.502410547502643e-09,7.502410547346918e-09,7.502410598172924e-09,2.8167087696991617e-08,68,18,random_strong,heterogeneous_cascade,18,439809042
75,True,-0.22426985466651345,-0.44509070116318206,2.3702606235450735e-08,1.7616021160498718e-08,1.7616021161184342e-08,1.761602116084895e-08,3.4707741318638696e-08,75,18,random_strong,heterogeneous_cascade,19,241570867
70,True,-0.25075585468041184,0.11759796235807077,1.1731935151101173e-08,8.054020239450964e-09,8.054020238303153e-09,8.054020238879067e-09,2.1859507032298574e-08,70,18,random_strong,heterogeneous_cascade,20,985621101
77,True,-0.19319499502086648,-1.455961067783184,6.446692605224621e-08,4.378753788449869e-08,4.378753787710532e-08,4.378753170536074e-08,9.07421596096042e-08,77,18,random_strong,heterogeneous_cascade,21,448971342
63,True,-0.2620663602394435,-0.8020419862691507,2.3272231361524017e-08,1.6530430202520646e-08,1.6530430202659394e-08,1.6530429333133983e-08,4.101179876139696e-08,63,18,random_strong,heterogeneous_cascade,22,985046696
56,True,-0.30197293547790083,-1.1445791490483883,1.687070891064276e-08,1.2018029695354167e-08,1.2018029692776088e-08,1.2017849826887664e-08,3.05146608084372e-08,56,18,random_strong,heterogeneous_cascade,23,919315884
65,True,-0.22659136630457385,-1.5775434905890404,4.959756901818151e-08,3.720198166826515e-08,3.720198167068693e-08,3.720198172049657e-08,7.834645884406856e-08,65,18,random_strong,heterogeneous_cascade,24,906106810
126,True,-0.11405173070967356,-1.629282345637775,1.6167807575760899e-07,1.239483314305948e-07,1.2394833144573367e-07,1.239483314341192e-07,1.2676081091016248e-07,126,18,random_strong,heterogeneous_cascade,25,581838530
123,True,-0.12618707991925313,-1.5244965145125045,3.631110411973393e-08,2.4586706895905467e-08,2.4586706898791398e-08,2.4586706891679028e-08,5.369260123446829e-08,123,18,random_strong,heterogeneous_cascade,26,798448344
50,True,-0.3762888719942732,0.27644074532253576,5.645173798485426e-09,5.3051212640652476e-09,5.305121263210466e-09,5.305043668271748e-09,2.4972319315787388e-08,50,18,random_strong,heterogeneous_cascade,27,960555315
81,True,-0.17105604977978517,-3.113646774632752,5.7127770030952106e-08,3.6654972709343034e-08,3.665497271253692e-08,3.6654972707290356e-08,5.0418676525268397e-08,81,18,random_strong,heterogeneous_cascade,28,269130500
81,True,-0.18149705397496518,-1.656784698055332,8.3735674528965e-08,5.314616768353614e-08,5.314616768003916e-08,5.3146167683321664e-08,9.522442012580347e-08,81,18,random_strong,heterogeneous_cascade,29,37748082
83,True,-0.20946212901512973,0.315186524734173,1.3995912021366851e-08,7.106141388433239e-09,7.654035076639873e-09,9.555955143757568e-09,4.757430919388298e-08,83,18,small_world,independent,0,636898413
93,True,-0.18149748847089225,-0.1659646718775291,1.5189993602929245e-08,6.762602847081692e-09,1.0502661106008391e-08,9.763124667732256e-09,4.7407993270391576e-08,93,18,small_world,independent,1,80584663
57,True,-0.3186259099358678,0.23779115051623576,5.69991112332496e-09,2.605723978605409e-09,3.893443544043069e-09,3.912249358884452e-09,2.3271538894368857e-08,57,18,small_world,independent,2,560777374
80,True,-0.21267882164118285,-0.327933068707718,1.0147921009731182e-08,1.2251872847269371e-09,7.173148283626626e-09,8.31243215145728e-09,3.7609225970965976e-08,80,18,small_world,independent,3,174398585
61,True,-0.2856801409261659,-0.0318122271117591,8.927733716370654e-09,5.6705413629737466e-09,4.109574274634619e-09,7.29190419402046e-09,3.381523590771454e-08,61,18,small_world,independent,4,505502819
76,True,-0.22807515560747785,0.04519895111938027,1.2180443836809828e-08,4.773493009863507e-09,1.1247592705474288e-08,4.186562807866717e-09,3.935317963615057e-08,76,18,small_world,independent,5,575700453
97,True,-0.17291754623181188,0.022897444559452182,1.908428453977177e-08,6.4139949084228745e-09,1.7576011917109867e-08,6.9303959885066335e-09,6.480113060875547e-08,97,18,small_world,independent,6,636670279
67,True,-0.2516132958695866,0.11004722323271525,1.8203953015908318e-08,4.605348147861568e-09,1.4247630526103454e-08,1.2289298757325103e-08,6.81502869322707e-08,67,18,small_world,independent,7,412554811
56,True,-0.3188210398299924,0.23561081925553895,7.2759899448049346e-09,5.606208105988741e-09,5.337599002094373e-09,1.9693118352003453e-09,3.149255241322065e-08,56,18,small_world,independent,8,408323022
57,True,-0.30372740530473885,-0.21804987490417171,8.14264083200148e-09,2.9409458048451705e-09,7.734491232414655e-09,2.3805029906790136e-09,3.676710484049383e-08,57,18,small_world,independent,9,678573278
45,True,-0.4114199237213205,0.15332312574817536,3.874864040752244e-09,1.52397149615675e-09,3.384037837316775e-09,2.361558099448728e-09,1.4300573215404672e-08,45,18,small_world,independent,10,749174157
65,True,-0.2731532816861566,0.1818137862060829,7.906539397646964e-09,1.8028658204702267e-09,5.330778307917872e-09,6.7074806452280714e-09,3.1087293958479795e-08,65,18,small_world,independent,11,807740771
78,True,-0.2223487058387585,0.04233942695482457,9.361945408992934e-09,3.17733660818854e-10,3.2081073463684964e-09,9.97017170451859e-09,3.905856208647301e-08,78,18,small_world,independent,12,333549926
76,True,-0.21961088690467642,-0.003636785328913069,2.1849468202873307e-08,1.8581814506910283e-08,6.187727230061215e-09,1.0507794753194539e-08,6.987049581806449e-08,76,18,small_world,independent,13,424076268
74,True,-0.22811327434399695,-0.07026919557135436,1.4259966746416412e-08,1.3564609228668367e-08,4.148746342528852e-09,5.231462098457253e-09,5.382487498082791e-08,74,18,small_world,independent,14,330676996
62,True,-0.29177234634870763,0.3396648579951843,7.491060700258205e-09,4.693459119745072e-09,1.958607009472972e-09,5.830200293005656e-09,2.58733777063856e-08,62,18,small_world,independent,15,527543905
57,True,-0.312511636887857,0.17046184558907196,7.137047459882672e-09,1.6663338239566845e-09,7.455769652495808e-09,2.1696665869536654e-09,3.0571786195088174e-08,57,18,small_world,independent,16,127225961
86,True,-0.20332734714800602,0.29658982287568975,1.3040155477674377e-08,7.983976802618716e-09,6.657939000367827e-09,8.280681767575059e-09,4.214863143869763e-08,86,18,small_world,independent,17,430091417
80,True,-0.21843056696978802,0.22221870510442626,1.0928277764926865e-08,5.966888921521465e-09,7.492952271456936e-09,6.344568871484064e-09,3.9492473715129796e-08,80,18,small_world,independent,18,188712209
64,True,-0.27255466441587844,-0.07875809330531429,8.317639124813127e-09,4.938926864681153e-09,7.49243518451075e-09,1.722095062252032e-09,3.149786905491533e-08,64,18,small_world,independent,19,532407145
60,True,-0.2907993481447985,-0.2606655720593522,6.285350700950947e-09,4.2867910176675325e-09,4.286791017716623e-09,4.286791016649714e-09,2.6884166239751403e-08,60,18,small_world,cascade,0,850520878
92,True,-0.16670116812403044,-1.1862386937845433,2.1515009376923697e-08,1.392584779238184e-08,1.392584779238184e-08,1.392584779238184e-08,8.11455048298108e-08,92,18,small_world,cascade,1,985395541
95,True,-0.182832843075818,0.2770782516287625,1.1635667850294676e-08,7.72543879027151e-09,7.72543879027151e-09,7.72543879027151e-09,4.56056273234131e-08,95,18,small_world,cascade,2,446282338
70,True,-0.24194127024590537,-0.531671652220726,8.636674399527947e-09,5.524905224906201e-09,5.524905224906201e-09,5.524905219953678e-09,3.503148322807883e-08,70,18,small_world,cascade,3,56329959
73,True,-0.21782727664568985,-0.605388681778346,1.936746030311122e-08,1.2899496759249528e-08,1.2899496759249528e-08,1.2899496764751083e-08,8.59708435434499e-08,73,18,small_world,cascade,4,227867786
88,True,-0.19578501201621662,0.2990813545369753,1.6153200334375163e-08,1.06510165765435e-08,1.06510165765435e-08,1.06510165765435e-08,5.209657711784356e-08,88,18,small_world,cascade,5,104818822
55,True,-0.3139579535462033,-0.4834659282992988,6.035683573360013e-09,4.424958157656427e-09,4.424958157248064e-09,4.424958158001121e-09,2.801071077515159e-08,55,18,small_world,cascade,6,759341099
58,True,-0.3060725114244301,0.18848511496544232,7.65317204014439e-09,5.123113283626119e-09,5.123113283626119e-09,5.1231132845427194e-09,3.1752614901336675e-08,58,18,small_world,cascade,7,984672779
103,True,-0.15801772120296634,-0.6919724145538949,1.3746712403569873e-08,8.943176226741116e-09,8.943176226741116e-09,8.943176226741116e-09,5.00129729884524e-08,103,18,small_world,cascade,8,553981125
58,True,-0.28994646723315787,-0.1352995174715203,1.3791589773170038e-08,9.000716781270626e-09,9.000716781270626e-09,9.000716763763682e-09,6.167932714518571e-08,58,18,small_world,cascade,9,176848282
68,True,-0.24709083237828072,-0.1961259370105286,1.1572296093049687e-08,7.782488142847115e-09,7.782488142758125e-09,7.78248814336969e-09,5.625383572017537e-08,68,18,small_world,cascade,10,21156011
52,True,-0.35538657453195455,0.39804441204116964,3.867133561756538e-09,2.63999189531736e-09,2.63999189531736e-09,2.639991896282736e-09,2.190829425378885e-08,52,18,small_world,cascade,11,976091166
63,True,-0.25709080597414097,-1.0790979599606827,1.281812938377802e-08,8.208283185102377e-09,8.208283185102377e-09,8.208283180932002e-09,3.820055128506968e-08,63,18,small_world,cascade,12,316361457
56,True,-0.3286760254310821,0.37677562971986356,4.7574024416180946e-09,3.058847773176075e-09,3.058847773176075e-09,3.058847774231435e-09,2.124422775833736e-08,56,18,small_world,cascade,13,177001411
90,True,-0.18402441873922265,-0.4497536683207544,1.402558406458121e-08,8.787982833485888e-09,8.787982833485888e-09,8.787982833485888e-09,4.85685097947708e-08,90,18,small_world,cascade,14,255254874
71,True,-0.2339989669793732,-0.5703720200812974,1.2308415993805372e-08,7.981510633738567e-09,7.981510633738567e-09,7.981510629598135e-09,4.3007666881916116e-08,71,18,small_world,cascade,15,655872860
52,True,-0.3425482914574737,-0.29588090948846885,4.621565302463482e-09,3.0885488800040846e-09,3.0885488800040846e-09,3.0885488828927747e-09,2.0062881481666858e-08,52,18,small_world,cascade,16,891783325
53,True,-0.3472911005214768,0.57923908312391,5.663272428146582e-09,3.751324874226281e-09,3.751324875948569e-09,3.751324874543855e-09,2.678016258536561e-08,53,18,small_world,cascade,17,275031040
41,True,-0.4502981813587495,0.015184938965827567,3.1563885010013133e-09,2.353090540273048e-09,2.3530905402276712e-09,2.353090539093112e-09,1.5351068447666142e-08,41,18,small_world,cascade,18,687240979
68,True,-0.24840511380643335,-0.43259074797064556,1.1490079661365947e-08,7.410203441167066e-09,7.410203441167066e-09,7.410203443227197e-09,3.642604129057584e-08,68,18,small_world,cascade,19,10103001
68,True,-0.23425942599232993,-1.4117079597879478,9.427597691234605e-09,6.326761735407899e-09,6.326761735407899e-09,6.326761737363162e-09,3.7181634580887576e-08,68,18,small_world,cascade,20,54934989
81,True,-0.20737250052081166,-0.09259773375690139,1.572555170373976e-08,1.0155503951320933e-08,1.0155503951320933e-08,1.0155503953413415e-08,5.7039353736352564e-08,81,18,small_world,cascade,21,923128439
100,True,-0.16839870300779594,-0.06707681292069778,1.4858306288753298e-08,9.899311334534718e-09,9.899311334534718e-09,9.899311334534718e-09,5.261495247294474e-08,100,18,small_world,cascade,22,581727297
67,True,-0.25072074419219803,-0.6122414161419033,1.043843251698872e-08,6.814310542907377e-09,6.814310542907377e-09,6.81431054145601e-09,3.529942497600046e-08,67,18,small_world,cascade,23,805169772
64,True,-0.2745923111140303,0.0780470450605033,8.932832685843073e-09,5.873523745368364e-09,5.873523745368364e-09,5.873523745539221e-09,3.262932819776777e-08,64,18,small_world,cascade,24,21723455
92,True,-0.16944132682965593,-1.4098671361053616,1.4004874385139697e-08,9.193223427685821e-09,9.193223427549927e-09,9.193223427690407e-09,4.900418007656144e-08,92,18,small_world,cascade,25,22233270
57,True,-0.3185297435633335,0.44689990104269106,6.906107869456299e-09,4.502234613347153e-09,4.502234617446217e-09,4.5022346069441646e-09,2.7436028927318648e-08,57,18,small_world,cascade,26,848792113
74,True,-0.22947273843123484,-0.370557693665179,9.766044297425353e-09,6.4043046145148675e-09,6.40430461435669e-09,6.404304614334961e-09,3.658680583865046e-08,74,18,small_world,cascade,27,102610739
56,True,-0.3204604966700624,0.19271228545426047,6.419950427861039e-09,4.342499245125182e-09,4.342499245125182e-09,4.342499245864415e-09,2.6109961566738817e-08,56,18,small_world,cascade,28,155397119
49,True,-0.3803834191220353,0.5967416461186263,4.800112441866241e-09,3.246970299839065e-09,3.246970299839065e-09,3.2469702995320214e-09,1.9994238315715603e-08,49,18,small_world,cascade,29,518945071
78,True,-0.21269486004918126,-0.5877462948283071,1.3267077363407553e-08,8.394756658060423e-09,8.394756659848562e-09,8.39475665522806e-09,4.192018925228291e-08,78,18,small_world,heterogeneous_cascade,0,606566335
67,True,-0.25150991384937005,-0.4484077223938141,9.640432777124627e-09,6.341472268500548e-09,6.341472272695605e-09,6.341472257959145e-09,3.920361836143599e-08,67,18,small_world,heterogeneous_cascade,1,444688027
54,True,-0.3369268305576688,0.28890014830764815,5.4626099462255166e-09,3.6117923450148582e-09,3.6117923436177167e-09,3.611793001339525e-09,2.3288723231267605e-08,54,18,small_world,heterogeneous_cascade,2,674871309
100,True,-0.17370051974034753,0.45289741387610216,1.3746329488505952e-08,9.105363326107208e-09,9.105363326439144e-09,9.105363326588094e-09,5.487967682327344e-08,100,18,small_world,heterogeneous_cascade,3,442851521
77,True,-0.2289599523545948,0.2957935743594819,9.49891924441608e-09,6.109948412697936e-09,6.109948411759498e-09,6.109948413306181e-09,3.753712811402432e-08,77,18,small_world,heterogeneous_cascade,4,382653289
46,True,-0.39512532784091287,0.054926855970747555,4.0853752128144764e-09,2.8221753259933736e-09,2.8221753264081923e-09,2.822130935734038e-09,2.0980219444643692e-08,46,18,small_world,heterogeneous_cascade,5,71797142
97,True,-0.17349068141203114,-0.19630750759230498,1.6220127777602225e-08,1.0089484577992862e-08,1.0089484580223545e-08,1.008948457998453e-08,4.683048771486859e-08,97,18,small_world,heterogeneous_cascade,6,451875262
42,True,-0.4394307521729766,0.1970017983450042,4.0423218728018316e-09,2.724706084723566e-09,2.7247060842598554e-09,2.7221939831275207e-09,1.885348287609157e-08,42,18,small_world,heterogeneous_cascade,7,802752250
76,True,-0.22350050213464437,0.1693271073287947,1.567620070745244e-08,9.922114924451862e-09,9.922114915197764e-09,9.922114936056275e-09,6.423502952178311e-08,76,18,small_world,heterogeneous_cascade,8,626758738
80,True,-0.20678336447021664,-0.6104641819718337,1.3085257870438592e-08,8.121207007466008e-09,8.121207002077496e-09,8.121207003043641e-09,4.33782253797365e-08,80,18,small_world,heterogeneous_cascade,9,893052484
59,True,-0.2802487180725409,-0.595004058245027,1.1453043286963136e-08,7.458524277428099e-09,7.458524279677029e-09,7.458524616490089e-09,4.853443199852905e-08,59,18,small_world,heterogeneous_cascade,10,126171388
67,True,-0.26940900047177063,0.5646752194824866,8.992794156009291e-09,6.0000728014800825e-09,6.000072801302207e-09,6.000072841252238e-09,3.168035224992845e-08,67,18,small_world,heterogeneous_cascade,11,11016667
92,True,-0.17314845722304362,-1.0062868596423906,1.5078336701733934e-08,9.948368195184203e-09,9.948368196909116e-09,9.94836820185231e-09,5.2598536377631254e-08,92,18,small_world,heterogeneous_cascade,12,548158945
81,True,-0.20741093092933463,-0.34701662140090517,1.2838550810834637e-08,8.228815702914096e-09,8.228815703726177e-09,8.2288157072322e-09,4.558942285879401e-08,81,18,small_world,heterogeneous_cascade,13,178604175
84,True,-0.19446642868769384,-0.5894899701543059,1.525456836114788e-08,9.858140143926177e-09,9.858140142549105e-09,9.858140149590606e-09,5.5790818727612546e-08,84,18,small_world,heterogeneous_cascade,14,593991337
61,True,-0.24472197009973423,-1.5819938157878497,2.3194424786611002e-08,1.487251423007671e-08,1.4872514215949224e-08,1.4872513902404334e-08,8.624675482925314e-08,61,18,small_world,heterogeneous_cascade,15,903904188
69,True,-0.25144214985945973,0.005400012164835336,1.0323459869515271e-08,6.5375095115834696e-09,6.537509508594016e-09,6.537509512823531e-09,3.670948862724453e-08,69,18,small_world,heterogeneous_cascade,16,337137172
66,True,-0.26006651932245745,-0.2968592182200889,8.26776213577852e-09,5.420073657660517e-09,5.420073657660517e-09,5.420073653172176e-09,3.528153656531721e-08,66,18,small_world,heterogeneous_cascade,17,549493612
70,True,-0.25234866960193636,0.19712344133385176,8.654214962069904e-09,5.786555284496249e-09,5.786555284496249e-09,5.786555276620022e-09,3.4007855681028624e-08,70,18,small_world,heterogeneous_cascade,18,681695717
76,True,-0.2296497766491405,0.1258871531179139,9.787908318987317e-09,6.310331345512281e-09,6.310331345612495e-09,6.310331345802404e-09,3.6421371204388886e-08,76,18,small_world,heterogeneous_cascade,19,150039578
71,True,-0.2520068151471007,0.6066599716298364,1.0260753001134299e-08,6.776175202491915e-09,6.776175202500277e-09,6.776175199824053e-09,3.732996038110807e-08,71,18,small_world,heterogeneous_cascade,20,897375251
62,True,-0.2745553289487138,-0.5444642906994918,7.95379551681588e-09,5.465032630335908e-09,5.465032632525625e-09,5.465032941848181e-09,3.161896263942259e-08,62,18,small_world,heterogeneous_cascade,21,202790452
52,True,-0.3289061440458785,-0.8110603145645633,6.648650629246819e-09,4.598829619638117e-09,4.5988296202890156e-09,4.59882451783506e-09,2.2754109661845765e-08,52,18,small_world,heterogeneous_cascade,22,808274253
59,True,-0.2658783600246926,-1.6871857209005547,9.198109493865995e-09,6.070075201497549e-09,6.070075198675647e-09,6.070075133713808e-09,3.841664340492185e-08,59,18,small_world,heterogeneous_cascade,23,140965050
99,True,-0.16577730281199873,-0.329653714226234,1.8647952567637674e-08,1.1742322270866056e-08,1.1742322275913672e-08,1.1742322265246664e-08,6.494922064928044e-08,99,18,small_world,heterogeneous_cascade,24,724816822
81,True,-0.2150259233009672,0.1521224949060569,1.1218576775118493e-08,7.34081926143679e-09,7.340819261640972e-09,7.3408192625720415e-09,3.898901446433677e-08,81,18,small_world,heterogeneous_cascade,25,196474163
55,True,-0.31390758281191966,-0.4838620987063889,5.964243850019176e-09,4.3164276948377886e-09,4.316427694644655e-09,4.316432181630032e-09,2.7431909841689603e-08,55,18,small_world,heterogeneous_cascade,26,599426808
66,True,-0.2675774653451582,0.21940978094031555,9.622948085773894e-09,6.336424089961172e-09,6.3364240900352786e-09,6.336424086252292e-09,3.0637006101807676e-08,66,18,small_world,heterogeneous_cascade,27,959681725
60,True,-0.2911999784858987,-0.09134748112749283,9.814654767375634e-09,6.234029106326126e-09,6.234029107815759e-09,6.234029112360713e-09,2.8410686693778027e-08,60,18,small_world,heterogeneous_cascade,28,953148379
61,True,-0.2751143598946388,-0.6001522593810821,1.102325981164163e-08,7.00326240050489e-09,7.003262401946139e-09,7.003262470621095e-09,3.404104244865523e-08,61,18,small_world,heterogeneous_cascade,29,871238571
35,True,-0.5332421091737015,0.187290195971545,4.977197870363929e-09,3.068942899910387e-09,3.950786094429079e-09,1.9686657893194207e-09,2.2576433649532765e-08,35,18,scale_free,independent,0,494063603
36,True,-0.5308831997745233,0.6828274547518447,6.779556138839018e-09,4.089085031292176e-09,4.248031242755699e-09,4.426590315618836e-09,2.2830520339999293e-08,36,18,scale_free,independent,1,920958329
35,True,-0.5363630495002895,0.030128001401280784,3.3313302372211456e-09,1.1254390414125526e-09,2.0664574423223117e-09,2.7520991496447782e-09,1.0985822444576429e-08,35,18,scale_free,independent,2,477232909
36,True,-0.5458815037817072,0.8357003951236465,4.47325741439599e-09,4.258513761298238e-09,1.521875204886863e-09,1.9171290065829354e-09,1.8589148707970548e-08,36,18,scale_free,independent,3,771626147
39,True,-0.47356697136107107,0.13626386335829122,5.626060072014693e-09,6.224257656112091e-09,9.593116633738876e-10,9.335278523291836e-10,1.6990649875719025e-08,39,18,scale_free,independent,4,359666293
51,True,-0.3563719703022497,0.14059024465377695,8.525265699027412e-09,6.605641352744793e-09,8.63682781380577e-09,2.984012100967049e-10,2.06807477085384e-08,51,18,scale_free,independent,5,740424141
39,True,-0.4440173917491181,-0.5951117492886108,7.460611347551012e-09,5.034842595989255e-09,4.881555036614967e-09,5.730275207132737e-09,2.3062876140975892e-08,39,18,scale_free,independent,6,224415892
42,True,-0.4159320296198841,-0.35206077390708,8.093839478632723e-09,7.45511795815321e-09,1.0251445213463997e-09,4.769835500400722e-09,1.9748794121692242e-08,42,18,scale_free,independent,7,733795566
59,True,-0.28677423801598007,-0.5946736858868895,1.7453382521319143e-08,1.9415420376575278e-08,4.1735256624195495e-09,9.897358132368096e-09,3.20425603777602e-08,59,18,scale_free,independent,8,45963249
37,True,-0.4890883789454661,-0.41668283999500566,5.203660837875876e-09,1.8138024524690816e-09,3.1107973653779816e-09,4.874740039822513e-09,1.6245843258675724e-08,37,18,scale_free,independent,9,104818857
46,True,-0.3953598293755509,-0.12013185646995608,6.758653613639974e-09,4.739975311865508e-09,5.462847581959641e-09,3.530645615152369e-09,1.701516648194728e-08,46,18,scale_free,independent,10,352212493
42,True,-0.40972995232531456,-0.733720834928797,9.711085271377058e-09,9.571089674891176e-09,2.7691318641660765e-09,5.8544623405471785e-09,2.473529593966113e-08,42,18,scale_free,independent,11,482035700
40,True,-0.45196975292540514,-0.6846140084385713,4.506640642441407e-09,4.560187482405045e-09,5.723744118374363e-10,2.541923168883936e-09,1.2505866851025516e-08,40,18,scale_free,independent,12,711409347
42,True,-0.4396598601382345,0.02356420286478859,4.14000283679983e-09,3.0580201717072415e-09,3.201049087937126e-09,9.996171861248026e-10,1.2449853304112588e-08,42,18,scale_free,independent,13,359052305
43,True,-0.4233507333478452,0.2458531326535378,7.600844703595157e-09,4.100771878664224e-09,2.125487977707909e-09,6.565162610636209e-09,2.1902140485327642e-08,43,18,scale_free,independent,14,18437802
47,True,-0.37602789869244474,-0.20889487841081483,7.40795355930987e-09,4.822948471868754e-09,4.8229484728783364e-09,4.822948472235985e-09,1.6921827059524455e-08,47,18,scale_free,cascade,0,325393736
34,True,-0.5163141885410706,-1.0954017771468194,1.3660975929931531e-09,9.558192779061813e-10,9.55819282216046e-10,9.558192538516723e-10,1.3831540188982962e-08,34,18,scale_free,cascade,1,439178513
37,True,-0.46665438921191216,-1.2476919105301025,4.0234615816409155e-09,2.6871112655985545e-09,2.687111269232553e-09,2.6871112423046174e-09,1.371825371037485e-08,37,18,scale_free,cascade,2,543719924
71,True,-0.22402796752707146,-0.6916386527899187,4.1459441210736436e-08,2.744989589601069e-08,2.744989589601069e-08,2.7449895891092108e-08,7.777884524917509e-08,71,18,scale_free,cascade,3,644009401
46,True,-0.39535124745565625,-0.06905543560343537,5.171999237665033e-09,3.7139751925525205e-09,3.713975191883902e-09,3.713975188491636e-09,1.607969586030688e-08,46,18,scale_free,cascade,4,247663099
43,True,-0.3919645886079265,-1.1650272743272156,8.685653600327583e-09,6.083053216430781e-09,6.083053216161938e-09,6.083053215469085e-09,2.2404552728956466e-08,43,18,scale_free,cascade,5,610404109
45,True,-0.3938621900810863,-0.5196021993958148,5.6191962342418845e-09,4.256737151949788e-09,4.25673715474464e-09,4.2567371569419655e-09,1.7070051495356385e-08,45,18,scale_free,cascade,6,631587515
36,True,-0.5467012726599785,0.5580904478197368,4.978625283760662e-09,3.605483590800278e-09,3.6054835853621235e-09,3.6054841589348385e-09,1.400026089974704e-08,36,18,scale_free,cascade,7,776648435
38,True,-0.4813006793155142,0.6289686215888942,3.744608998467023e-09,2.6257142657677492e-09,2.625714269055011e-09,2.6257142556862605e-09,1.5993440595423254e-08,38,18,scale_free,cascade,8,522049902
38,True,-0.4497813153874133,-1.194584208846639,8.630010391924017e-09,5.705194677212968e-09,5.705194687149254e-09,5.705194568375499e-09,2.2623863608926428e-08,38,18,scale_free,cascade,9,810519715
46,True,-0.35620973433152175,-1.2297600433889717,1.4888479451307189e-08,1.0848640197008539e-08,1.0848640197236353e-08,1.0848640199149822e-08,3.677790749506218e-08,46,18,scale_free,cascade,10,221603757
40,True,-0.4602571717471685,0.10535563862630358,8.686787119171406e-09,6.424482345678088e-09,6.42448234571196e-09,6.424482348674156e-09,2.6176605594439583e-08,40,18,scale_free,cascade,11,711705820
36,True,-0.5212373858168979,0.050869699447235205,2.585447085773443e-09,1.782480762394665e-09,1.782480762636472e-09,1.782480718577666e-09,1.0910718274421195e-08,36,18,scale_free,cascade,12,45844455
49,True,-0.31015291324804234,-2.0796672522737656,1.423399406835392e-08,1.1301450576597141e-08,1.1301450576597141e-08,1.1301450577451058e-08,3.40200875991864e-08,49,18,scale_free,cascade,13,102797696
34,True,-0.5478463416942512,-0.41244914195078664,2.348711845191821e-09,1.5303400620676262e-09,1.530340057530054e-09,1.5303379861107058e-09,1.4140694582717596e-08,34,18,scale_free,cascade,14,864720773
34,True,-0.6159802729845213,1.1072061986400097,7.220273476330978e-10,5.058008351560922e-10,5.05800837039051e-10,5.058008126968793e-10,4.423450199739617e-09,34,18,scale_free,cascade,15,475022443
35,True,-0.5326924623898259,-0.1011172725505301,5.620940069393034e-09,4.058359809447374e-09,4.058359809871796e-09,4.058359387100305e-09,1.8079147335490156e-08,35,18,scale_free,cascade,16,620845759
48,True,-0.3620528501341883,-0.5165840849450993,9.907604184134307e-09,7.166192684642256e-09,7.166192684642256e-09,7.16619268451212e-09,2.375980185972544e-08,48,18,scale_free,cascade,17,603405957
49,True,-0.3145004915983311,-1.7956178985516575,2.8532606182762256e-08,1.853195166772433e-08,1.8531951667309435e-08,1.8531951664458553e-08,5.127906190883115e-08,49,18,scale_free,cascade,18,694861878
43,True,-0.3831731047845635,-1.1037090331753505,4.0441746851912344e-09,2.86870379609109e-09,2.86870379609109e-09,2.868703796815754e-09,1.2485645587766232e-08,43,18,scale_free,cascade,19,245566038
41,True,-0.46651969753860795,0.30926426677342783,3.119183319346454e-09,2.395776961639956e-09,2.3957769579754513e-09,2.3978937461240205e-09,1.071513185385032e-08,41,18,scale_free,heterogeneous_cascade,0,178260988
43,True,-0.37951641623121335,-1.291594223339902,1.5654511921040734e-08,1.025989089145811e-08,1.0259890889733917e-08,1.026486775150826e-08,3.506152772471813e-08,43,18,scale_free,heterogeneous_cascade,1,42551817
34,True,-0.5445944886474061,-0.49217200413898404,6.280988846609245e-10,2.7196725672343667e-10,2.7196739227426164e-10,6.40362788439338e-10,1.1722182502113712e-08,34,18,scale_free,heterogeneous_cascade,2,864767974
39,True,-0.43132739740070236,-1.5382133528274666,6.1853879670678e-09,4.338549228209962e-09,4.338549225022016e-09,4.359885380026375e-09,1.740442732453318e-08,39,18,scale_free,heterogeneous_cascade,3,223590320
41,True,-0.4479380737716548,0.22105949331791033,3.6035086188105624e-09,2.4507966700663135e-09,2.45079667418151e-09,2.4504980884818003e-09,1.2669300729914346e-08,41,18,scale_free,heterogeneous_cascade,4,575169794
33,True,-0.5916598338274291,0.27702339995965736,7.322647591005699e-10,5.316252701545462e-10,5.316323086424505e-10,3.7588481711750026e-10,9.811179074794932e-09,33,18,scale_free,heterogeneous_cascade,5,454894401
51,True,-0.34638969958978755,-0.10549063639314032,9.601268725618272e-09,7.34529187935959e-09,7.345291889410381e-09,7.345393449005711e-09,2.6419101707256476e-08,51,18,scale_free,heterogeneous_cascade,6,162356642
69,True,-0.23725599476621578,-0.8138978029144157,3.4289688944294026e-08,2.2152115909114003e-08,2.2152115906301873e-08,2.2152115918306388e-08,4.3602503879733297e-08,69,18,scale_free,heterogeneous_cascade,7,83201959
40,True,-0.4331115550649315,-0.3973600409008659,6.676232897929022e-09,4.235503658627056e-09,4.2355036543908075e-09,4.239452597094583e-09,2.0934300173601527e-08,40,18,scale_free,heterogeneous_cascade,8,176666981
40,True,-0.4377010244440072,-0.76760364066004,9.298035598467348e-09,6.259827674202924e-09,6.2598276783197665e-09,6.262939561026887e-09,2.486516795161288e-08,40,18,scale_free,heterogeneous_cascade,9,139693954
58,True,-0.30005851475807777,-0.4125797193618391,1.3706271088104331e-08,9.804693544225872e-09,9.804693536603335e-09,9.80469349850372e-09,3.068435925892006e-08,58,18,scale_free,heterogeneous_cascade,10,824415542
42,True,-0.43900355321095547,0.551111099905292,8.880947504447082e-09,6.016389303169393e-09,6.0163893059400046e-09,6.026097742402572e-09,2.5478471384094316e-08,42,18,scale_free,heterogeneous_cascade,11,567417943
36,True,-0.5436926028707927,1.2700118459543746,4.619145106590863e-09,2.942255653240448e-09,2.9422556191845137e-09,3.080050523913432e-09,1.8521181122183086e-08,36,18,scale_free,heterogeneous_cascade,12,925686668
50,True,-0.26859417870892166,-4.013887442371631,3.468935499946237e-08,2.4399375263102078e-08,2.439937525877626e-08,2.439934597049528e-08,5.3859270096237785e-08,50,18,scale_free,heterogeneous_cascade,13,435985602
38,True,-0.4764481943365188,-0.715126934990951,3.188093764787334e-09,2.0227405712036812e-09,2.022740581817348e-09,2.1022889668678926e-09,1.0617035338456444e-08,38,18,scale_free,heterogeneous_cascade,14,201348318
42,True,-0.4297786195035266,-0.24613765387009015,6.512956771946491e-09,4.6841591538818794e-09,4.684159158276149e-09,4.7912503992641104e-09,2.0725330118137973e-08,42,18,scale_free,heterogeneous_cascade,15,608586335
46,True,-0.3695018420807497,-0.8946874336018513,1.0741095973941072e-08,7.493474199125828e-09,7.493474195953676e-09,7.49344105084852e-09,2.460289557288483e-08,46,18,scale_free,heterogeneous_cascade,16,929572915
42,True,-0.4203284197692247,-0.5257715514874266,6.942749956099453e-09,4.760489945866935e-09,4.760489941934524e-09,4.760387047081351e-09,2.3147875988768148e-08,42,18,scale_free,heterogeneous_cascade,17,532592842
45,True,-0.3774457515467512,-0.4648791899806702,1.3985251937969906e-08,1.006335280935882e-08,1.0063352809705982e-08,1.0061021799626239e-08,3.5957388786908795e-08,45,18,scale_free,heterogeneous_cascade,18,303623468
43,True,-0.3988103237980068,-0.3701536319849174,6.731885372249817e-09,4.314945784999793e-09,4.314945785568473e-09,4.317635622169244e-09,1.3043525915783483e-08,43,18,scale_free,heterogeneous_cascade,19,924962472
500,False,-0.015333152051186143,-1.2705708548251142,0.0001852212589087807,5.9374335879398314e-05,0.00012632408543321915,0.00012227386337653295,0.00013325509718921795,500,19,cycle_baseline,independent,0,951928789
500,False,-0.014563257898615954,-1.3973342579046166,0.00023042711701282332,0.0001973112762035014,9.52168355364312e-05,8.303706616368137e-05,0.00017225727253833718,500,19,cycle_baseline,independent,1,509270907
500,False,-0.01672478788991253,-1.6455940057902425,6.31098317766897e-05,1.538808702110929e-05,5.978274671712018e-05,2.2981767572545843e-05,4.5367339196958405e-05,500,19,cycle_baseline,independent,2,12051862
500,False,-0.019333963157844185,-1.5929510887953466,1.778903624398172e-05,7.89580555018997e-06,7.042027441568315e-06,1.4622532544741862e-05,1.3278562384140586e-05,500,19,cycle_baseline,independent,3,873051549
500,False,-0.017114741617841118,-1.4694458582641428,6.105209726273164e-05,1.8543016645074562e-05,4.082123371354208e-05,4.789659687976797e-05,4.509098748335188e-05,500,19,cycle_baseline,independent,4,763019296
500,False,-0.017002744835994354,-1.6652661668615025,6.369795575511284e-05,5.466430661211593e-05,1.9323491491277508e-05,2.8789030252443937e-05,3.802280655470142e-05,500,19,cycle_baseline,independent,5,970201572
500,False,-0.016095742587835242,-1.5188981554765228,0.0001140861607478202,4.002658513153558e-05,9.716826475104578e-05,5.380358027037545e-05,7.022635145410624e-05,500,19,cycle_baseline,independent,6,196194089
500,False,-0.01477460771305407,-1.1957887010164594,0.00030968046440715835,0.00024343451464494255,0.0002140951682265474,7.072271431665572e-06,0.0001887765448847996,500,19,cycle_baseline,independent,7,905902218
500,False,-0.01635488659744591,-1.1797351135900882,0.0001305360267479439,9.822963089295345e-05,6.976931692410927e-05,5.54586489048134e-05,8.83439335999905e-05,500,19,cycle_baseline,independent,8,232623530
500,False,-0.015680649876172018,-2.506219433924535,4.012767879870358e-05,3.153235348354223e-05,2.5260403873159033e-05,1.1878876387844574e-05,3.2050404883854525e-05,500,19,cycle_baseline,independent,9,970710161
500,False,-0.017460324859375615,-1.1885196814528871,6.007087326271884e-05,3.922983573399457e-05,3.922983573399457e-05,3.922983573399457e-05,5.169628736151332e-05,500,19,cycle_baseline,cascade,0,191430946
500,False,-0.017622068237393325,-1.5165301916556906,4.643610233517109e-05,3.02231670267482e-05,3.022316702674777e-05,3.022316702674777e-05,3.403858642294098e-05,500,19,cycle_baseline,cascade,1,550323505
500,False,-0.01671391588258744,-2.3080064384174026,3.097022102160123e-05,1.984281957373534e-05,1.984281957373534e-05,1.9842819573736223e-05,2.4575262585933128e-05,500,19,cycle_baseline,cascade,2,789344081
500,False,-0.01705239629400757,-2.189165635671957,3.1857216721984105e-05,2.058227532748387e-05,2.058227532748387e-05,2.058227532748387e-05,2.3209738988253743e-05,500,19,cycle_baseline,cascade,3,78156139
500,False,-0.01636421267845175,-2.18128548506117,4.2481814634281156e-05,2.668653481317177e-05,2.668653481317177e-05,2.668653481317177e-05,3.10354587835617e-05,500,19,cycle_baseline,cascade,4,66705345
500,False,-0.016540644875609467,-1.669662129223506,6.495143520992464e-05,4.163875882474804e-05,4.163875882474804e-05,4.163875882474804e-05,4.8465146582199386e-05,500,19,cycle_baseline,cascade,5,849789197
500,False,-0.014908254342000618,-1.9173241163849546,0.00010573968551443855,6.713801774067643e-05,6.713801774067643e-05,6.713801774067643e-05,8.545355086454193e-05,500,19,cycle_baseline,cascade,6,60426733
500,False,-0.01463082259673484,-2.119403939405581,0.0001016076301539096,6.55100952956815e-05,6.55100952956815e-05,6.55100952956815e-05,8.227253597475633e-05,500,19,cycle_baseline,cascade,7,613828255
500,False,-0.015252214834133465,-2.541138241527921,4.7342829344280413e-05,3.0207316351376997e-05,3.0207316351376997e-05,3.0207316351376997e-05,3.864054947084823e-05,500,19,cycle_baseline,cascade,8,938220023
500,False,-0.016736421637395478,-2.1402941240190048,3.6119313853610884e-05,2.39628866712423e-05,2.39628866712423e-05,2.39628866712423e-05,2.799220530968321e-05,500,19,cycle_baseline,cascade,9,614736743
500,False,-0.017353343878382745,-2.1386703385985877,2.4915767388893866e-05,1.6592084887240096e-05,1.6592084887240107e-05,1.6592084887240693e-05,2.2144135456364577e-05,500,19,cycle_baseline,heterogeneous_cascade,0,481000641
500,False,-0.016880930858490607,-1.837906923722352,5.0939715392745316e-05,3.310785194668858e-05,3.3107851946692135e-05,3.310785194668241e-05,3.514354474171639e-05,500,19,cycle_baseline,heterogeneous_cascade,1,417253609
500,False,-0.015715935772354882,-1.3750170551965806,0.0001320575901340524,8.483924821285143e-05,8.483924821285183e-05,8.483924821287006e-05,9.86534507214864e-05,500,19,cycle_baseline,heterogeneous_cascade,2,638163604
500,False,-0.015681400477833986,-1.9721407977828123,7.936340601659795e-05,5.055961259825008e-05,5.0559612598251336e-05,5.0559612598250245e-05,5.3375289183331276e-05,500,19,cycle_baseline,heterogeneous_cascade,3,571841976
500,False,-0.0163024912730445,-1.1374280433026918,0.00012732559143474134,8.196108526556505e-05,8.196108526556434e-05,8.196108526556483e-05,9.431562626880162e-05,500,19,cycle_baseline,heterogeneous_cascade,4,501767004
500,False,-0.01585868031498628,-0.915239146796679,0.0001965204918039649,0.00012349244466550418,0.0001234924446655034,0.00012349244466550456,0.0001439400198155789,500,19,cycle_baseline,heterogeneous_cascade,5,153579778
500,False,-0.01552797247673888,-1.8319338974599118,8.44805835225544e-05,5.480449912263568e-05,5.4804499122638415e-05,5.4804499122632106e-05,7.01034208993223e-05,500,19,cycle_baseline,heterogeneous_cascade,6,662667246
500,False,-0.01662671011477963,-2.5374973082128847,2.7164320704880146e-05,1.755747470340558e-05,1.755747470340573e-05,1.755747470340664e-05,2.001976255309913e-05,500,19,cycle_baseline,heterogeneous_cascade,7,739770026
500,False,-0.01617319885808281,-1.6428246595227063,7.596249293462392e-05,4.873665557312701e-05,4.873665557311634e-05,4.87366555731279e-05,6.130998018798997e-05,500,19,cycle_baseline,heterogeneous_cascade,8,708854893
500,False,-0.016546051981814552,-1.2236925697907233,0.0001042222695127343,6.743785157538752e-05,6.743785157538668e-05,6.743785157538467e-05,7.3198638450443e-05,500,19,cycle_baseline,heterogeneous_cascade,9,75017307
57,True,-0.3117306592981745,0.03698197654652598,1.1423150254369732e-08,8.946110328699774e-09,5.687794476542121e-09,7.82155070686597e-09,2.8902201640833024e-08,57,19,random_strong,independent,0,702881593
111,True,-0.1363449507416851,-1.058835691775937,1.3189595919434114e-07,4.4004577455174664e-08,7.924790532640858e-08,1.4051512879753644e-07,1.0646316188772927e-07,111,19,random_strong,independent,1,729780766
117,True,-0.11528865597645609,-3.1358092015467705,9.797253491311944e-08,5.042270479274454e-08,7.392278867178299e-08,6.73897933451992e-08,6.758147254868094e-08,117,19,random_strong,independent,2,183414809
55,True,-0.31545926913220595,-0.2288595119131154,1.4553058565645714e-08,9.014637087728542e-09,2.3220578663670173e-09,1.627681251493215e-08,3.4437083720758965e-08,55,19,random_strong,independent,3,848978422
130,True,-0.11258984037628225,-1.9608778182508377,7.832605724928936e-08,5.800820439152087e-08,1.0256396620664923e-07,6.097814324564651e-08,6.929502495102797e-08,130,19,random_strong,independent,4,523845818
83,True,-0.20802566081485283,0.23525548928398485,1.970063565650234e-08,1.1806874013162289e-08,1.6511037171951414e-08,6.5400698549125836e-09,5.110666039742332e-08,83,19,random_strong,independent,5,472468677
46,True,-0.40088027462003917,0.9661570957774858,8.957870850018128e-09,3.284850353776858e-09,7.3837641041007316e-09,5.344841625392368e-09,4.016436173373855e-08,46,19,random_strong,independent,6,722735707
40,True,-0.5119598098410338,1.3160021982609842,3.159720962783238e-09,2.291388177248282e-09,2.607725199293351e-10,4.098932859001407e-09,1.2678208096369335e-08,40,19,random_strong,independent,7,509830365
54,True,-0.3265657834147799,-0.07168807879743457,1.1624225313149928e-08,1.1165948005010983e-08,6.367871074603513e-09,9.4979130625168e-10,1.9920863670946662e-08,54,19,random_strong,independent,8,544744841
59,True,-0.2773495459287688,-0.9179990544754537,2.1509777175306714e-08,5.621053040581671e-10,2.1839888525431014e-08,1.3466634674945555e-08,4.1455484721392476e-08,59,19,random_strong,independent,9,312214272
53,True,-0.3345163173744243,0.31824517592519314,1.562937860245839e-08,7.3224202184420746e-09,1.4455592255217085e-08,9.251601992326847e-09,4.163114822005975e-08,53,19,random_strong,independent,10,927876538
56,True,-0.3231085625390528,0.24843400445161576,8.574386416410319e-09,2.786413227968052e-09,6.222599480562869e-09,7.164882545716669e-09,2.6218180678787708e-08,56,19,random_strong,independent,11,969458583
50,True,-0.3725833496943837,0.4673234203695265,8.315133245400054e-09,8.943026787127943e-09,2.856656066132853e-09,8.419163861706817e-09,2.9129716272380245e-08,50,19,random_strong,independent,12,130431252
57,True,-0.30672653321641585,-0.27965660310744855,1.0059692103747112e-08,7.163723564371122e-09,7.623105949061727e-09,3.717118560599544e-09,2.74651890678314e-08,57,19,random_strong,independent,13,733124474
127,True,-0.11175207527318787,-1.965807638964903,1.3519546174726516e-07,1.4288576471942012e-07,1.1233134279393196e-07,9.190685103700124e-08,1.0738776861607187e-07,127,19,random_strong,independent,14,23334512
75,True,-0.21230174077644984,-0.8521641811338456,5.8325642497742236e-08,5.287533967308278e-08,3.257885793213357e-08,1.538603392151297e-08,7.410656024763337e-08,75,19,random_strong,independent,15,368988553
64,True,-0.25850595132059195,-0.5538148925437973,2.145616566065845e-08,1.5176498371537698e-08,1.0510983892124885e-08,1.817552936330681e-08,4.694703699978528e-08,64,19,random_strong,independent,16,219579592
101,True,-0.14458558975047814,-2.1146173657500418,7.231111023575598e-08,7.202916193024708e-08,2.5263107108002197e-08,4.6836915716782104e-08,6.345196735450546e-08,101,19,random_strong,independent,17,728220167
58,True,-0.28766739137192276,-0.47025801436195497,2.712715579632615e-08,1.5466693239267386e-08,2.8455467716865932e-08,2.191147887742754e-09,4.768698327583831e-08,58,19,random_strong,independent,18,463922285
75,True,-0.20926857024832415,-1.4610141284502716,3.136198857800616e-08,3.483869241977408e-08,2.505566649801842e-09,2.518005398215773e-08,4.372728343334051e-08,75,19,random_strong,independent,19,593117447
54,True,-0.3403095913093147,0.3885027103950268,9.58603393574702e-09,9.249497997096703e-10,7.080131805735132e-09,1.053799733240776e-08,3.094302259550098e-08,54,19,random_strong,independent,20,942568400
73,True,-0.22459550721878838,-0.8803673094766127,4.5872309618451774e-08,3.4864081363005144e-08,3.9657383314061475e-08,9.955797628648835e-09,6.254966247636365e-08,73,19,random_strong,independent,21,521051434
53,True,-0.32177820160218357,-0.5495580080048479,1.6188841851009442e-08,8.85715266952171e-09,1.6856068533909722e-08,1.8533637572539863e-09,3.28845592357982e-08,53,19,random_strong,independent,22,734146345
81,True,-0.20695683610598095,-0.29980459908417423,3.300557661928605e-08,2.496929071344429e-08,5.1114968361432e-09,2.478150118885827e-08,4.7803612236920414e-08,81,19,random_strong,independent,23,97908239
91,True,-0.18981753608333488,0.4480839652263307,5.018830705928605e-08,3.046355697869122e-08,4.1363885108118116e-08,2.0670592156663177e-08,5.240708515481695e-08,91,19,random_strong,independent,24,215243748
67,True,-0.23120547387509627,-1.6161355922083147,2.123135618094488e-08,1.0682638404541448e-08,1.154877644512785e-12,2.2965970449714312e-08,4.70146045413009e-08,67,19,random_strong,independent,25,946859875
46,True,-0.3872026370129705,0.34802704490023806,1.3833455926088205e-08,1.1598086333390858e-08,8.468774915590597e-09,8.075675160445885e-09,3.916723150065991e-08,46,19,random_strong,independent,26,859561133
79,True,-0.20551017365657487,-0.9346498033404551,3.332429839341367e-08,2.9762431757088684e-09,3.9607067740091044e-08,9.110094250156383e-09,4.263409819131979e-08,79,19,random_strong,independent,27,656676254
70,True,-0.2338829942468474,-0.9608669320838905,2.986637176079289e-08,6.3861855474482815e-09,2.956325528452293e-08,2.1772091153250217e-08,4.1645727737208346e-08,70,19,random_strong,independent,28,378200522
61,True,-0.2495395815048176,-2.340443935129885,2.353921325462591e-08,1.8395250536284194e-08,1.0439285267458068e-08,1.612723268368954e-08,3.301774777417657e-08,61,19,random_strong,independent,29,199803199
54,True,-0.3008896107776182,-0.48662093036714854,4.177191615090231e-08,2.7450956108272216e-08,2.7450956108272216e-08,2.745095608099058e-08,7.891029634813274e-08,54,19,random_strong,cascade,0,851722182
51,True,-0.3488005651705591,0.09481325027341253,1.3649754761700895e-08,9.53668150122698e-09,9.536681500053885e-09,9.536681501002547e-09,2.6881674676999035e-08,51,19,random_strong,cascade,1,785305088
100,True,-0.16201261754345814,-0.2992104855208635,4.7177737707584033e-08,3.316473017812918e-08,3.316473017812918e-08,3.316473017812918e-08,8.532709124026101e-08,100,19,random_strong,cascade,2,241699597
55,True,-0.3199938681485149,0.1626162326907983,1.6346736044114868e-08,1.073982864338222e-08,1.0739828643562849e-08,1.0739828642107142e-08,4.3388232498813956e-08,55,19,random_strong,cascade,3,589831777
66,True,-0.23633770102756413,-1.6622344728280227,1.9633869465212663e-08,1.4590549680775368e-08,1.4590549682189562e-08,1.4590549682831294e-08,3.204108057882671e-08,66,19,random_strong,cascade,4,618660611
52,True,-0.35510810615664645,0.4931694741102621,1.0516924568539648e-08,7.607376225316805e-09,7.607376225316805e-09,7.60737622520551e-09,2.6089828346763164e-08,52,19,random_strong,cascade,5,477463959
91,True,-0.1720746928923526,-1.2248923607043747,4.885666260144569e-08,3.8961156244740334e-08,3.8961156244740334e-08,3.8961156244740334e-08,5.524377889082351e-08,91,19,random_strong,cascade,6,926670487
81,True,-0.2094568151629631,-0.20271711455931798,1.7586443121321166e-08,1.2532752096857762e-08,1.2532752096857762e-08,1.2532752096857762e-08,4.0925172071001484e-08,81,19,random_strong,cascade,7,124100713
44,True,-0.42513695302555715,0.32812597372767865,4.988837391682804e-09,3.420643844219485e-09,3.42064384395045e-09,3.4206438450978223e-09,1.7338393113182858e-08,44,19,random_strong,cascade,8,257894009
59,True,-0.2728802738386095,-1.9198138890938965,2.1637046720413104e-08,1.712129966406948e-08,1.712129966429815e-08,1.7121299666243113e-08,3.7456076691605286e-08,59,19,random_strong,cascade,9,692926590
39,True,-0.44500550832501024,-1.3131438413883039,9.908582767727334e-09,7.558676688877329e-09,7.558676688353143e-09,7.558676962595521e-09,2.7522419972619413e-08,39,19,random_strong,cascade,10,644009702
49,True,-0.3622239802216185,0.08272750256041751,9.077606827490849e-09,6.924365720282844e-09,6.9243657169414386e-09,6.924365728192332e-09,2.807865644040803e-08,49,19,random_strong,cascade,11,987312619
50,True,-0.36080584019904527,0.16128374869637083,1.2228263574659906e-08,8.918745647809713e-09,8.918745647809713e-09,8.918745648779217e-09,3.142918909346902e-08,50,19,random_strong,cascade,12,542314509
84,True,-0.180005562841211,-1.3344852762310082,4.02763383997589e-08,2.5736733864806288e-08,2.5736733864806288e-08,2.5736733864806288e-08,4.6470255656903906e-08,84,19,random_strong,cascade,13,150598287
75,True,-0.1897478025354247,-2.8659663289513118,4.0724987024561866e-08,2.8687252355259033e-08,2.8687252355259033e-08,2.8687252358290445e-08,4.570126836329291e-08,75,19,random_strong,cascade,14,88402290
93,True,-0.17783715254824564,-0.47764039649067924,3.827345981060451e-08,2.833864628950116e-08,2.833864628950116e-08,2.833864628950116e-08,4.864110028861232e-08,93,19,random_strong,cascade,15,670912009
58,True,-0.2918033277355154,-0.8384233326574929,1.1513844695540221e-08,7.563969532393055e-09,7.563969532393055e-09,7.563969532844843e-09,2.167343885965621e-08,58,19,random_strong,cascade,16,674195192
68,True,-0.23198791861305698,-1.4928323543084645,3.1806173140576234e-08,2.3163709701675884e-08,2.3163709701675884e-08,2.3163709701524547e-08,4.444833519140866e-08,68,19,random_strong,cascade,17,857650598
54,True,-0.30554351093710963,-0.7646652393029596,1.2594247605394102e-08,8.853550421378981e-09,8.85355041823918e-09,8.853550425380216e-09,2.0351593937368417e-08,54,19,random_strong,cascade,18,339735947
109,True,-0.1493934106250817,-0.8537175933452261,2.6075322621002047e-08,1.9167705173048866e-08,1.9167705173048866e-08,1.9167705173048866e-08,3.7830725880024475e-08,109,19,random_strong,cascade,19,310121506
65,True,-0.22983681159382624,-1.4736587319886776,6.626815153339588e-08,4.5745960099329964e-08,4.5745960099329964e-08,4.5745960086736735e-08,9.595427726749644e-08,65,19,random_strong,cascade,20,71244477
80,True,-0.2315736808145077,0.7374296962007068,3.983169865876528e-08,2.919044643822878e-08,2.919044643822878e-08,2.9190446437739512e-08,5.629964794657447e-08,80,19,random_strong,cascade,21,415152722
47,True,-0.40166982120311373,0.4539154953973877,3.995001289361301e-09,2.5981655324739343e-09,2.5981655324739343e-09,2.5981655311398678e-09,1.497872488406137e-08,47,19,random_strong,cascade,22,475305617
47,True,-0.342910558216104,-1.2280629800648946,1.8344852429670895e-08,1.338618408488499e-08,1.338618408488499e-08,1.3386184095905326e-08,6.433778513360002e-08,47,19,random_strong,cascade,23,753770679
57,True,-0.3152789449430308,0.2691544489644219,9.18999564121601e-09,6.9001755390462314e-09,6.9001755390462314e-09,6.900175539640923e-09,2.738425197716039e-08,57,19,random_strong,cascade,24,140252598
42,True,-0.44535515507169854,0.3851624837008292,3.164530188345832e-09,2.186860224930249e-09,2.186860224930249e-09,2.186860223529805e-09,1.5887758011024867e-08,42,19,random_strong,cascade,25,285122400
59,True,-0.3091038160359769,0.2501741127020454,1.9820275096108276e-08,1.4166098850121687e-08,1.4166098850121687e-08,1.4166098850407805e-08,3.751418711539397e-08,59,19,random_strong,cascade,26,511471982
51,True,-0.3473597889596913,0.05079192059131553,1.4683176267322013e-08,1.0587962283189225e-08,1.0587962283189225e-08,1.0587962284474397e-08,3.8159438871880015e-08,51,19,random_strong,cascade,27,335046877
44,True,-0.4338353352330553,0.33274015385827843,4.646520458888628e-09,3.4561213827515354e-09,3.45612138233607e-09,3.4561213830837506e-09,1.5434422689118414e-08,44,19,random_strong,cascade,28,25546856
63,True,-0.29210460747234046,0.6589295845949994,8.794222490834763e-09,6.085766652263467e-09,6.085766652263467e-09,6.08576665396442e-09,2.5976238275658737e-08,63,19,random_strong,cascade,29,845699400
62,True,-0.2772568000662785,-0.5089342730611512,1.8343103902472095e-08,1.2405323114741796e-08,1.2405323113860425e-08,1.2405323116453912e-08,2.940968895770644e-08,62,19,random_strong,heterogeneous_cascade,0,731272839
85,True,-0.17304561454664613,-2.2596331688723756,5.1339518779997715e-08,3.5978915357719375e-08,3.5978915351653216e-08,3.597891536232796e-08,5.130985894518881e-08,85,19,random_strong,heterogeneous_cascade,1,520071912
72,True,-0.25071351640225603,0.3670517619033044,1.986408584492784e-08,1.2905338065788391e-08,1.2905338061329138e-08,1.2905338071309086e-08,3.5404321170069946e-08,72,19,random_strong,heterogeneous_cascade,2,317489946
59,True,-0.2984473576642996,0.018048135790696772,1.4641439976912456e-08,1.055534006476923e-08,1.0555340060526961e-08,1.0555339519107688e-08,2.8541496310894923e-08,59,19,random_strong,heterogeneous_cascade,3,842731968
48,True,-0.35193889340276135,-0.6558281000534808,1.6560772937629615e-08,1.159677398920266e-08,1.1596773990346437e-08,1.1596515707296392e-08,2.9004313628263686e-08,48,19,random_strong,heterogeneous_cascade,4,446389492
54,True,-0.3375788823465926,0.7339634579797041,6.983290619578647e-09,4.983559511894262e-09,4.983559512258956e-09,4.983558305327386e-09,3.5584863975205586e-08,54,19,random_strong,heterogeneous_cascade,5,800960761
101,True,-0.15259781687595933,-0.8660404606595282,1.1815187734034325e-07,7.969798040008345e-08,7.969798039163158e-08,7.96979804008694e-08,9.925216808350826e-08,101,19,random_strong,heterogeneous_cascade,6,952975161
265,True,-0.04595862490430046,-4.081759500003876,3.7649194952743294e-07,2.549275717847413e-07,2.5492757178280964e-07,2.549275717862273e-07,9.077899085007841e-08,265,19,random_strong,heterogeneous_cascade,7,251417601
53,True,-0.34923508249543533,0.5186686570981707,6.2493114111195965e-09,4.455691771017988e-09,4.45569176506993e-09,4.455677515508345e-09,2.146648368473387e-08,53,19,random_strong,heterogeneous_cascade,8,650794589
65,True,-0.2587144668067431,-0.7854497132435214,1.877163514138801e-08,1.3774042460168382e-08,1.3774042460720238e-08,1.3774042475176229e-08,3.0464740449877686e-08,65,19,random_strong,heterogeneous_cascade,9,189685050
63,True,-0.2680832243889452,-0.07166927822975078,2.0999230214842832e-08,1.4703537404258195e-08,1.4703537402450195e-08,1.4703537726443444e-08,3.436538490673649e-08,63,19,random_strong,heterogeneous_cascade,10,115898865
49,True,-0.37018832716291833,0.07040290653851414,6.997298912279485e-09,5.253485148893208e-09,5.253485148720669e-09,5.2534694317438185e-09,2.357054518136283e-08,49,19,random_strong,heterogeneous_cascade,11,353022381
48,True,-0.3588850040065126,-0.8177246553612609,9.207103009406252e-09,7.18233924354268e-09,7.1823392425309495e-09,7.180591468947033e-09,2.304991851962282e-08,48,19,random_strong,heterogeneous_cascade,12,885092988
75,True,-0.204976126094698,-1.8067008597489926,3.779674473024314e-08,2.803484514101924e-08,2.8034845138019694e-08,2.803484514245276e-08,4.696640945561181e-08,75,19,random_strong,heterogeneous_cascade,13,689475600
52,True,-0.32602153176198245,-0.9971605381867618,9.648553679798406e-09,7.440509390626062e-09,7.440509390961725e-09,7.4409318567694146e-09,2.265589557497386e-08,52,19,random_strong,heterogeneous_cascade,14,489265190
59,True,-0.27930017834187465,-0.5505095686740034,2.1743516386892546e-08,1.99130741755519e-08,1.991307416266057e-08,1.9913076982113168e-08,5.154086012984075e-08,59,19,random_strong,heterogeneous_cascade,15,282818421
43,True,-0.4353734154219561,0.2880851484644167,4.749759843724925e-09,2.9381546620619755e-09,2.9381546644486777e-09,2.92453282157589e-09,1.4690662865757246e-08,43,19,random_strong,heterogeneous_cascade,16,141638967
57,True,-0.2994465880860129,-0.5398893309132761,3.695229359097808e-08,2.306242988413881e-08,2.3062429889094273e-08,2.3062418628295016e-08,4.8564643142647125e-08,57,19,random_strong,heterogeneous_cascade,17,270764901
41,True,-0.43134770086353225,-0.6592370926086629,4.56903547661193e-09,3.448249057489695e-09,3.448249057594941e-09,3.44400891044713e-09,1.7244932094538513e-08,41,19,random_strong,heterogeneous_cascade,18,152690133
81,True,-0.18718093692548549,-0.8433764674170144,1.1622802743271236e-07,8.067487949864641e-08,8.067487952084897e-08,8.067487850373523e-08,1.357345088399992e-07,81,19,random_strong,heterogeneous_cascade,19,187085715
51,True,-0.36102790977449967,0.36733774330558816,5.392637946483494e-09,3.823652152575577e-09,3.823652155433527e-09,3.821951609464e-09,2.1953766761249134e-08,51,19,random_strong,heterogeneous_cascade,20,132698556
78,True,-0.21232929428924752,-0.6429911624199548,2.2593128868917513e-08,1.8457382709459537e-08,1.8457382709700832e-08,1.845738271127619e-08,3.3798148112837524e-08,78,19,random_strong,heterogeneous_cascade,21,47372506
56,True,-0.3022866420093685,-0.43688240512417964,1.1607226681244188e-08,7.836695304636964e-09,7.836695302137641e-09,7.83669486315234e-09,4.2131852694052235e-08,56,19,random_strong,heterogeneous_cascade,22,286593764
102,True,-0.150988531656156,-0.9569474976891531,1.0751092625189379e-07,7.310561187442626e-08,7.31056118762341e-08,7.310561187132766e-08,9.125095734184781e-08,102,19,random_strong,heterogeneous_cascade,23,454725211
53,True,-0.26163871788319587,-3.5417365529243914,2.2143919909524193e-08,1.6419184447046022e-08,1.6419184447030143e-08,1.6419037157590326e-08,3.7303330193446125e-08,53,19,random_strong,heterogeneous_cascade,24,139787590
172,True,-0.06712247629306262,-4.852238273269307,2.3702696187354382e-07,1.5311094996360813e-07,1.5311094996377434e-07,1.5311094996341223e-07,8.067133460653466e-08,172,19,random_strong,heterogeneous_cascade,25,209977812
69,True,-0.25170859671642104,-0.2894748037628309,1.1567275674874586e-08,8.370837335704616e-09,8.370837334389115e-09,8.370837307962598e-09,3.30200434389507e-08,69,19,random_strong,heterogeneous_cascade,26,441077429
79,True,-0.2226067946059464,0.16978980396288623,1.9269254870668763e-08,1.4233331641469566e-08,1.4233331643561165e-08,1.4233331642563474e-08,3.177228407143023e-08,79,19,random_strong,heterogeneous_cascade,27,690022522
45,True,-0.38136586794207034,-0.3737198154784305,1.2935683071429725e-08,9.009650198102177e-09,9.009650204716106e-09,9.013881561207278e-09,3.0318049410508886e-08,45,19,random_strong,heterogeneous_cascade,28,414353771
79,True,-0.2161035268741457,0.5241229631549155,5.463083228003165e-08,3.687489159443204e-08,3.6874891598930544e-08,3.687489160122197e-08,7.233780518958473e-08,79,19,random_strong,heterogeneous_cascade,29,541716181
58,True,-0.28940126396003224,-0.8443076922257763,8.11292867293956e-09,4.989083460016621e-09,2.96243578603422e-09,6.1297659241229135e-09,2.9947986683247096e-08,58,19,small_world,independent,0,521876434
71,True,-0.24210880128067888,-0.04553263219646096,1.3206451838373485e-08,1.0717177118637186e-08,2.649649554893633e-09,7.899907564597642e-09,4.112558771063248e-08,71,19,small_world,independent,1,268860421
88,True,-0.1921186264172972,-0.0932872345728219,1.4525994559813311e-08,7.531971597636138e-09,1.210734883087983e-08,4.019332090295287e-09,5.028623899335418e-08,88,19,small_world,independent,2,425724030
80,True,-0.20795707016788298,-0.3379128388510202,1.650802296661625e-08,1.3203022968071371e-08,1.0828245619612906e-08,2.6402008604239898e-09,5.1610627989454134e-08,80,19,small_world,independent,3,32043589
97,True,-0.170312524636451,-0.30831752990491595,1.8722330787170965e-08,1.4876581562717595e-08,9.488941617968035e-09,8.763001640638061e-09,5.927392430453899e-08,97,19,small_world,independent,4,685395042
70,True,-0.2443357377663221,-0.30548050176313424,1.1751297768592368e-08,7.24442107710306e-09,6.56161765280863e-09,7.3807216800065655e-09,3.5079822821325295e-08,70,19,small_world,independent,5,614386106
74,True,-0.23035226420754842,-0.026124695884533363,1.4674749831022246e-08,3.6964489387416546e-09,1.1205667387197553e-08,1.0228405456638846e-08,4.6882200652232045e-08,74,19,small_world,independent,6,306132995
53,True,-0.33537871094830907,-0.043787785540375664,6.579858139459341e-09,4.466626053306734e-09,2.18591336007232e-09,5.025242137755291e-09,2.442320554449135e-08,53,19,small_world,independent,7,373718002
65,True,-0.26878968802126385,0.13577006094087762,9.169306300193265e-09,3.255953254058191e-09,9.030638901558895e-09,3.2475545168841946e-09,4.1359651638841545e-08,65,19,small_world,independent,8,328700840
55,True,-0.319982147097093,0.13019083538043083,9.428606137268047e-09,7.236448127446658e-09,6.47558692254019e-09,2.2846799323124937e-09,3.6632370856085035e-08,55,19,small_world,independent,9,651334998
72,True,-0.23462351855382843,-0.09923831673692811,1.579987546662679e-08,1.0545746695257483e-08,1.2123587873116555e-08,1.6667226630921859e-09,5.256200465506818e-08,72,19,small_world,independent,10,759720194
70,True,-0.24411612586324374,-0.015629957617703787,1.3005008873951496e-08,1.2906954363283307e-08,2.2552228235079577e-09,5.298515430861376e-09,4.834329792329569e-08,70,19,small_world,independent,11,108666970
73,True,-0.2407792354080266,0.1914313205918593,1.0870255855846936e-08,7.3003219944451e-09,8.388442002887399e-09,1.266461028050423e-09,3.565655687126343e-08,73,19,small_world,independent,12,413318915
63,True,-0.2784180883451025,-0.1358261748956364,8.530358350100397e-09,5.644679082096119e-09,3.0683593431366783e-09,6.021842327966185e-09,2.79563492914129e-08,63,19,small_world,independent,13,13777355
79,True,-0.2175545883639583,-0.10694260382521104,1.1077120299024704e-08,9.740551826733977e-09,1.5250129806810643e-09,6.908942173214477e-09,3.916640314959095e-08,79,19,small_world,independent,14,452249916
94,True,-0.16374434955874403,-1.4851094348856697,1.759961457031512e-08,1.0934088045809175e-08,1.0934088045809175e-08,1.0934088045809175e-08,5.453460831644948e-08,94,19,small_world,cascade,0,248294247
72,True,-0.2436425728490201,0.04947635235984756,7.768380317339887e-09,5.336453256296134e-09,5.336453256296134e-09,5.3364532544131446e-09,3.539131831207839e-08,72,19,small_world,cascade,1,335803395
74,True,-0.2360849617321155,0.21572551763584552,9.804838894372388e-09,6.6289912512401214e-09,6.6289912512401214e-09,6.62899125302954e-09,4.146209608232163e-08,74,19,small_world,cascade,2,456547322
63,True,-0.26051113404216336,-0.9921868456575946,1.0566197177436531e-08,6.8882826475808095e-09,6.8882826475808095e-09,6.8882826407411814e-09,3.548989900068611e-08,63,19,small_world,cascade,3,323723808
71,True,-0.22079878006084472,-1.3258023602277957,1.5345161199644896e-08,1.045826006632622e-08,1.045826006632622e-08,1.0458260062015175e-08,4.788472838232729e-08,71,19,small_world,cascade,4,394071974
50,True,-0.34668930604318493,-0.07524348013819626,1.0022363556104372e-08,6.752196719335518e-09,6.752196719335518e-09,6.752196703025288e-09,4.054735324580073e-08,50,19,small_world,cascade,5,764770703
70,True,-0.23964681190451131,-0.40241558322711973,1.2267876822754408e-08,8.209834646979932e-09,8.209834646979932e-09,8.209834648365261e-09,4.6951117312165994e-08,70,19,small_world,cascade,6,810302555
65,True,-0.25147031587081375,-0.7070105346182944,1.2426169715837725e-08,7.742030939713253e-09,7.74203093844014e-09,7.742030933560607e-09,5.131773354323547e-08,65,19,small_world,cascade,7,5863213
44,True,-0.399448940140326,-0.015765259916249646,7.1215009202563336e-09,4.912047068127894e-09,4.912047069782661e-09,4.91204706217541e-09,3.629691262134135e-08,44,19,small_world,cascade,8,377837644
59,True,-0.2705340930467923,-1.3198593460603982,1.108353469146981e-08,7.533424285454247e-09,7.533424285454247e-09,7.533424288438149e-09,4.04990122661295e-08,59,19,small_world,cascade,9,846886230
120,True,-0.14206950791387238,0.2149020929481168,1.707220269293194e-08,1.0954150528478399e-08,1.0954150528478399e-08,1.0954150528478399e-08,5.654660044094452e-08,120,19,small_world,cascade,10,530441179
71,True,-0.23922372237882203,-0.03130705624531365,1.3106268423634575e-08,8.596025976812868e-09,8.596025976812868e-09,8.59602597808923e-09,5.16570202132908e-08,71,19,small_world,cascade,11,205280496
75,True,-0.21244962306309997,-0.7444264431175882,1.9297049500691862e-08,1.2613585986981789e-08,1.2613585984670115e-08,1.2613585981750867e-08,6.982474961201762e-08,75,19,small_world,cascade,12,593515592
75,True,-0.229451410905652,-0.16004265671127343,9.748814900747724e-09,6.40428051270056e-09,6.404280511964996e-09,6.404280512252804e-09,3.674052109771203e-08,75,19,small_world,cascade,13,144928906
98,True,-0.169616257697659,-0.3046163109263324,1.597129487065967e-08,1.0193876505285051e-08,1.019387650582902e-08,1.0193876507177427e-08,5.2468201513780286e-08,98,19,small_world,cascade,14,21831391
66,True,-0.27645878140450625,0.5446003562532611,6.809588500185572e-09,4.441790593905674e-09,4.441790593905674e-09,4.441790595968145e-09,2.9113110116241295e-08,66,19,small_world,cascade,15,632425579
68,True,-0.24056069155105278,-1.1109483050215638,8.241959408012936e-09,5.384927248703897e-09,5.384927249431951e-09,5.3849272507651825e-09,3.3689448357593423e-08,68,19,small_world,cascade,16,515133376
96,True,-0.1765229610778421,-0.019966646260946155,1.348100465794555e-08,8.929071252714602e-09,8.929071252714602e-09,8.929071252714602e-09,5.206941268504632e-08,96,19,small_world,cascade,17,756501508
68,True,-0.24599214006674652,-0.08565971815507879,1.6700620355055906e-08,1.067827050031803e-08,1.0678270499875427e-08,1.0678270504292869e-08,6.335616476710573e-08,68,19,small_world,cascade,18,344831259
71,True,-0.22431655854149013,-1.4211248816558641,9.881148963150136e-09,6.3054035905856826e-09,6.3054035905856826e-09,6.305403589578522e-09,3.584486943501048e-08,71,19,small_world,cascade,19,854283202
71,True,-0.24745855783922102,0.08567156495761351,8.37284345175678e-09,5.5016059239327616e-09,5.501605925299659e-09,5.501605923701048e-09,3.5141223207489004e-08,71,19,small_world,cascade,20,421280127
60,True,-0.27539477878226226,-0.9499051967168631,8.240161744267917e-09,5.452862579597007e-09,5.452862579597007e-09,5.452862583308152e-09,3.630746776999146e-08,60,19,small_world,cascade,21,738019561
77,True,-0.20874371207291992,-1.248675932221933,1.1034727205919933e-08,7.322487699839397e-09,7.322487699839397e-09,7.3224877010078725e-09,3.7414311336247195e-08,77,19,small_world,cascade,22,100287398
55,True,-0.3077497929742247,-0.3120343355966727,9.854330291089984e-09,6.301776406339537e-09,6.301776407842133e-09,6.3017764022024675e-09,4.9190822291717555e-08,55,19,small_world,cascade,23,97152261
79,True,-0.20788844158156128,-0.7954145477702325,1.409973612014698e-08,9.225423616954269e-09,9.225423616954269e-09,9.225423616954269e-09,3.959521692853296e-08,79,19,small_world,cascade,24,782820565
59,True,-0.2912917449966105,-0.42731617327461663,7.684139990716217e-09,5.052323831600836e-09,5.052323833493634e-09,5.052323581934585e-09,2.9484420833502323e-08,59,19,small_world,heterogeneous_cascade,0,833986056
62,True,-0.2730691954423574,-0.7382548163617323,6.250228484042712e-09,4.155755872194799e-09,4.155755872885982e-09,4.155755790472418e-09,2.963784804903542e-08,62,19,small_world,heterogeneous_cascade,1,942404250
74,True,-0.22025607306676676,-0.13255212880911332,2.3257423588112856e-08,1.5459012036268386e-08,1.5459012042157452e-08,1.5459012046494846e-08,9.213132941921194e-08,74,19,small_world,heterogeneous_cascade,2,324622295
74,True,-0.2440993408710777,0.5125149520337815,6.708661128023576e-09,4.535857791947312e-09,4.535857792533753e-09,4.535857790986559e-09,3.295351178272697e-08,74,19,small_world,heterogeneous_cascade,3,22268820
52,True,-0.3135213346016513,-1.431029884300874,7.075574692701817e-09,4.373050184010025e-09,4.373050183008667e-09,4.3730424784321465e-09,2.868847999429436e-08,52,19,small_world,heterogeneous_cascade,4,979904550
85,True,-0.20100656134725842,0.04516434963094933,1.3214169772943602e-08,8.689375362320108e-09,8.689375365266764e-09,8.689375361308671e-09,4.8182829985351704e-08,85,19,small_world,heterogeneous_cascade,5,601372762
83,True,-0.21359559250197838,0.5299468570351212,1.0927407542070126e-08,7.288781163716273e-09,7.288781162905126e-09,7.288781162794901e-09,4.3836260377810887e-08,83,19,small_world,heterogeneous_cascade,6,247121579
70,True,-0.2507718905576646,0.3542497558887356,1.0707492901282935e-08,7.011823468295848e-09,7.0118234794328425e-09,7.011823474081015e-09,4.32676387023312e-08,70,19,small_world,heterogeneous_cascade,7,763844067
99,True,-0.15962171200021416,-1.1444602231315018,1.624034926892426e-08,1.0589951630759239e-08,1.0589951631671699e-08,1.0589951630592984e-08,5.042844231131286e-08,99,19,small_world,heterogeneous_cascade,8,903895880
63,True,-0.2730317463358648,-0.3145912927338395,8.585918957462355e-09,5.506343931357052e-09,5.5063439331625015e-09,5.506343893217677e-09,3.360286478296562e-08,63,19,small_world,heterogeneous_cascade,9,284807588
66,True,-0.2586944655430613,-0.3239028037490895,8.631197891455729e-09,5.759997676323322e-09,5.759997673628415e-09,5.759997688936516e-09,3.512356656945908e-08,66,19,small_world,heterogeneous_cascade,10,769668591
72,True,-0.24496136654616735,0.1940784983951592,8.66315141219157e-09,6.017656831056173e-09,6.01765682685869e-09,6.0176568278354725e-09,3.875651262209648e-08,72,19,small_world,heterogeneous_cascade,11,787555584
77,True,-0.2116495177878824,-0.38633003848670844,1.8820937205455614e-08,1.2333546634658577e-08,1.2333546628913507e-08,1.2333546623889672e-08,7.121378314900526e-08,77,19,small_world,heterogeneous_cascade,12,501684040
57,True,-0.2978742136702485,-0.575232260763854,8.76432588969821e-09,5.710285355268021e-09,5.710285354062417e-09,5.710285787341448e-09,3.042554034977803e-08,57,19,small_world,heterogeneous_cascade,13,632355050
78,True,-0.2105254397844646,-0.6931528012649414,1.1329238568804076e-08,7.564588807875947e-09,7.564588807133488e-09,7.564588809469717e-09,4.605327463606327e-08,78,19,small_world,heterogeneous_cascade,14,269519884
50,True,-0.3089253688863229,-1.6784857285283727,2.4083176854739833e-08,2.3345980673691972e-09,2.867689680657489e-08,5.75012054008422e-09,4.7223916722336317e-08,50,19,scale_free,independent,0,929162632
57,True,-0.2764518210390745,-1.7790672917332133,1.9008193649418254e-08,7.335367592758762e-09,7.681894436839347e-09,2.0815623286851858e-08,3.278773529195777e-08,57,19,scale_free,independent,1,983103807
36,True,-0.5403713994304227,0.6302223520336249,3.550026649106113e-09,2.8418491752828157e-09,8.291333348698633e-10,2.872974648956782e-09,1.2957661212192922e-08,36,19,scale_free,independent,2,981004811
38,True,-0.48730296100125325,0.5838811777769266,8.23494506584047e-09,7.6213783485976e-09,2.4189927334363685e-09,4.606172863091013e-09,2.3792950342495324e-08,38,19,scale_free,independent,3,737125002
39,True,-0.4466126041766353,-1.349718560205816,4.1950145186141315e-09,2.8062684011027194e-09,4.46482532057227e-10,4.698135431243949e-09,1.3120291982829418e-08,39,19,scale_free,independent,4,42346113
50,True,-0.32244325755957837,-1.5408070086835282,1.4125182408188788e-08,8.786926825128018e-10,8.440212769678601e-09,1.3428403489857843e-08,2.990344656821306e-08,50,19,scale_free,independent,5,366455155
57,True,-0.2890340798531914,-1.278478581761158,1.44557180103675e-08,7.851343698842263e-10,1.4564988828539389e-08,6.842177909156874e-09,2.5996635006471048e-08,57,19,scale_free,independent,6,444937760
41,True,-0.43762702763659017,-0.28699530701527964,6.463910706607286e-09,7.4002621156757965e-09,1.2759955607910012e-09,1.5970755612319208e-09,1.9124082299078773e-08,41,19,scale_free,independent,7,546987787
61,True,-0.2560558567755768,-1.06308611358331,4.5768345885477434e-08,1.0189270130511925e-08,5.516357511496194e-08,1.3414565039381624e-09,7.347761144171381e-08,61,19,scale_free,independent,8,536168959
47,True,-0.3796448978872054,-0.22858065409048162,7.834189260190732e-09,8.078210144459554e-09,1.7963048726459079e-09,5.732172272940213e-09,2.0583995921588022e-08,47,19,scale_free,independent,9,146743233
49,True,-0.3655915442294751,0.15570594005099173,1.0881411485392418e-08,4.314933939274521e-09,1.2125497316818705e-08,2.1622000512769326e-09,2.6315139246879732e-08,49,19,scale_free,independent,10,793720469
39,True,-0.4776496172377768,-0.07736680506762861,4.773541951659845e-09,1.89965956334912e-09,1.9232086748631566e-09,5.557180838217383e-09,1.6532482166805183e-08,39,19,scale_free,independent,11,336285830
49,True,-0.3450504170044143,-0.5109424170150745,1.422716858566616e-08,5.36805404631915e-09,1.7509628740505514e-08,7.495934110665348e-09,3.8492940277567694e-08,49,19,scale_free,independent,12,91871996
41,True,-0.4496621641198534,-0.04256674722431275,4.8681124946943565e-09,3.949352488953501e-09,3.2116053661878506e-09,1.7316428775482127e-09,1.3185637838791851e-08,41,19,scale_free,independent,13,987647447
42,True,-0.42303919364272424,-0.36055544790695804,6.912375670937189e-09,7.739227393255328e-09,1.919648867767907e-09,2.3234772610803878e-09,2.0373299195452885e-08,42,19,scale_free,independent,14,190070932
66,True,-0.22556296642268558,-1.6509879553655937,6.264939924536065e-08,1.185063050498593e-08,3.92947803479032e-08,6.074196001244742e-08,8.117313085256356e-08,66,19,scale_free,independent,15,16230456
38,True,-0.4693997391893988,-0.016417892693558006,4.230104756010669e-09,2.074739503753095e-09,3.823205251571798e-09,3.1416507823695316e-09,1.614564210750327e-08,38,19,scale_free,independent,16,77837445
59,True,-0.2835278418392964,-0.31344220407910806,2.2614848542727506e-08,1.6474055362442993e-08,2.0000121160839337e-08,4.235130225159414e-09,5.145374852406506e-08,59,19,scale_free,independent,17,452507931
32,True,-0.6358682795405299,0.74537808412724,1.432781241670844e-09,1.107080772414705e-09,1.3090163680252927e-09,3.6795463960415737e-10,6.676714771326602e-09,32,19,scale_free,independent,18,842654621
34,True,-0.5402556241346322,0.37141430177466517,7.320054361981362e-09,4.060784892557371e-10,4.2914025814287905e-09,6.687870357409263e-09,2.3059967304778332e-08,34,19,scale_free,independent,19,512447966
37,True,-0.5092210256772162,-0.35618239963962617,3.1689663315847445e-09,3.7619871422285936e-09,5.768090922045737e-10,6.555588513450862e-10,1.070870641364785e-08,37,19,scale_free,independent,20,323901262
36,True,-0.515470990481146,-0.2629867527777641,3.80054569097695e-09,2.0967287868234377e-09,1.5918378427725095e-09,3.75270241907085e-09,1.3104816606170208e-08,36,19,scale_free,independent,21,3149836
44,True,-0.3962704387126663,-0.5876966425001049,6.944534793435769e-09,4.460677275388932e-09,6.6219937499207075e-09,1.091355698539069e-09,1.840002320735352e-08,44,19,scale_free,independent,22,479798502
41,True,-0.4259941701574885,-0.37613654882552017,7.882055119654412e-09,2.4705876889965477e-09,3.102782563756095e-09,9.227804435728567e-09,2.439196246681303e-08,41,19,scale_free,independent,23,151304054
34,True,-0.545183684455833,0.5643025111613544,9.016808337424873e-09,7.92858108374136e-09,4.37370092004374e-09,3.950337607697732e-09,2.642370345756127e-08,34,19,scale_free,independent,24,978045745
42,True,-0.42576078342951906,-0.3041503846180507,6.101014727566454e-09,1.8081317147608887e-09,4.292518454766963e-09,4.6708558974272454e-09,1.66297310735061e-08,42,19,scale_free,independent,25,291088350
44,True,-0.407990045119664,-0.62163485503918,3.5627643203254274e-09,3.466039641217346e-09,6.934667751974349e-10,1.9609427295659978e-09,1.2078455939466071e-08,44,19,scale_free,independent,26,474876836
39,True,-0.46090384055636946,-0.22606397074453816,6.351008727081565e-09,4.804380878516396e-09,5.634986197168879e-09,1.268562415802375e-09,2.1047166646748814e-08,39,19,scale_free,independent,27,18621266
50,True,-0.3331344289279551,-0.5933112140499058,1.0196983195341626e-08,9.635127815782809e-09,1.9321395461712326e-09,5.982779661578632e-09,2.6637016078312955e-08,50,19,scale_free,independent,28,130921312
34,True,-0.5477902271801022,0.27573253615186966,2.584002520425067e-09,2.2507761848863258e-09,3.9127363819278316e-10,2.0251357918620526e-09,1.2561043746549207e-08,34,19,scale_free,independent,29,207486450
35,True,-0.5653024037197629,0.8269271831016181,2.934259473548801e-09,2.022959912280248e-09,2.0229599137749417e-09,2.0229598754252413e-09,1.2543030547180258e-08,35,19,scale_free,cascade,0,51721491
55,True,-0.3147782111991213,-0.4637183538217699,1.2867306584628199e-08,8.129037430993733e-09,8.129037430993733e-09,8.129037426116441e-09,2.651915626943525e-08,55,19,scale_free,cascade,1,725993690
50,True,-0.33976114757727505,-0.3818794067202239,1.8763493941177055e-08,1.3045330847463e-08,1.3045330846823005e-08,1.3045330847038252e-08,4.0329537753729746e-08,50,19,scale_free,cascade,2,945416572
82,True,-0.18666165176512092,-0.8018775932168466,7.37235129288378e-08,5.148819428559236e-08,5.148819428559236e-08,5.148819428336379e-08,1.2180202790571993e-07,82,19,scale_free,cascade,3,985355397
56,True,-0.2933442365521981,-1.2118295819062082,1.3134183272561757e-08,9.012933779832441e-09,9.012933779832441e-09,9.012933780359848e-09,2.8604830611093047e-08,56,19,scale_free,cascade,4,788746305
37,True,-0.4652005556474146,-1.2044933540213318,5.204347367516775e-09,3.5209090960719324e-09,3.5209090995397006e-09,3.5209090610319342e-09,1.6004312439553784e-08,37,19,scale_free,cascade,5,504063906
36,True,-0.5210613058506322,-0.17919886988144568,2.6856856355519463e-09,2.0737990073476974e-09,2.073799008348173e-09,2.073798993932672e-09,1.1400322722778817e-08,36,19,scale_free,cascade,6,45857379
49,True,-0.31407015729400184,-2.254933685390367,1.4323818033929823e-08,9.672661676070287e-09,9.672661676070287e-09,9.672661673795604e-09,3.04874246752945e-08,49,19,scale_free,cascade,7,90701766
41,True,-0.43583134684380115,-0.4588725440379887,5.531082532819783e-09,4.2771168804912365e-09,4.27711688226637e-09,4.277116868083805e-09,1.7619837471249625e-08,41,19,scale_free,cascade,8,547786621
39,True,-0.45267347845954287,-0.7306082178151196,4.1098588600401865e-09,2.9114340792345367e-09,2.9114340804543163e-09,2.911434079755379e-09,1.3719408865576558e-08,39,19,scale_free,cascade,9,423655120
39,True,-0.4495181734208173,-0.1765411201580746,9.817136982737088e-09,6.891044893568048e-09,6.891044885781661e-09,6.891044903499061e-09,3.225491395455363e-08,39,19,scale_free,cascade,10,8381619
35,True,-0.4761810911216485,-1.4258485654303956,4.631932302242206e-09,3.0360880676108355e-09,3.0360880596898185e-09,3.036087884080759e-09,1.6592821313273085e-08,35,19,scale_free,cascade,11,930105519
36,True,-0.5161176233249839,-0.12951803423893155,1.7768833782082922e-09,1.2585133593212953e-09,1.2585133569095932e-09,1.2585133082016081e-09,1.3759107296082253e-08,36,19,scale_free,cascade,12,730336910
39,True,-0.4635488527620823,-0.8995681910024981,6.268599259262694e-09,4.460953864242626e-09,4.4609538638609815e-09,4.460953825447748e-09,1.709472719917321e-08,39,19,scale_free,cascade,13,502412993
47,True,-0.3738117761652055,-0.30031087555832514,7.2263342656745965e-09,5.099603873885717e-09,5.099603873885717e-09,5.099603868461118e-09,1.9812731936818883e-08,47,19,scale_free,cascade,14,986993981
51,True,-0.30183812390137493,-1.4283850346351001,2.8152883806242663e-08,2.0819678536789528e-08,2.0819678536789528e-08,2.0819678526341665e-08,6.776573812850116e-08,51,19,scale_free,cascade,15,971135151
42,True,-0.41968840716484046,-0.19699526655229938,5.512522631900231e-09,3.6306955301565907e-09,3.6306955280005726e-09,3.6306955281170003e-09,1.685764656812699e-08,42,19,scale_free,cascade,16,973951736
41,True,-0.4595426245919281,0.5454481151628674,2.463870006354938e-09,1.7954095166490275e-09,1.7954095166490275e-09,1.7954095230336882e-09,1.0152877822861853e-08,41,19,scale_free,cascade,17,880890947
33,True,-0.5683123870377669,-0.12400541159570315,9.814041291557281e-10,6.611664527177815e-10,6.611664515433135e-10,6.611663701119254e-10,1.3479663861084417e-08,33,19,scale_free,cascade,18,504545239
35,True,-0.5244182625556815,0.9167251470848478,9.176119655171329e-10,6.916334642696166e-10,6.916335139044683e-10,6.916334529701663e-10,4.874156445362315e-08,35,19,scale_free,cascade,19,726036756
37,True,-0.47852037041942447,-0.9915560522043464,3.264914959265207e-09,2.3789090421825416e-09,2.3789090435480315e-09,2.3789089757654606e-09,1.2241289424456653e-08,37,19,scale_free,cascade,20,859530791
50,True,-0.2969095200150297,-3.007594941347937,1.747108917757024e-08,1.6014340140220123e-08,1.6014340140220123e-08,1.6014340142249505e-08,3.832756771924574e-08,50,19,scale_free,cascade,21,163326615
54,True,-0.29736073871418506,-0.9782908803210801,2.2875572143057878e-08,1.709922293743968e-08,1.709922293743968e-08,1.7099222942432516e-08,5.4627697835807885e-08,54,19,scale_free,cascade,22,448252354
44,True,-0.41138689593252414,-0.029141022758172718,6.625668988467144e-09,4.542482441694451e-09,4.542482441694451e-09,4.542482440413325e-09,1.6795424972551516e-08,44,19,scale_free,cascade,23,128899149
35,True,-0.5239066698298253,-0.548708099477819,1.5908584342537017e-09,1.2011976206562019e-09,1.2011976213023199e-09,1.2011975644382525e-09,1.0467281081411942e-08,35,19,scale_free,cascade,24,279487373
37,True,-0.5209927754116431,0.006885574541390808,2.263186941115714e-09,1.6400566677737851e-09,1.6400566756846082e-09,1.810660189843457e-09,1.0084238315422982e-08,37,19,scale_free,heterogeneous_cascade,0,413516758
47,True,-0.328319301040856,-1.7321514499316386,2.5897963733414277e-08,1.845737438717218e-08,1.8457374386034046e-08,1.8457392707822778e-08,5.4748360583268235e-08,47,19,scale_free,heterogeneous_cascade,1,855475363
37,True,-0.46912389461225984,-1.371806941587284,6.140973475324532e-09,3.942564906510867e-09,3.942564909946414e-09,3.9280154186823634e-09,1.8692245019212578e-08,37,19,scale_free,heterogeneous_cascade,2,862665808
40,True,-0.4429974183546321,-0.246899303564364,9.677457218157132e-09,6.358990262928892e-09,6.358990261483548e-09,6.355805242145592e-09,2.8168616951256135e-08,40,19,scale_free,heterogeneous_cascade,3,389889468
36,True,-0.5078262467224246,-0.4084013832247223,1.1006342342329824e-09,7.174812275739649e-10,7.174812334615234e-10,7.730345048637128e-10,1.4876248263586613e-08,36,19,scale_free,heterogeneous_cascade,4,329195005
52,True,-0.3155752509063126,-1.2254297397687013,1.2933134043319509e-08,9.702495077737733e-09,9.702495079944643e-09,9.702573697775378e-09,2.900637493225604e-08,52,19,scale_free,heterogeneous_cascade,5,530723290
51,True,-0.36325377248767465,0.7779394482210616,8.936592555441302e-09,6.607039719041701e-09,6.607039717721652e-09,6.607017525623974e-09,2.2883237520900523e-08,51,19,scale_free,heterogeneous_cascade,6,911870750
61,True,-0.27852203960524813,-0.3986563954901665,1.6772474885869403e-08,1.206199310211721e-08,1.2061993102012618e-08,1.2061992896248629e-08,3.570911768290459e-08,61,19,scale_free,heterogeneous_cascade,7,976527066
35,True,-0.5490308479162735,0.20270416312799572,1.5930022867902223e-09,9.561575839284982e-10,9.56157493259804e-10,1.4491556601038022e-09,1.1634700425237712e-08,35,19,scale_free,heterogeneous_cascade,8,226764154
71,True,-0.23107926824916278,-0.8586737674388927,3.00386059991547e-08,1.888179788690962e-08,1.8881797884316272e-08,1.8881797883981125e-08,4.002276728956851e-08,71,19,scale_free,heterogeneous_cascade,9,186483294
37,True,-0.49394693067233486,-0.32280514114515735,6.516066424632e-10,2.6422722560906345e-10,2.642272274199202e-10,6.641092672488325e-10,1.3481416037997202e-08,37,19,scale_free,heterogeneous_cascade,10,706774624
33,True,-0.6255828395238436,1.1898357584509487,2.397739189812485e-09,1.618922049095916e-09,1.618922651970167e-09,1.6823296481183972e-09,1.1704370080994198e-08,33,19,scale_free,heterogeneous_cascade,11,301400636
60,True,-0.25648598774456927,-2.0656264143464536,2.4416664884515537e-08,1.598512743478347e-08,1.598512743741276e-08,1.5985128359797542e-08,3.5212387505728584e-08,60,19,scale_free,heterogeneous_cascade,12,199762316
50,True,-0.3083444358204797,-1.8345647594422523,2.5155120914767172e-08,1.7354218873920044e-08,1.7354218880427924e-08,1.735422780299778e-08,4.6722430786285674e-08,50,19,scale_free,heterogeneous_cascade,13,403211839
47,True,-0.3780466931975944,-0.3989030973082416,6.886486767047137e-09,5.479120964966478e-09,5.479120965737943e-09,5.479107188080096e-09,1.905767109162308e-08,47,19,scale_free,heterogeneous_cascade,14,391837709
35,True,-0.5360370972185348,-0.12461749633270829,3.173486372791046e-10,3.005478694033157e-11,3.005484624658786e-11,4.2545135071112586e-10,1.1698068478964675e-08,35,19,scale_free,heterogeneous_cascade,15,563058276
44,True,-0.37773824215758406,-1.2025536621463315,9.905950026871305e-09,6.592857166672013e-09,6.592857161700455e-09,6.592846771985912e-09,2.6356590312470908e-08,44,19,scale_free,heterogeneous_cascade,16,200183430
38,True,-0.49494358647798603,0.15422763114433735,2.431780368981309e-09,1.8990023660510585e-09,1.899002366535671e-09,1.7232381529211993e-09,1.293462752162446e-08,38,19,scale_free,heterogeneous_cascade,17,714366032
40,True,-0.43428624415907985,-0.5928462869828413,9.247952864547336e-09,6.110690778359655e-09,6.110690776127593e-09,6.122814459745293e-09,2.640887921093155e-08,40,19,scale_free,heterogeneous_cascade,18,680034935
44,True,-0.376558262202104,-1.8141273272361238,2.019436336204046e-08,1.392024600612954e-08,1.3920246001653563e-08,1.3858488313385512e-08,3.838466510856772e-08,44,19,scale_free,heterogeneous_cascade,19,462348867
44,True,-0.37179115547503067,-1.7302336217058087,8.465413620806909e-09,5.637825259308344e-09,5.63782525614173e-09,5.639276409807281e-09,2.0644320509874522e-08,44,19,scale_free,heterogeneous_cascade,20,181321458
40,True,-0.44670914820286167,-0.7471711701709394,6.652178458559954e-09,4.6187211387787725e-09,4.6187211386597255e-09,4.619661636963092e-09,1.7930347769620115e-08,40,19,scale_free,heterogeneous_cascade,21,506956094
40,True,-0.4897650897134409,0.7370660471187356,2.9310135405626746e-09,2.0695261012966168e-09,2.0695261023782592e-09,2.062654981702977e-09,1.119451892689502e-08,40,19,scale_free,heterogeneous_cascade,22,674812752
61,True,-0.25709498417939136,-1.7152490913879381,1.8606278486406288e-08,1.559571471342621e-08,1.559571471256779e-08,1.5595714643162123e-08,3.669138912284263e-08,61,19,scale_free,heterogeneous_cascade,23,372716006
48,True,-0.35672811061287163,-0.7734628583676292,1.0667003692671127e-08,7.28993924500841e-09,7.289939243797147e-09,7.2899739437431374e-09,2.3961839852967367e-08,48,19,scale_free,heterogeneous_cascade,24,263475428
54,True,-0.3244862165838422,0.19276544218368438,1.6812577229952575e-08,1.1562930689909029e-08,1.1562930688847187e-08,1.1563059524003201e-08,3.561388519719937e-08,54,19,scale_free,heterogeneous_cascade,25,506505981
37,True,-0.49369085596620765,-0.3798952347168461,2.3835799378487757e-09,1.774365054400217e-09,1.7743650546574752e-09,1.7629384630636912e-09,9.827770083850359e-09,37,19,scale_free,heterogeneous_cascade,26,400512941
39,True,-0.4838386555133768,0.0910422913587539,1.1907081811302102e-09,8.885003944444807e-10,8.885004469395645e-10,7.717739807205237e-10,8.713013533053668e-09,39,19,scale_free,heterogeneous_cascade,27,348860651
39,True,-0.4654608100132687,-0.42629326108374216,3.7535418300560414e-09,3.119617452510266e-09,3.1196174418780435e-09,3.1118511879732035e-09,1.4559139679739605e-08,39,19,scale_free,heterogeneous_cascade,28,303464944
36,True,-0.49547090094464985,-0.3876105717028153,2.4090297107074727e-09,1.7903030061438e-09,1.7903029920225366e-09,1.7282262800204701e-09,1.3939011717147413e-08,36,19,scale_free,heterogeneous_cascade,29,716751750
500,False,-0.013787410874777781,-2.1734470421985783,0.0001805795215947498,0.00012709498003519694,6.302564028400214e-05,0.0001314825813239603,0.00011977429532499736,500,20,cycle_baseline,independent,0,460242105
500,False,-0.015698228045065328,-1.3331674676306162,0.0001588342793360285,0.00014742263204712777,5.934078230137921e-05,4.41261859141638e-05,0.00010210922514417264,500,20,cycle_baseline,independent,1,653085798
500,False,-0.013691575340314852,-1.8390370400755227,0.0002422275074437908,0.00017149954100998064,0.0001547592368681368,0.00010065350160116162,0.0001704724446183046,500,20,cycle_baseline,independent,2,361298898
500,False,-0.013770731292771926,-1.9308334252089299,0.0002579368903279953,0.00014181103869213168,0.00016727712671435853,0.00016194476105795742,0.00015323388097824098,500,20,cycle_baseline,independent,3,101034004
500,False,-0.014522196868478275,-1.922853548591605,0.00016219168820357638,0.00012921573888023387,6.388766063551607e-05,8.348116515243468e-05,0.00010539167421620199,500,20,cycle_baseline,independent,4,55704967
500,False,-0.01496961667653568,-1.1964308381934667,0.0002934932094005605,0.00011581884389045992,0.0001586796341043683,0.0002234704106492835,0.00017097705149710972,500,20,cycle_baseline,independent,5,571950625
500,False,-0.01375358985731162,-1.430602380668994,0.0003183855323534882,0.0002438064538975186,0.00021870480348820084,7.8698491886823e-05,0.0002520246206728361,500,20,cycle_baseline,independent,6,213830821
500,False,-0.013423472874059124,-1.9747563303462705,0.00022597620920621222,6.75726489709338e-05,0.00014603874040713995,0.00016198004344160905,0.000169786154468961,500,20,cycle_baseline,independent,7,41956426
500,False,-0.014632664469268261,-1.4574836870767398,0.00020607750051369338,0.00011933461413818579,0.0001839771944810416,4.385171271465816e-05,0.00015663970288580295,500,20,cycle_baseline,independent,8,900091278
500,False,-0.014639590192644039,-1.3069047469531705,0.0002670713849181049,9.738915831866144e-05,0.00019462944027315404,0.00018167543013368468,0.000173390403305198,500,20,cycle_baseline,independent,9,429205148
500,False,-0.013925825358322125,-1.685989265689169,0.0002715784724356685,0.000173838907408615,0.000173838907408615,0.000173838907408615,0.0001747317217325647,500,20,cycle_baseline,cascade,0,342650295
500,False,-0.015061678219448179,-1.8600330036412105,0.0001224869529206243,7.883438834266504e-05,7.883438834266504e-05,7.883438834266504e-05,8.411273105556085e-05,500,20,cycle_baseline,cascade,1,741228514
500,False,-0.015777755091568976,-3.3752766732745383,1.7754844551234285e-05,1.165170153141277e-05,1.165170153141277e-05,1.165170153141277e-05,1.3661085310925936e-05,500,20,cycle_baseline,cascade,2,38979377
500,False,-0.013064050292605451,-2.1318903092212818,0.0002463805685042924,0.00015599302914164404,0.00015599302914164404,0.00015599302914164404,0.0001716611211734054,500,20,cycle_baseline,cascade,3,564550718
500,False,-0.01454587564431337,-1.5460872725248955,0.00021927241487963234,0.00014236759793498968,0.00014236759793498968,0.00014236759793498968,0.00015379530389572464,500,20,cycle_baseline,cascade,4,494600223
500,False,-0.015097209788120175,-2.602602069263167,5.526676015779895e-05,3.495927443796974e-05,3.495927443796974e-05,3.495927443796974e-05,4.041227373628396e-05,500,20,cycle_baseline,cascade,5,123938054
500,False,-0.015304872776083585,-1.309667830572758,0.00018102000142218694,0.00011361208537343724,0.00011361208537343844,0.00011361208537343844,0.00012757697496754118,500,20,cycle_baseline,cascade,6,952539144
500,False,-0.014539070837258807,-2.1223895992879176,0.00011302124167551023,7.33080948081176e-05,7.33080948081176e-05,7.33080948081176e-05,8.465542274649938e-05,500,20,cycle_baseline,cascade,7,238466443
500,False,-0.014684927679775256,-1.188692916892922,0.0002503907697597263,0.00015756914904740501,0.0001575691490474045,0.0001575691490474044,0.0001970109541831014,500,20,cycle_baseline,cascade,8,678450466
500,False,-0.01328652654689427,-1.3849469796121165,0.00040437169178976956,0.0002584335029762638,0.0002584335029762638,0.0002584335029762638,0.0003342378538209239,500,20,cycle_baseline,cascade,9,747110872
500,False,-0.01422760396280647,-1.8859859538191062,0.00022907670862669992,0.00014206791981603698,0.00014206791981605493,0.00014206791981604398,0.0001223543134285471,500,20,cycle_baseline,heterogeneous_cascade,0,343983786
500,False,-0.014514358030863955,-1.2973967739821621,0.00024777741160924546,0.00016062169653947747,0.00016062169653947305,0.00016062169653947915,0.00019972102089219824,500,20,cycle_baseline,heterogeneous_cascade,1,130751813
500,False,-0.014024267371480712,-2.197131188976795,0.00015213909571723405,9.78469686614096e-05,9.784696866140955e-05,9.784696866140998e-05,0.00010175904184838503,500,20,cycle_baseline,heterogeneous_cascade,2,296670100
500,False,-0.016994718783667755,-1.4406311681677346,5.955151761446435e-05,3.9238854648680994e-05,3.923885464867954e-05,3.923885464867961e-05,5.136286843431076e-05,500,20,cycle_baseline,heterogeneous_cascade,3,806944224
500,False,-0.014055640294674808,-3.371640815738484,5.374058581138055e-05,3.374288692272455e-05,3.374288692272499e-05,3.3742886922724774e-05,2.9633929743903274e-05,500,20,cycle_baseline,heterogeneous_cascade,4,906495165
500,False,-0.014289134632688704,-2.013986430617891,0.00013485764327014253,8.823188276905332e-05,8.823188276904805e-05,8.823188276905447e-05,0.00010635509722690805,500,20,cycle_baseline,heterogeneous_cascade,5,936907287
500,False,-0.016295921106137513,-1.3952342403272928,0.00010269974082754761,6.686257401048535e-05,6.686257401048626e-05,6.686257401048693e-05,7.218108607628352e-05,500,20,cycle_baseline,heterogeneous_cascade,6,226311194
500,False,-0.013905322616923118,-2.1668967565203463,0.00013226597747624988,8.678101435011153e-05,8.678101435011174e-05,8.67810143501113e-05,0.00011260000633890934,500,20,cycle_baseline,heterogeneous_cascade,7,606532100
500,False,-0.013917997402685563,-1.855603432601822,0.0001991204726897404,0.0001287531537959645,0.0001287531537959625,0.0001287531537959666,0.0001529492232125229,500,20,cycle_baseline,heterogeneous_cascade,8,151035854
500,False,-0.014071686081289468,-2.6513705643779386,8.958649494190866e-05,5.7412229620188266e-05,5.7412229620188225e-05,5.7412229620188246e-05,6.428461039540739e-05,500,20,cycle_baseline,heterogeneous_cascade,9,710359191
49,True,-0.36610376357016877,0.2415357131692107,1.1285336247114281e-08,1.3385747692159683e-08,4.544556798342451e-09,2.9318488724626793e-09,2.914500366171949e-08,49,20,random_strong,independent,0,415867656
50,True,-0.37526860690470243,0.5622070368538519,5.918325376171576e-09,6.09153126144574e-09,8.740946053715046e-10,3.900152237319762e-09,2.0043175827045943e-08,50,20,random_strong,independent,1,713586609
58,True,-0.29518401053475896,-0.4804916654170369,1.0476161137096773e-08,1.079730706390251e-08,1.68629162441683e-08,9.309814814357175e-09,3.413006945344021e-08,58,20,random_strong,independent,2,685126632
65,True,-0.2559245877144761,4.8621870020816466e-05,5.2432360578062206e-08,3.281861143082657e-08,2.2074795042795276e-08,4.361630108038006e-08,8.511908127284236e-08,65,20,random_strong,independent,3,992807957
55,True,-0.3250489527668212,-0.11517256266258238,1.061018353548842e-08,7.46535868331046e-09,3.887175557533082e-09,1.1119062176117289e-08,2.7518359428719192e-08,55,20,random_strong,independent,4,341538262
46,True,-0.3872537774062937,0.019976528789239324,1.2608599407797056e-08,2.5170553684978655e-09,1.3611883858114857e-08,8.957176113301253e-09,3.0438666704584516e-08,46,20,random_strong,independent,5,526755461
55,True,-0.29244760191171,-1.5038245622653539,1.5226863509253616e-08,1.3097922748144952e-08,7.712027433772876e-09,1.4380916044133516e-08,3.194438731763278e-08,55,20,random_strong,independent,6,162856551
51,True,-0.3637829049614745,0.5074888117378368,7.155033794273361e-09,4.507922812480324e-09,3.6935252517498844e-09,5.036413882630212e-09,1.893444168331985e-08,51,20,random_strong,independent,7,111760311
80,True,-0.18968005965497672,-1.9069961056626523,3.103059873067903e-08,1.5129438731424656e-08,2.5913814777024394e-08,3.698138887383806e-08,4.754835620363932e-08,80,20,random_strong,independent,8,519167234
61,True,-0.279711730448617,-0.045736159734141676,2.4804970660238108e-08,2.989973972928521e-08,6.961813932950971e-09,2.538177902562313e-09,5.0427236096194714e-08,61,20,random_strong,independent,9,825406270
45,True,-0.41348672574706796,0.7785040339638902,7.909048210882068e-09,5.090586220354065e-09,5.340504430012615e-09,4.967436371155799e-09,3.113672018127982e-08,45,20,random_strong,independent,10,533249809
57,True,-0.28253293480109315,-1.3150197936318635,2.1526023486487895e-08,4.466701630472838e-09,1.4299838957841336e-08,1.9941400363586628e-08,3.65301764289796e-08,57,20,random_strong,independent,11,781923712
69,True,-0.24422883331376347,-0.295888070209899,2.0974480682946516e-08,1.6544328326611978e-08,1.3780787232379723e-08,1.0485825271544437e-08,4.54460199662757e-08,69,20,random_strong,independent,12,177912488
72,True,-0.2324127527823375,-0.2711073924396649,3.844973575149481e-08,3.798380628450163e-08,9.785155754532323e-09,2.7254136590786883e-08,5.5281309731025756e-08,72,20,random_strong,independent,13,449390782
108,True,-0.1352344228116928,-0.9925562831171666,1.1111962393747571e-07,7.741136090308669e-08,7.200332157753099e-08,8.36947958727748e-08,1.925935697519413e-07,108,20,random_strong,independent,14,613109418
62,True,-0.27010729626122004,-0.5982635837379969,1.82221801045767e-08,1.4251906664750467e-08,9.732985475915555e-09,1.1033453350351428e-08,3.930903939174571e-08,62,20,random_strong,independent,15,347675741
66,True,-0.25949349126557575,-0.23615427915335999,1.706127688380732e-08,1.208682074501167e-08,1.2329819831877386e-08,1.2509940590736396e-08,4.078280294760974e-08,66,20,random_strong,independent,16,14124733
69,True,-0.248389517088993,-0.25550333391950725,1.285358262766034e-08,7.758444634315267e-09,8.472326643959105e-09,7.861927068245654e-09,3.612144481188868e-08,69,20,random_strong,independent,17,73447724
126,True,-0.12109565310273579,-1.2942338405501395,6.247205866632206e-08,3.069990806593712e-08,3.798658008360415e-09,6.999703232922123e-08,7.512859034102913e-08,126,20,random_strong,independent,18,927668402
65,True,-0.25046264456098455,-1.1240541995292044,2.171987863999852e-08,1.7539993569533093e-08,1.6282951567600155e-08,1.516269130211898e-08,3.599244255299971e-08,65,20,random_strong,independent,19,605136965
52,True,-0.349881110753028,0.26958101568322523,7.551667851530312e-09,7.541888152480222e-09,1.7263759584190901e-09,3.7852639685414605e-09,2.386179918764225e-08,52,20,random_strong,independent,20,264574277
62,True,-0.30181911200867395,1.283669178779631,2.3624030174928073e-08,1.2950244526743274e-08,1.4251648150210177e-08,1.8839573207944466e-08,4.1403089981004875e-08,62,20,random_strong,independent,21,258818938
68,True,-0.2336306553001893,-1.8322668882635293,2.2290447206963908e-08,1.4556524984990695e-08,2.491191212418295e-08,6.759374524909411e-09,3.8066821413793527e-08,68,20,random_strong,independent,22,39560208
57,True,-0.2677392341245213,-1.8672323083849587,3.0056926445508485e-08,1.0855000207990568e-08,1.2462258404665352e-08,3.056659866645936e-08,5.5714799645261585e-08,57,20,random_strong,independent,23,944777342
66,True,-0.2753561643245258,0.5058477350290863,5.896879142987046e-09,2.370859197706966e-09,1.5817736321350823e-09,6.9261479822155055e-09,3.062476962954451e-08,66,20,random_strong,independent,24,108249441
60,True,-0.3016166424205131,0.5914654600083025,9.13675909441483e-09,8.188346705136345e-09,5.918387091503683e-09,3.0838834011693097e-09,3.525213551278175e-08,60,20,random_strong,independent,25,759456860
61,True,-0.29264189199852986,0.1637285526929874,1.4707417704262276e-08,5.332427541208485e-09,1.1888574026147495e-08,1.0304957089966822e-08,3.476929638902836e-08,61,20,random_strong,independent,26,240248948
72,True,-0.22569687316176498,-0.684374912355065,3.213636805339983e-08,1.4445747179811275e-08,3.566103742067609e-08,2.9524055624147587e-08,5.646114012116063e-08,72,20,random_strong,independent,27,335626328
63,True,-0.26670429901328035,-0.11072705976007631,3.2063925281479525e-08,2.7658563399662483e-08,6.020452705619251e-09,2.8971170696717974e-08,6.161698494821013e-08,63,20,random_strong,independent,28,273906168
51,True,-0.3640027449510728,1.021378982990013,9.060083115994955e-09,8.21943037809214e-09,2.8709478036751883e-09,4.317069645652074e-09,3.804344940067611e-08,51,20,random_strong,independent,29,824521184
46,True,-0.39354834403786226,-0.33905658534326816,5.51669320385223e-09,4.624006968568777e-09,4.624006968568777e-09,4.62400697593262e-09,2.1128851725907248e-08,46,20,random_strong,cascade,0,32809999
61,True,-0.28294620508230894,-0.2315388002409584,1.3511253961002386e-08,9.141928180236444e-09,9.141928180886642e-09,9.141928182368608e-09,3.270876637492276e-08,61,20,random_strong,cascade,1,352289073
65,True,-0.2223611087308068,-2.6995610186689047,3.299667181225567e-08,2.301770417669883e-08,2.301770417669883e-08,2.3017704176445655e-08,4.444821217151312e-08,65,20,random_strong,cascade,2,279354812
50,True,-0.3019020404264772,-1.6083137479408034,5.241959156761503e-08,3.7321520534066894e-08,3.7321520534066894e-08,3.732152051762869e-08,8.935103352460102e-08,50,20,random_strong,cascade,3,272955528
62,True,-0.23586283793472346,-3.187658743624841,6.342351861241958e-08,4.545006293146807e-08,4.5450062929288535e-08,4.545006294193836e-08,8.072802955822274e-08,62,20,random_strong,cascade,4,192941736
75,True,-0.2200650528310508,-0.44890735482159677,3.2488307893341934e-08,2.2873287711087022e-08,2.2873287711087022e-08,2.2873287711434587e-08,5.203190489878687e-08,75,20,random_strong,cascade,5,912446695
95,True,-0.16315202167943252,-1.4393680659457015,3.8325744340101066e-08,3.7298100816589074e-08,3.729810081645617e-08,3.729810081648948e-08,5.3603226375506474e-08,95,20,random_strong,cascade,6,378620927
59,True,-0.2686448081908715,-1.4373232337150887,2.489402367292517e-08,1.7909405377055434e-08,1.7909405377055434e-08,1.7909405375515777e-08,4.561984145369694e-08,59,20,random_strong,cascade,7,418205503
62,True,-0.2713804149442339,-0.9321472022732545,1.0596397610716054e-08,7.479503593381872e-09,7.479503593381872e-09,7.479503594751975e-09,2.5426761519900885e-08,62,20,random_strong,cascade,8,385167737
150,True,-0.0994388081437169,-1.611262937931865,1.276278013443621e-07,9.019833362350977e-08,9.019833362350977e-08,9.019833362350977e-08,7.337745631965138e-08,150,20,random_strong,cascade,9,980217335
81,True,-0.19292642968024962,-1.5202612613298327,3.450940065509834e-08,2.648157851289661e-08,2.648157851289661e-08,2.648157851289661e-08,4.359250019980391e-08,81,20,random_strong,cascade,10,339007740
67,True,-0.2444208716116971,-1.2854955140900333,1.8293777476702278e-08,1.5755340164194138e-08,1.5755340164194138e-08,1.5755340162534443e-08,3.7862599138896735e-08,67,20,random_strong,cascade,11,341686931
63,True,-0.25681087288163823,-1.1501781608277541,2.598575644899402e-08,1.8078724155438064e-08,1.8078724155438064e-08,1.807872416267067e-08,4.0794240049772124e-08,63,20,random_strong,cascade,12,327923883
55,True,-0.3138951276484587,0.42416875801400167,3.005397190632501e-08,2.2160048218220552e-08,2.2160048218220552e-08,2.2160048202355936e-08,6.656348683216061e-08,55,20,random_strong,cascade,13,326966884
129,True,-0.11171931999070428,-2.1815799839452072,7.691543954985603e-08,6.64242890737339e-08,6.64242890737339e-08,6.64242890737339e-08,6.442939079867918e-08,129,20,random_strong,cascade,14,89731277
80,True,-0.18677237256122967,-2.3087117099830956,5.060882182480281e-08,3.492041390743228e-08,3.492041390652762e-08,3.4920413906233265e-08,5.180475057477985e-08,80,20,random_strong,cascade,15,604275745
45,True,-0.4233845342503614,0.7459810259755123,2.9084676781329926e-09,2.14997869597944e-09,2.14997869597944e-09,2.1499786941350426e-09,1.905099110699286e-08,45,20,random_strong,cascade,16,25204946
54,True,-0.310897289507143,-0.11117591557736548,3.1437961108090765e-08,2.2462039829205444e-08,2.2462039828378432e-08,2.246203982174502e-08,7.946401953259258e-08,54,20,random_strong,cascade,17,225952010
251,True,-0.051164771413822495,-3.4557676204551715,2.835109205454079e-07,1.804767684386327e-07,1.804767684376014e-07,1.804767684386327e-07,8.790967418098703e-08,251,20,random_strong,cascade,18,202114300
42,True,-0.44873582273833684,0.03727605907544195,6.569710734990723e-09,4.976278626832544e-09,4.976278624868166e-09,4.976278621748103e-09,1.9049233033660767e-08,42,20,random_strong,cascade,19,291488943
55,True,-0.3174138337386855,-0.008690599739471604,1.637131128506243e-08,1.3242209977224255e-08,1.3242209977423379e-08,1.3242209975873472e-08,2.696453641355431e-08,55,20,random_strong,cascade,20,756649427
78,True,-0.2310119830352034,0.6385414173579748,9.571459123636179e-09,7.4223502020628505e-09,7.4223502020628505e-09,7.422350202008247e-09,3.636952915259504e-08,78,20,random_strong,cascade,21,599496975
59,True,-0.3053425894697277,0.061300246843518535,6.597335462088451e-09,4.500995478968456e-09,4.500995478968456e-09,4.500995477780915e-09,1.8042737078984347e-08,59,20,random_strong,cascade,22,990809765
61,True,-0.2957256710115902,0.6374578071896467,1.462254674234527e-08,9.666959310395123e-09,9.666959309325692e-09,9.666959310024142e-09,3.8919393254017725e-08,61,20,random_strong,cascade,23,351199308
86,True,-0.19286518988907841,-0.24070204674538448,7.206149599713065e-08,5.949797855740698e-08,5.949797855831219e-08,5.9497978558361823e-08,8.241096843363214e-08,86,20,random_strong,cascade,24,928526174
83,True,-0.16901418636752308,-2.3187150616185397,8.185133723797053e-08,5.379989143523988e-08,5.3799891437824296e-08,5.3799891437824296e-08,9.475510104812218e-08,83,20,random_strong,cascade,25,44913289
46,True,-0.3877841225819011,-0.39694480043693964,7.232288210047873e-09,5.474452657388119e-09,5.474452657388119e-09,5.474452655446616e-09,1.7013347563716533e-08,46,20,random_strong,cascade,26,504219355
49,True,-0.37747624509787964,0.31080110325874527,3.6751765811149983e-09,2.5492645568775694e-09,2.5492645568775694e-09,2.549264556852552e-09,1.9371149468295942e-08,49,20,random_strong,cascade,27,798848489
52,True,-0.3565185342333806,0.5880667121643767,9.628314960767257e-09,7.817582582294017e-09,7.817582582294017e-09,7.817582580210068e-09,2.657704792710744e-08,52,20,random_strong,cascade,28,531823855
65,True,-0.24227892273889556,-1.5545510511462721,2.3780648376875944e-08,1.7021098797549834e-08,1.7021098799043904e-08,1.7021098796241916e-08,3.7238351541822414e-08,65,20,random_strong,cascade,29,933310229
87,True,-0.18161963715057755,-1.0845911969110138,4.988209685564295e-08,3.6106812960868835e-08,3.6106812963699507e-08,3.610681296432848e-08,5.688978088443317e-08,87,20,random_strong,heterogeneous_cascade,0,314581568
61,True,-0.2802344540376191,0.002939586421336715,2.36411567032668e-08,1.6407029613769935e-08,1.64070296168166e-08,1.6407030067536712e-08,4.381322467892105e-08,61,20,random_strong,heterogeneous_cascade,1,33332758
75,True,-0.2144824906572565,-0.7971782336568168,4.2934491257604795e-08,2.9418467733130136e-08,2.9418467732434418e-08,2.9418467738728687e-08,6.115339392066666e-08,75,20,random_strong,heterogeneous_cascade,2,773939438
50,True,-0.34930803873506017,0.48945357238797327,1.729906914686244e-08,1.236154740556717e-08,1.236154739470221e-08,1.2363919317761366e-08,4.635203039805735e-08,50,20,random_strong,heterogeneous_cascade,3,68004045
59,True,-0.3238146151025546,1.6150693559401907,1.60407276271037e-08,1.2085739959525081e-08,1.2085739962368572e-08,1.2085645151546879e-08,3.0764012696095515e-08,59,20,random_strong,heterogeneous_cascade,4,764756687
54,True,-0.3255952158213148,-0.25372357234458637,6.433138581850686e-09,4.319307304100449e-09,4.319307304562376e-09,4.3193323006638246e-09,2.786412712386768e-08,54,20,random_strong,heterogeneous_cascade,5,733417280
73,True,-0.21568214822038062,-1.096472495344511,4.5215537781217317e-08,3.20627886091435e-08,3.206278860649135e-08,3.206278860860893e-08,6.007767655985269e-08,73,20,random_strong,heterogeneous_cascade,6,844272357
43,True,-0.43529628324672687,-0.1323141019851932,5.726675507071494e-09,4.075534236009286e-09,4.075534239741866e-09,4.076812833900971e-09,1.7003751904921387e-08,43,20,random_strong,heterogeneous_cascade,7,478926069
48,True,-0.37242699729897805,-0.4331396755182747,1.2032900159459915e-08,8.730219973228185e-09,8.730219964221687e-09,8.730558134333966e-09,2.73386854217161e-08,48,20,random_strong,heterogeneous_cascade,8,895504577
69,True,-0.1848557151372589,-3.1853566221397456,1.3650193360729558e-07,9.216383141059517e-08,9.216383143538423e-08,9.21638316103384e-08,1.523830627433532e-07,69,20,random_strong,heterogeneous_cascade,9,169831669
153,True,-0.08252818529083665,-3.8712242042895357,1.3799175252408e-07,9.61604472508339e-08,9.616044725192634e-08,9.61604472478291e-08,7.426281517643797e-08,153,20,random_strong,heterogeneous_cascade,10,434349248
48,True,-0.3826984653003103,0.5275563141453784,6.9029597535062054e-09,5.337847303016054e-09,5.3378473034204726e-09,5.337850584328293e-09,2.1760290297059392e-08,48,20,random_strong,heterogeneous_cascade,11,121834402
80,True,-0.19786366359222818,-0.8650001417840834,4.293234289164219e-08,2.90850568643997e-08,2.9085056865029155e-08,2.9085056872805374e-08,3.9821285900892574e-08,80,20,random_strong,heterogeneous_cascade,12,766875568
50,True,-0.33949883073034093,-0.7168914464343333,9.498897547120456e-09,8.37985351847355e-09,8.379853521342973e-09,8.37972476970405e-09,2.634022414342351e-08,50,20,random_strong,heterogeneous_cascade,13,714272297
59,True,-0.26025798607649564,-1.6618092329032865,2.187595830890811e-08,1.5208397234309758e-08,1.5208397232192963e-08,1.5208398918671752e-08,5.736910822733291e-08,59,20,random_strong,heterogeneous_cascade,14,806398728
58,True,-0.29890997354062554,-0.11673231924796221,2.0975316560573157e-08,1.543431397261793e-08,1.5434313974030584e-08,1.543431417075502e-08,4.864592299476826e-08,58,20,random_strong,heterogeneous_cascade,15,764343182
57,True,-0.2634935377542107,-1.4242506622728863,3.5347320210510625e-08,2.4710971232905436e-08,2.4710971255796108e-08,2.4710938733238874e-08,9.891068448592653e-08,57,20,random_strong,heterogeneous_cascade,16,308459622
68,True,-0.2337421597229309,-1.118109849518258,2.4060182813551426e-08,1.7657410049888698e-08,1.765741004952899e-08,1.7657409943976072e-08,5.3338628705567764e-08,68,20,random_strong,heterogeneous_cascade,17,68066458
77,True,-0.2022072310155582,-1.8319584598837728,3.3241033039373744e-08,2.7382471691607124e-08,2.7382471696631545e-08,2.738247168925258e-08,4.784381968308724e-08,77,20,random_strong,heterogeneous_cascade,18,929242243
56,True,-0.30124721794893033,-0.8375347543127739,1.4761601776630653e-08,9.578156163999162e-09,9.578156164117343e-09,9.5781512217251e-09,2.6350242204831822e-08,56,20,random_strong,heterogeneous_cascade,19,492818228
58,True,-0.28396466027054534,-1.234790647729466,1.2988281810483936e-08,9.285279919548066e-09,9.285279919533119e-09,9.285298456301662e-09,1.8487133348483593e-08,58,20,random_strong,heterogeneous_cascade,20,94341502
46,True,-0.3720578758451634,-0.5493285218292838,2.4693821068801937e-08,2.0961306843701077e-08,2.0961306843706887e-08,2.096010395067494e-08,5.2388893053163086e-08,46,20,random_strong,heterogeneous_cascade,21,927064451
41,True,-0.4580566040271201,0.15886343565437522,1.9208611242091432e-09,1.3875741071348741e-09,1.3875741089112468e-09,1.3912365132026976e-09,7.71128155541331e-09,41,20,random_strong,heterogeneous_cascade,22,994269178
65,True,-0.22926434859762454,-2.284607686754382,4.7851053230205896e-08,3.4079353334629875e-08,3.407935333214631e-08,3.4079353311481504e-08,6.231082676210953e-08,65,20,random_strong,heterogeneous_cascade,23,445497783
56,True,-0.2994058556161546,-0.656143344008076,1.8165529301463153e-08,1.3217326049401125e-08,1.321732605290792e-08,1.3217319519047264e-08,3.683346319730181e-08,56,20,random_strong,heterogeneous_cascade,24,36298027
53,True,-0.34301761106614065,0.08047670277317079,5.228396655111822e-09,3.866271008241554e-09,3.866271011426567e-09,3.866265986272697e-09,1.7742569982247897e-08,53,20,random_strong,heterogeneous_cascade,25,93270905
83,True,-0.19107549916892538,-1.1939352906642413,3.7178300436942674e-08,2.83846793721185e-08,2.8384679367478616e-08,2.8384679376418728e-08,4.8052089714922315e-08,83,20,random_strong,heterogeneous_cascade,26,276566145
45,True,-0.4114117052993267,0.37388812199430493,7.914743238914407e-09,5.6798835899304925e-09,5.679883587960265e-09,5.676018269501085e-09,2.2944101621726395e-08,45,20,random_strong,heterogeneous_cascade,27,133422789
41,True,-0.4629324618965087,0.13069437894113917,4.890858061021431e-09,3.447365070686576e-09,3.447365069835364e-09,3.4460185612098925e-09,1.4519561454691855e-08,41,20,random_strong,heterogeneous_cascade,28,34179410
55,True,-0.3203202423546043,-0.32985452585614883,1.9662198582081933e-08,1.356206000001369e-08,1.3562060001837287e-08,1.3562059174286454e-08,3.124259907760768e-08,55,20,random_strong,heterogeneous_cascade,29,770186949
88,True,-0.18559876294876354,-0.47246673662092714,1.932733723236768e-08,2.0083198881996352e-08,4.466061794908072e-09,6.416803290486838e-09,6.13432436626837e-08,88,20,small_world,independent,0,739212713
53,True,-0.33953512537052716,-0.05222762118272984,5.9876266832673486e-09,2.7262993108104956e-09,3.6627515843424786e-09,5.169581675055827e-09,2.1229465039218744e-08,53,20,small_world,independent,1,799222921
65,True,-0.2616825773019627,-0.4221300801101969,9.528232343084027e-09,1.0246276589867285e-09,1.8961255720441255e-09,1.0606946867313083e-08,3.481914265333782e-08,65,20,small_world,independent,2,802851116
58,True,-0.30666374289787274,0.1547955311532939,8.286215316111936e-09,4.619668844111019e-09,4.245948050946106e-09,5.5971439618789604e-09,3.009007665326105e-08,58,20,small_world,independent,3,602410252
48,True,-0.3674902191320621,0.029754346432577652,8.049814541472031e-09,2.089358322840409e-09,7.215393277941233e-09,4.630711627113614e-09,3.032767213811587e-08,48,20,small_world,independent,4,519413430
48,True,-0.38418285486769027,0.47543191566116577,5.4705971942619495e-09,2.3866024292894637e-09,1.222756910323395e-09,5.3784907286181475e-09,2.416566838846093e-08,48,20,small_world,independent,5,856860391
68,True,-0.2587383033305138,0.2323214239293322,1.15999868430389e-08,7.3934656990504454e-09,2.5603708410611717e-09,9.954882834862764e-09,3.588758009380767e-08,68,20,small_world,independent,6,348026705
59,True,-0.29057744391655793,-0.23474654778716197,1.0332143972578355e-08,4.347181872676774e-09,3.829944218500044e-09,9.426361690355849e-09,3.751018663805362e-08,59,20,small_world,independent,7,97883280
81,True,-0.20835151310726852,-0.23369972175280626,1.4253842827534575e-08,9.155157245850508e-09,4.279498406960789e-09,1.0418262541809717e-08,4.6417296066697326e-08,81,20,small_world,independent,8,751962912
79,True,-0.2158113429659066,-0.11365948852456444,1.4744196722814383e-08,8.731534278283197e-09,4.495780622635048e-09,1.1848885429416262e-08,4.16217685964515e-08,79,20,small_world,independent,9,275923841
86,True,-0.19539643022189007,-0.23465902181710493,1.4517351311948513e-08,1.0886006775460352e-08,8.337998805859213e-09,6.000664116490073e-09,4.908423345586137e-08,86,20,small_world,independent,10,978853841
81,True,-0.20267325629277239,-0.5179190495309116,1.7136064593584393e-08,1.6722438707644044e-08,5.196135719442106e-09,6.0846783132285565e-09,5.4002430028929246e-08,81,20,small_world,independent,11,414177521
65,True,-0.26907905060860726,0.01778704684899761,8.741011035287921e-09,8.173623966241375e-09,4.643266229068871e-09,1.844074634102717e-09,3.438156775123161e-08,65,20,small_world,independent,12,851792958
55,True,-0.30868368820548103,-0.29003719788836396,1.1548698862585338e-08,6.592061009075776e-09,6.793228563213101e-09,7.97747549119486e-09,4.54537372818835e-08,55,20,small_world,independent,13,42457952
80,True,-0.21576838181245842,0.1252202832592613,1.4577250013190193e-08,1.063259827147915e-08,2.934676817483407e-09,1.0340783884230027e-08,4.4911251683832854e-08,80,20,small_world,independent,14,659230739
99,True,-0.16299534765302484,-0.7669512674746936,1.587141495912988e-08,3.4384540253686577e-09,1.7382241562273815e-08,2.5185041998640306e-09,5.3708032649553274e-08,99,20,small_world,independent,15,448216087
71,True,-0.23308458717340133,-0.833588313609304,1.0213609826073556e-08,4.78024668851274e-09,6.793749276315114e-09,6.3157012377720454e-09,3.580245516255623e-08,71,20,small_world,independent,16,462602171
94,True,-0.17946238628223693,-0.20014858894326532,1.660216058900534e-08,9.143499310525034e-09,7.770179410769568e-09,1.3299471580732395e-08,4.9101454829918365e-08,94,20,small_world,independent,17,971193611
86,True,-0.19999782585564524,0.20285071669605884,1.5197352876100038e-08,2.995115297386886e-09,3.896310540981459e-09,1.5547038810107048e-08,5.086216495881963e-08,86,20,small_world,independent,18,392735011
55,True,-0.3174478747276169,-0.13551603258124967,1.01661411363068e-08,5.358745220124187e-09,8.933804073176448e-09,3.084955853548595e-09,3.0786052607988357e-08,55,20,small_world,independent,19,850479785
83,True,-0.2032413299769862,0.04590880333488944,1.8801923541350887e-08,1.118625795801387e-08,1.464033070840867e-08,7.508896790345967e-09,6.060332113429455e-08,83,20,small_world,independent,20,425102631
70,True,-0.24444463748860248,-0.19141610604104745,1.0913310685492392e-08,5.401536093114264e-09,6.418415616019406e-09,7.50050310986432e-09,3.9019858651516656e-08,70,20,small_world,independent,21,48275866
56,True,-0.3229028940802359,0.15713928556730963,6.326725607719675e-09,3.0351497591094784e-09,1.4001494320218283e-09,5.789551432720876e-09,2.2938273262854614e-08,56,20,small_world,independent,22,879411733
45,True,-0.4170239268942785,0.18439116800789188,3.2041301425437532e-09,2.4185428023674437e-09,4.8259834397898384e-11,2.618257275415592e-09,1.3318531177247555e-08,45,20,small_world,independent,23,185109619
65,True,-0.2737663496325718,0.3430452778578378,9.078169778633744e-09,7.514415700875634e-09,5.646936724209409e-09,3.0342192156388517e-09,3.515980623945705e-08,65,20,small_world,independent,24,270340970
77,True,-0.2210028609517178,-0.10376637156736922,1.4983607016755378e-08,2.4397015629123045e-09,1.5808713378870943e-08,6.798261106247806e-09,4.4535463107340634e-08,77,20,small_world,independent,25,861106898
88,True,-0.18873333168029444,-0.19608079926888342,2.0880324677413895e-08,1.1594015741093674e-08,1.4785607203279725e-08,1.1899302237769808e-08,5.97000824901967e-08,88,20,small_world,independent,26,893743128
101,True,-0.1651284917906578,-0.10228756194675516,1.916543523322054e-08,5.6436883236283686e-09,4.802534071877863e-09,1.9607670305605633e-08,6.013652885841041e-08,101,20,small_world,independent,27,916754406
84,True,-0.2019489731407728,-0.09371029408029248,1.4565899467476266e-08,7.334749179740942e-09,4.999392269013525e-09,1.240599101844697e-08,4.73134786171384e-08,84,20,small_world,independent,28,425970964
102,True,-0.15913293563668512,-0.7642482606706523,1.735728836425474e-08,6.965975893931342e-09,5.707878431846135e-09,1.588237098774189e-08,4.979040420753837e-08,102,20,small_world,independent,29,756972679
100,True,-0.1692202038912591,-0.11256215801326223,1.3285848288087569e-08,8.671027124545656e-09,8.671027124545656e-09,8.671027124545656e-09,4.8104220267769424e-08,100,20,small_world,cascade,0,327807720
64,True,-0.25886758569175744,-0.9932681065758989,7.091870347970847e-09,4.71145938599271e-09,4.71145938599271e-09,4.711459385166365e-09,3.307082480270631e-08,64,20,small_world,cascade,1,740390826
67,True,-0.2686615736130932,0.49421829573490994,9.67114857762564e-09,6.41779926800103e-09,6.41779926800103e-09,6.4177992703156175e-09,3.006683330125765e-08,67,20,small_world,cascade,2,502512049
128,True,-0.12554148769079515,-0.6015463219882187,1.9611593182127118e-08,1.2763673942666768e-08,1.2763673942666768e-08,1.2763673942666768e-08,6.640415488584891e-08,128,20,small_world,cascade,3,51959149
60,True,-0.2891023608955857,-0.12579109320384338,9.020338235253802e-09,5.934203926506737e-09,5.934203926506737e-09,5.934203926618255e-09,3.608879640681322e-08,60,20,small_world,cascade,4,417743286
81,True,-0.19335692707205734,-0.7276560652372596,2.700408675552651e-08,1.729148133666955e-08,1.7291481334370313e-08,1.7291481334370313e-08,9.33736328387011e-08,81,20,small_world,cascade,5,467726366
108,True,-0.1428634287141046,-1.4368948255690455,1.723690758507651e-08,1.1189840121507803e-08,1.1189840121507803e-08,1.1189840121882893e-08,5.604472491966384e-08,108,20,small_world,cascade,6,257372312
51,True,-0.32744592660551974,-0.702049960621795,8.542620628859525e-09,5.613582888222017e-09,5.613582888222017e-09,5.613582888079264e-09,4.295518949940865e-08,51,20,small_world,cascade,7,374469600
75,True,-0.21609846839821828,-0.5186648587131909,1.8553922334477664e-08,1.2188341109974714e-08,1.2188341111421724e-08,1.2188341112850545e-08,7.140972332281143e-08,75,20,small_world,cascade,8,502679324
74,True,-0.21768511834886764,-1.0197622750781528,1.1666250525335277e-08,7.921554415040787e-09,7.921554415040787e-09,7.921554415290022e-09,4.5477483080084427e-08,74,20,small_world,cascade,9,49701938
79,True,-0.2140086679148335,-0.2681868512046603,1.4148948591147996e-08,9.564717998488001e-09,9.564717998488001e-09,9.564717998488001e-09,4.1076142051302915e-08,79,20,small_world,cascade,10,766783174
83,True,-0.21250737336948503,0.34902142605334835,1.0701842082394746e-08,7.0647441419900125e-09,7.0647441419900125e-09,7.0647441419900125e-09,4.020832545495218e-08,83,20,small_world,cascade,11,351929942
77,True,-0.2128932215555496,-0.35929466229151147,1.892023950070144e-08,1.2613605394710549e-08,1.2613605396355984e-08,1.2613605399136261e-08,6.470358895829015e-08,77,20,small_world,cascade,12,608384919
100,True,-0.15766764189946986,-1.106258940881196,1.4790885559064378e-08,9.594030925285473e-09,9.594030925285473e-09,9.594030925285473e-09,5.5604015718568464e-08,100,20,small_world,cascade,13,565790219
93,True,-0.17833046957706147,-0.3783801853892316,1.690306878800067e-08,1.0557251383777367e-08,1.0557251383777367e-08,1.0557251383777367e-08,5.0678520908627515e-08,93,20,small_world,cascade,14,551218295
74,True,-0.2274877846578611,-0.4294281596044876,1.1031397031295224e-08,7.33920726685124e-09,7.339207265891524e-09,7.3392072661702456e-09,4.0746959268639594e-08,74,20,small_world,cascade,15,413408244
48,True,-0.32882348947754786,-0.7135927349380908,2.283943501673137e-08,1.5688544437343267e-08,1.5688544437343267e-08,1.5688544407261444e-08,9.623255816512448e-08,48,20,small_world,cascade,16,483315029
95,True,-0.17944989036841505,0.1008229572399693,1.606338032238758e-08,1.0193461586134127e-08,1.0193461587073621e-08,1.0193461587073621e-08,5.164597712479995e-08,95,20,small_world,cascade,17,823912360
58,True,-0.2929145494040508,-0.14901042250131127,1.298356261444428e-08,8.521083522206147e-09,8.521083519953235e-09,8.521083514106803e-09,4.790936608911041e-08,58,20,small_world,cascade,18,965049782
98,True,-0.16432158335098399,-0.9017053037051969,1.3544363416157235e-08,8.740472206015083e-09,8.740472206015083e-09,8.740472206015083e-09,4.894375021143397e-08,98,20,small_world,cascade,19,256721761
61,True,-0.2759895510037579,-0.24249440006882217,1.5498560065947187e-08,1.016555765468958e-08,1.016555765468958e-08,1.0165557647387258e-08,4.4561004479519016e-08,61,20,small_world,cascade,20,669474183
78,True,-0.2259823911220105,0.38267491351965416,1.090895795582691e-08,7.022967995356985e-09,7.022967995356985e-09,7.0229680051177995e-09,3.9299194421367785e-08,78,20,small_world,cascade,21,969771578
71,True,-0.2149053786359004,-1.9018613303403344,1.1257190502886978e-08,7.68714004491064e-09,7.687140044267594e-09,7.68714004096964e-09,4.5430261566990075e-08,71,20,small_world,cascade,22,7584297
83,True,-0.19760477376397423,-0.6414257863593706,1.3642121737522982e-08,8.982801138325956e-09,8.98280113846059e-09,8.982801138472269e-09,5.0000853378042274e-08,83,20,small_world,cascade,23,784722020
73,True,-0.23593765879089293,-0.12306532247056629,1.0277347080652258e-08,6.869323393639373e-09,6.869323393639373e-09,6.8693233945068464e-09,3.803463432578413e-08,73,20,small_world,cascade,24,967593025
82,True,-0.20346865367695885,-0.5530714631569732,1.138355480450585e-08,7.490246716665858e-09,7.490246716687014e-09,7.490246716167121e-09,4.079300353513305e-08,82,20,small_world,heterogeneous_cascade,0,578267530
60,True,-0.29217178987872006,-0.15457171064500436,7.453951284735915e-09,5.004147083489357e-09,5.0041470839162855e-09,5.0041480904098456e-09,2.9717652872211567e-08,60,20,small_world,heterogeneous_cascade,1,838136554
75,True,-0.21610266125664504,-0.9079009901815428,1.1395969171177082e-08,7.753700061106321e-09,7.753700060866437e-09,7.753700062586854e-09,4.7244577321916134e-08,75,20,small_world,heterogeneous_cascade,2,166014546
75,True,-0.19869924476409295,-1.6121247069960976,2.2858891777537846e-08,1.4817752526490184e-08,1.4817752520054496e-08,1.4817752518615286e-08,8.343604297349682e-08,75,20,small_world,heterogeneous_cascade,3,142103925
75,True,-0.22021362888453086,-0.49375438382544595,1.6057623643138402e-08,1.0344569776197502e-08,1.0344569778662469e-08,1.0344569776980597e-08,4.963046433446773e-08,75,20,small_world,heterogeneous_cascade,4,926579969
86,True,-0.1977298798516174,0.024808442847623218,1.601797730818841e-08,1.0244642589668152e-08,1.024464258973721e-08,1.0244642589154552e-08,5.102659292711527e-08,86,20,small_world,heterogeneous_cascade,5,526460090
64,True,-0.27047436046330875,0.1889747461708813,1.0970116308994768e-08,7.197055844843489e-09,7.197055842863532e-09,7.197055911136313e-09,5.065191250229827e-08,64,20,small_world,heterogeneous_cascade,6,558342508
89,True,-0.15953926841926075,-2.7420821389171044,1.4726899021094943e-08,9.509793871179412e-09,9.509793872261384e-09,9.50979387149946e-09,5.192523098929251e-08,89,20,small_world,heterogeneous_cascade,7,226730230
61,True,-0.26863156685180073,-1.0001049969170386,1.0478168086654955e-08,7.058946959140828e-09,7.058946960730312e-09,7.058947017787222e-09,3.766229997955431e-08,61,20,small_world,heterogeneous_cascade,8,818227352
74,True,-0.2302590268053666,-0.17429749035374412,1.3509603509545905e-08,8.637487914346579e-09,8.637487914266662e-09,8.637487914228036e-09,4.200329123808417e-08,74,20,small_world,heterogeneous_cascade,9,303329150
49,True,-0.35307363643660183,-0.6239177734232153,5.449175319561204e-09,3.711055625272759e-09,3.7110556247797144e-09,3.7110570539566436e-09,2.339365494869745e-08,49,20,small_world,heterogeneous_cascade,10,584162149
58,True,-0.28890517286117345,-0.5027537214644079,1.2629534818311312e-08,8.398482187339447e-09,8.398482179973208e-09,8.398482222383084e-09,4.2616431497087047e-08,58,20,small_world,heterogeneous_cascade,11,316533753
95,True,-0.1720344574827102,-0.6766972433088019,1.4084373421129967e-08,9.364054280264388e-09,9.364054280128836e-09,9.364054280006338e-09,4.7089059004767394e-08,95,20,small_world,heterogeneous_cascade,12,263449314
80,True,-0.20964618889829814,-0.4309583670997105,1.1606377057174955e-08,8.005319709568062e-09,8.005319710485713e-09,8.00531970932404e-09,4.731940677084282e-08,80,20,small_world,heterogeneous_cascade,13,929598971
86,True,-0.19853928581066552,0.04287584716505722,1.686035493756503e-08,1.0849754496192947e-08,1.0849754496124739e-08,1.0849754496571072e-08,4.7007341440562355e-08,86,20,small_world,heterogeneous_cascade,14,940062461
88,True,-0.1893602373997404,0.38129611893663756,2.7955556993924848e-08,1.83874523072746e-08,1.8387452307540444e-08,1.8387452318898537e-08,1.0224193929718875e-07,88,20,small_world,heterogeneous_cascade,15,115186053
71,True,-0.2417037261953354,-0.21052055522631008,1.1973910133737734e-08,7.797640442336314e-09,7.797640441478347e-09,7.797640441531042e-09,3.584758567177164e-08,71,20,small_world,heterogeneous_cascade,16,563862403
89,True,-0.19502388899949938,0.33079577695427737,1.345826165396747e-08,8.69334237718854e-09,8.693342377493362e-09,8.69334237782937e-09,5.2443071796831946e-08,89,20,small_world,heterogeneous_cascade,17,383286188
61,True,-0.24546133836698017,-2.379570447198326,1.0973876602235072e-08,6.930057408111815e-09,6.9300574088455675e-09,6.9300571930908936e-09,3.7082367425318015e-08,61,20,small_world,heterogeneous_cascade,18,721040554
67,True,-0.26127342276139,0.10382525960367524,1.003796458520853e-08,6.497273245105376e-09,6.497273246278472e-09,6.497273231585466e-09,3.72739171685322e-08,67,20,small_world,heterogeneous_cascade,19,260230032
42,True,-0.4099305659315018,-0.6153967570795088,9.691487724437192e-09,3.559923997410325e-09,1.1374009044322505e-08,5.415444373712151e-09,2.995354782739794e-08,42,20,scale_free,independent,0,58848537
73,True,-0.2122039817307513,-1.2137380945914986,5.6096516666316013e-08,6.3897425434674895e-09,6.113120467250758e-08,5.540388053629695e-09,6.882240656047558e-08,73,20,scale_free,independent,1,336934882
63,True,-0.25876859331420454,-1.226780422899986,1.674466886394874e-08,2.020851777904724e-09,1.57119928751262e-08,1.6398995097814956e-08,3.059633827973383e-08,63,20,scale_free,independent,2,597856033
54,True,-0.30439009082734236,-0.8208523362735768,2.1769289663873895e-08,4.257087500329348e-09,6.762034118678572e-09,2.34576828870775e-08,4.070750118361253e-08,54,20,scale_free,independent,3,180639066
33,True,-0.6169340358855471,0.9304837971024257,1.0775769301728773e-09,6.592373619952267e-10,2.0710481372933866e-10,9.895895322655673e-10,5.533403199092536e-09,33,20,scale_free,independent,4,815901215
34,True,-0.5357622792721366,0.35131048343963794,3.689513378515904e-09,3.183274953155813e-09,8.240619543437258e-10,3.5663948500527568e-09,1.883689974896721e-08,34,20,scale_free,independent,5,12248818
41,True,-0.4507466816078945,0.0743511518474192,3.819367952719457e-09,6.771016839500118e-10,2.8006058764999058e-09,3.2814632365546123e-09,1.2201836507682109e-08,41,20,scale_free,independent,6,67527314
45,True,-0.3849683716055864,-0.9396186955299579,6.278244709619362e-09,2.2570390800780557e-10,2.6640421409914147e-09,7.329977574239332e-09,1.695894542860187e-08,45,20,scale_free,independent,7,512242970
48,True,-0.3785562642836269,0.22080101848273756,6.520829235784008e-09,5.555454242169097e-09,3.0684733735280516e-09,4.955845832703071e-09,1.8831681479747064e-08,48,20,scale_free,independent,8,294884512
53,True,-0.3138457879490814,-0.3798062724091089,2.2094604918896162e-08,1.7459332881862652e-08,1.3310311977151774e-08,1.5108528831021578e-08,5.406534186557398e-08,53,20,scale_free,independent,9,258557178
47,True,-0.3566761629356576,-0.7284253683952722,1.5943195899948785e-08,1.4205315179461529e-08,9.864615095238493e-09,6.72637277338031e-09,3.638475885526801e-08,47,20,scale_free,independent,10,69812111
54,True,-0.3143427287384659,-0.7264692834935087,1.1311970534507187e-08,3.5939278788483176e-09,1.3585827091806051e-08,8.061216846292987e-09,2.7816181885921266e-08,54,20,scale_free,independent,11,662924451
40,True,-0.447127523086191,-0.5455043827256317,3.559010606034813e-09,2.6693941848032687e-09,1.9526957375814303e-09,1.7268060064506742e-09,1.139082919055113e-08,40,20,scale_free,independent,12,379026362
37,True,-0.49967137796232847,-0.040665920877118344,4.756811442634853e-09,4.169677188677596e-09,2.9883344510546494e-09,1.8860374945917652e-09,1.5777120041788068e-08,37,20,scale_free,independent,13,118677366
56,True,-0.29050844841969564,-1.1865575034908926,1.6864960509937984e-08,1.1386275578319112e-08,1.579458878989821e-08,1.8045085735339685e-09,3.332935661276371e-08,56,20,scale_free,independent,14,399838912
37,True,-0.4975924329843968,0.16082704700813003,4.556589820487051e-09,3.880694778382862e-09,2.857286087357925e-09,1.5564739919867686e-09,1.6804759729662828e-08,37,20,scale_free,independent,15,937051430
42,True,-0.40239485835919253,-0.49013240749520864,1.1636144625920554e-08,1.3393913821105513e-08,2.8451950646798868e-09,5.2356584966963226e-09,3.40412536525043e-08,42,20,scale_free,independent,16,261236931
42,True,-0.43440191371937764,0.4284669612606788,5.9216660623854666e-09,4.559332486448293e-09,3.67288764576135e-09,3.015685247407916e-09,1.4975121752723686e-08,42,20,scale_free,independent,17,894728581
46,True,-0.38086662606041505,-0.5136209919972556,9.030281961696971e-09,5.014685169491136e-09,5.1691284325764225e-09,7.011070949998659e-09,2.1439242701112446e-08,46,20,scale_free,independent,18,258743305
38,True,-0.47750034233187577,0.14262323063512275,7.995269403153967e-09,4.439930203467436e-09,7.044185173125119e-09,5.3684108355261044e-09,3.046531462760502e-08,38,20,scale_free,independent,19,185974419
37,True,-0.5136744274391881,-0.029980744772036563,4.9407946556381335e-09,3.870594484918002e-09,2.1165757864901633e-09,3.626499775706612e-09,1.5127290572159956e-08,37,20,scale_free,independent,20,260642412
41,True,-0.4510863884139576,-0.06824831703326713,4.824186269557649e-09,1.9818103397008618e-09,5.5702385358262465e-09,2.1895134134552016e-09,1.5798227164243636e-08,41,20,scale_free,independent,21,323265884
42,True,-0.4164754970804281,-1.0168058940155709,7.057790052490148e-09,7.078758090800456e-09,1.4912615720512686e-09,3.9746902508212635e-09,1.732397104667244e-08,42,20,scale_free,independent,22,120609121
51,True,-0.3491254075319521,-0.14930579209386674,1.0183997456231635e-08,3.0556578503348732e-09,1.0996680383585469e-08,3.595807503455938e-09,2.528248962767403e-08,51,20,scale_free,independent,23,587634974
52,True,-0.3456101474241293,-0.061969681238209035,1.04291288038028e-08,4.9179061946455925e-09,5.876554715573294e-09,9.499089432577782e-09,2.7044447882222912e-08,52,20,scale_free,independent,24,333448419
39,True,-0.47040284384865116,-0.3062369229520618,1.8568018804946775e-09,1.4193411262055336e-09,1.4193411262733156e-09,1.4193411203217112e-09,8.434013988245445e-09,39,20,scale_free,cascade,0,718062336
37,True,-0.5055140142227081,-0.4327536472568048,4.144271381013479e-09,2.785027423805533e-09,2.7850274231057174e-09,2.78502741470416e-09,1.3110984248200545e-08,37,20,scale_free,cascade,1,490989649
52,True,-0.3414305264545909,-0.05678918536123411,1.2363040947083929e-08,8.034403287901386e-09,8.034403287901386e-09,8.034403284582469e-09,2.5747486532497948e-08,52,20,scale_free,cascade,2,470994697
42,True,-0.4251016807063518,-0.13945490278541292,6.761068760488718e-09,4.6421867840883036e-09,4.642186783651918e-09,4.642186780366712e-09,2.0421803200558684e-08,42,20,scale_free,cascade,3,156291321
39,True,-0.4645285425343204,0.06061050908888981,4.711104881836221e-09,3.0409131974957514e-09,3.040913196879724e-09,3.0409131903204853e-09,1.180889699740137e-08,39,20,scale_free,cascade,4,712880448
47,True,-0.38031329760638677,-0.49258074658508033,7.038493599731813e-09,5.16530655620467e-09,5.16530655620467e-09,5.165306559195764e-09,1.7869154912033077e-08,47,20,scale_free,cascade,5,104151493
61,True,-0.277611672217092,-0.4975754772109758,2.0780847014391192e-08,1.4191346132366182e-08,1.4191346132366182e-08,1.4191346132917407e-08,3.5407686286513104e-08,61,20,scale_free,cascade,6,721528858
44,True,-0.39049642875012835,-1.1372131612224656,7.817258674881421e-09,5.332593316462655e-09,5.332593316462655e-09,5.332593316923098e-09,1.9118299902157146e-08,44,20,scale_free,cascade,7,999765336
34,True,-0.5294550846780304,-0.4392468348999494,2.3533151173997996e-10,1.6191505482193398e-10,1.6191505930359893e-10,1.6191504624325672e-10,2.0014161791709524e-08,34,20,scale_free,cascade,8,763998160
44,True,-0.42822465060845455,0.17937900702360143,7.555264634091141e-09,5.210884361990698e-09,5.210884361990698e-09,5.210884361867185e-09,2.0858832158792894e-08,44,20,scale_free,cascade,9,455352121
41,True,-0.4301707670303701,-0.9830376649189403,6.482737954232719e-09,4.450390330206737e-09,4.4503903285930245e-09,4.450390326684895e-09,1.9411560512564264e-08,41,20,scale_free,cascade,10,314475678
42,True,-0.40246879540672914,-1.02732204645205,7.209268552527613e-09,5.080979346333445e-09,5.08097934708849e-09,5.080979339950599e-09,2.0049635365101082e-08,42,20,scale_free,cascade,11,872531749
48,True,-0.35170930545699935,-1.29616532554895,7.720740734806793e-09,5.812335049062278e-09,5.812335048036685e-09,5.812335048383786e-09,2.0433786491806865e-08,48,20,scale_free,cascade,12,257191186
35,True,-0.5629088372183328,0.5452851091275052,1.598921410936046e-09,1.2375707806263381e-09,1.2375707769452008e-09,1.237570770830743e-09,8.268164534734652e-09,35,20,scale_free,cascade,13,482376004
45,True,-0.36038240112596154,-1.6238284048618077,8.638962167554592e-09,6.061740911060194e-09,6.0617409143812555e-09,6.061740907478461e-09,2.2203011613256682e-08,45,20,scale_free,cascade,14,770873220
40,True,-0.454570764800404,-0.15352288060201136,1.7713345067446894e-09,1.1776160730137265e-09,1.1776160762852938e-09,1.4073663230457409e-09,1.7973692868709815e-08,40,20,scale_free,heterogeneous_cascade,0,922357638
53,True,-0.2921762377478555,-1.1849263225171798,3.46402910681378e-08,2.531114962185699e-08,2.531114962366975e-08,2.531109234812059e-08,7.810494434155527e-08,53,20,scale_free,heterogeneous_cascade,1,920956053
36,True,-0.5226640372844469,-0.10631141200273149,2.1733510137322496e-09,1.525033557436143e-09,1.5250334024853648e-09,1.476685048819166e-09,7.719355527990939e-09,36,20,scale_free,heterogeneous_cascade,2,87759382
71,True,-0.2350347019452316,-0.5101273629801949,2.906287332139121e-08,2.07660945450886e-08,2.0766094540949124e-08,2.0766094547144293e-08,4.2957403453550235e-08,71,20,scale_free,heterogeneous_cascade,3,898263274
42,True,-0.42144329201232356,-0.5792956608256504,4.99530965164508e-09,3.363956997110255e-09,3.3639570025154582e-09,3.3565014374109606e-09,1.5112654759353837e-08,42,20,scale_free,heterogeneous_cascade,4,114019191
37,True,-0.47004635034666375,-1.395519665326149,2.2681170457210436e-09,1.6252651095845161e-09,1.6252650681610103e-09,1.5994682842868954e-09,9.700693569758466e-09,37,20,scale_free,heterogeneous_cascade,5,584476172
36,True,-0.5444987426973003,0.4392442981808514,1.47802177346237e-09,9.36065995525012e-10,9.36065877074925e-10,9.412768754678338e-10,4.442905093130805e-09,36,20,scale_free,heterogeneous_cascade,6,929632187
39,True,-0.4466503688631398,0.20266076608484043,3.259558146823723e-09,2.4676808985054768e-11,2.467680896273981e-11,3.990406720977986e-09,5.364446455531468e-08,39,20,scale_free,heterogeneous_cascade,7,654806217
36,True,-0.5048867463776787,-0.7225398834751807,4.927033749236312e-10,2.704348011664859e-11,2.7043472338672573e-11,5.526278322930414e-10,1.3232829347476472e-08,36,20,scale_free,heterogeneous_cascade,8,947493044
39,True,-0.4420498437020634,-0.46700890423704466,1.0345756534503448e-08,7.039730885709183e-09,7.039730981694153e-09,6.995970908046617e-09,3.250237100165882e-08,39,20,scale_free,heterogeneous_cascade,9,344334083
34,True,-0.5676878636518814,1.5513781973115266,1.2151797133272805e-09,7.620985132558492e-10,7.620980932385073e-10,8.616083172468639e-10,8.67488647901954e-09,34,20,scale_free,heterogeneous_cascade,10,314717447
64,True,-0.2558379219048267,-0.8994211668133162,2.345692804029523e-08,1.7520636571566512e-08,1.7520636567641603e-08,1.7520636562057416e-08,4.068822620151619e-08,64,20,scale_free,heterogeneous_cascade,11,326215577
37,True,-0.5283806125770454,0.5297781382343079,3.832055187415488e-09,2.7612523265662926e-09,2.7612523237876407e-09,2.779506536595052e-09,1.4611110098009035e-08,37,20,scale_free,heterogeneous_cascade,12,355164886
39,True,-0.4550717104981977,-0.8423258130553455,2.893406090375271e-09,1.875909792290532e-09,1.875909788894841e-09,2.000575249400675e-09,1.2120077400184102e-08,39,20,scale_free,heterogeneous_cascade,13,682805991
54,True,-0.3147719192586809,-0.10846238498810241,1.7680778144316908e-08,1.3903092322167054e-08,1.3903092322324812e-08,1.3903091979456844e-08,3.0327379445663244e-08,54,20,scale_free,heterogeneous_cascade,14,452450234
55,True,-0.2917857519796628,-0.9534495573588562,2.7009716276882782e-08,1.9295986050254212e-08,1.9295986045450006e-08,1.9295979157975658e-08,5.534482841100786e-08,55,20,scale_free,heterogeneous_cascade,15,737429568
48,True,-0.36489249169510724,-0.5969107018048311,8.93925274541565e-09,6.135227517875093e-09,6.135227513263787e-09,6.136953785209871e-09,2.0679980911275004e-08,48,20,scale_free,heterogeneous_cascade,16,416161679
42,True,-0.38966732305160734,-1.7339717335412417,8.58848888014267e-09,6.173122707874895e-09,6.173122711220312e-09,6.1561733894445985e-09,2.3769473614374505e-08,42,20,scale_free,heterogeneous_cascade,17,307725301
42,True,-0.38513281140220423,-1.314415554100421,1.3927649797735464e-08,9.271011507946649e-09,9.27101151153483e-09,9.27097200710093e-09,3.664247350874887e-08,42,20,scale_free,heterogeneous_cascade,18,190045215
43,True,-0.40121042408487645,-0.8864508944484922,7.902126933897353e-09,5.416954700767901e-09,5.416954700871013e-09,5.4163798252956685e-09,2.1977222115294614e-08,43,20,scale_free,heterogeneous_cascade,19,551057496
